{"features":[{"type":"Feature","geometry":{"type":"LineString","coordinates":[[132.603055049,34.468659992],[132.603055,34.46866],[132.601958,34.468849],[132.600903,34.468978],[132.599947,34.469048],[132.599084,34.469048],[132.598057,34.46899],[132.59703,34.468861],[132.596352,34.468738],[132.595611,34.468562],[132.594783,34.468345],[132.593478,34.467912],[132.591445,34.467244],[132.589605,34.466628],[132.588842,34.4664],[132.588036,34.466177],[132.587116,34.465955],[132.586096,34.46575],[132.585055,34.465615],[132.584006,34.465527],[132.582936,34.465474],[132.582209,34.465416],[132.581724,34.465363],[132.581046,34.465257],[132.58049,34.465152],[132.579762,34.464918],[132.578757,34.464554],[132.577858,34.464074],[132.577601,34.463921],[132.576959,34.463476],[132.576175,34.462837],[132.575419,34.46224],[132.574763,34.461701],[132.574335,34.461408],[132.573792,34.461103],[132.573265,34.460851],[132.572673,34.460599],[132.571902,34.460341],[132.570989,34.460125],[132.570504,34.460025],[132.569912,34.459972],[132.569306,34.459943],[132.568572,34.459879],[132.567737,34.459802],[132.566988,34.459703],[132.566425,34.459603],[132.565719,34.45941],[132.564934,34.459134],[132.564499,34.45897],[132.563814,34.458589],[132.563358,34.458291],[132.56293,34.45798],[132.562238,34.457394],[132.561568,34.456679],[132.560947,34.455965],[132.560248,34.455209],[132.559656,34.454529],[132.558873,34.453737],[132.558351,34.453281],[132.557966,34.452953],[132.557459,34.45256],[132.556618,34.451998],[132.55574,34.451476],[132.554827,34.451013],[132.554093,34.450691],[132.553472,34.450463],[132.552802,34.450263],[132.551974,34.450088],[132.551119,34.449953],[132.550256,34.449877],[132.549407,34.449824],[132.548522,34.449818],[132.547517,34.449877],[132.547132,34.449929],[132.546204,34.450058],[132.545377,34.450287],[132.544477,34.450585],[132.54395,34.450773],[132.543408,34.450996],[132.542866,34.451248],[132.542217,34.451553],[132.54119678,34.45218163],[132.54067,34.452537],[132.540056,34.453047],[132.538879,34.454049],[132.537795,34.454998],[132.535891,34.456445],[132.534493,34.457412],[132.533273,34.458162],[132.531939,34.4589],[132.53138,34.459165],[132.530663,34.459504],[132.529236,34.460125],[132.527995,34.460593],[132.526276,34.461162],[132.524664,34.461671],[132.523352,34.462023],[132.522739,34.462199],[132.52214,34.462351],[132.520813,34.462509],[132.519764,34.462586],[132.518837,34.462621],[132.517104,34.462615],[132.516163,34.462521],[132.515535,34.46241],[132.51428,34.462152],[132.513495,34.462023],[132.51276,34.461918],[132.511912,34.461841],[132.510785,34.461818],[132.509565,34.461818],[132.508445,34.461929],[132.50754,34.462052],[132.507076,34.46214],[132.506491,34.462263],[132.505699,34.462457],[132.504901,34.462714],[132.503952,34.463107],[132.503217,34.463406],[132.502468,34.463705],[132.50195675,34.46390555],[132.50127,34.464179],[132.500628,34.464408],[132.499615,34.464759],[132.498931,34.464982],[132.49841,34.465111],[132.497704,34.465193],[132.496613,34.465251],[132.495899,34.465269],[132.494359,34.465322],[132.493218,34.465351],[132.491499,34.465433],[132.489744,34.465503],[132.488582,34.465556],[132.487604,34.46558],[132.486335,34.465615],[132.485158,34.465644],[132.484017,34.465656],[132.482888811,34.465688374],[132.481874734,34.465682483],[132.480860656,34.465653025],[132.479846579,34.465653025],[132.47936902,34.465641242],[132.478455171,34.465611785],[132.47796819,34.46555625],[132.477241,34.465515],[132.475831542,34.465470388],[132.474027428,34.465364341],[132.472594749,34.465287751],[132.470991093,34.465140464],[132.46978835,34.464993176],[132.468715315,34.464881237],[132.468072673,34.464816431],[132.466766754,34.464645577],[132.46597216,34.46448096],[132.465251,34.464378],[132.464224,34.464238],[132.463326,34.464097],[132.462584,34.463968],[132.461357,34.463769],[132.460565,34.463681],[132.459809,34.463628],[132.458568,34.46357],[132.457777,34.463582],[132.456286,34.463617],[132.455787,34.46364],[132.454888,34.463711],[132.453768,34.463857],[132.45272,34.464015],[132.451814,34.464173],[132.450951,34.464337],[132.450231,34.464502],[132.449767,34.46466],[132.449204,34.464853],[132.448711,34.465046],[132.447485,34.465585],[132.445445,34.466529],[132.444275,34.46705],[132.443548,34.467378],[132.442756,34.467683],[132.441772,34.468041],[132.440816,34.468369],[132.439817,34.46865],[132.439068,34.468808],[132.438319,34.468949],[132.437706,34.469007],[132.436608,34.469083],[132.435502,34.469089],[132.434382,34.469072],[132.433641,34.469013],[132.433106,34.468972],[132.432164,34.468832],[132.431315,34.468656],[132.43031,34.468398],[132.429589,34.468181],[132.428726,34.467841],[132.427878,34.46746],[132.427164,34.467109],[132.426337,34.466623],[132.425688,34.466253],[132.425196,34.46589],[132.424639,34.465462],[132.424133,34.465052],[132.423677,34.464636],[132.423213,34.46415],[132.422535,34.463406],[132.421901,34.462714],[132.421259,34.46197],[132.420652,34.461191],[132.420132,34.460447],[132.419611,34.459673],[132.419048,34.458865],[132.418591,34.458203],[132.417971,34.4573],[132.417407,34.456527],[132.416865,34.45573],[132.416409,34.455009],[132.415831,34.45416],[132.415253,34.45334],[132.414718,34.452572],[132.414183,34.45184],[132.413812,34.451301],[132.413299,34.450545],[132.412807,34.449806],[132.412349,34.44916],[132.411801,34.448306],[132.411259,34.447486],[132.410646,34.446601],[132.410089,34.445793],[132.409697,34.445178],[132.409212,34.44451],[132.408592,34.443689],[132.407957,34.44284],[132.407486,34.442195],[132.407079,34.441668],[132.406552,34.441105],[132.406102,34.440648],[132.40600224,34.44055742],[132.405689,34.440273],[132.405197,34.439904],[132.40454,34.439465],[132.403849,34.439037],[132.403092,34.438662],[132.402329,34.438334],[132.4020612,34.43821805],[132.401516,34.437982],[132.400261,34.437467],[132.399605,34.437197],[132.398842,34.436857],[132.398221,34.43657],[132.397429,34.436143],[132.39683,34.435791],[132.39626,34.435381],[132.395777,34.435027],[132.395653,34.434936],[132.395225,34.434572],[132.394862,34.434227],[132.394427,34.433746],[132.394049,34.433301],[132.393613,34.432738],[132.393293,34.432275],[132.393071,34.431859],[132.392537,34.430904],[132.392144,34.430225],[132.391755,34.429561],[132.391415,34.429003],[132.391164,34.428651],[132.390855,34.428093],[132.390547,34.427685],[132.390207,34.427297],[132.389767,34.426899],[132.389251,34.426434],[132.388974,34.426155],[132.388368,34.425703],[132.387598,34.425221],[132.38695,34.424804],[132.385952,34.424214],[132.385383,34.423876],[132.384639,34.423409],[132.384009,34.422956],[132.383423,34.422431],[132.382871,34.421935],[132.382442,34.421511],[132.381681,34.42064],[132.381121,34.42],[132.380666,34.419361],[132.380158,34.418749],[132.379694,34.418268],[132.379108,34.417735],[132.378504,34.417304],[132.377453,34.416606],[132.376464,34.416153],[132.375422,34.415715],[132.374862,34.415557],[132.373742,34.415391],[132.372832,34.415233],[132.37228,34.415075],[132.371431,34.414751],[132.370731,34.414471],[132.370022,34.414169],[132.369453,34.413881],[132.3687,34.413399],[132.368052,34.412961],[132.36758,34.412608],[132.367072,34.412141],[132.366652,34.411767],[132.366083,34.411235],[132.365593,34.410696],[132.365085,34.410257],[132.364332,34.409646],[132.363334,34.409035],[132.36231,34.408481],[132.361277,34.407978],[132.359842,34.407417],[132.358503,34.406957],[132.357479,34.406561],[132.35677,34.406309],[132.356008,34.405971],[132.355054,34.405511],[132.354161,34.405051],[132.35400607,34.40496895],[132.3534,34.404648],[132.352682,34.404253],[132.351728,34.403699],[132.35087,34.403167],[132.349951,34.402556],[132.349102,34.401981],[132.348122,34.401269],[132.347623,34.400888],[132.346957,34.400348],[132.346318,34.399831],[132.345329,34.399018],[132.344358,34.398141],[132.343535,34.397357],[132.342975,34.396839],[132.34245,34.39635],[132.341793,34.395732],[132.340944,34.394876],[132.340016,34.393999],[132.339185,34.393136],[132.338406,34.392302],[132.337417,34.391252],[132.336585,34.390253],[132.335762,34.389253],[132.334948,34.388239],[132.334134,34.387254],[132.33346,34.386399],[132.332742,34.385543],[132.33227,34.384838],[132.331762,34.384076],[132.331106,34.383091],[132.330554,34.382063],[132.330064,34.381006],[132.329679,34.380114],[132.329259,34.379007],[132.328909,34.378093],[132.328558,34.377252],[132.328353,34.376776],[132.328352826,34.376775597]]},"properties":{"任意ID":"1","区分":"第１次緊急輸送道路","枝ID":"1","行政区域":"34100","資料名称":"広島県緊急輸送道路ネットワーク計画","資料年月":"2020 06","路線名称":"山陽自動車道","道路種別":"高速自動車国道"}},{"type":"Feature","geometry":{"type":"LineString","coordinates":[[132.391755,34.429561],[132.39237046,34.42955141],[132.39305383,34.42960394],[132.39381606,34.42968274],[132.39452571,34.42997165],[132.39553763,34.43061514],[132.39714093,34.43162633],[132.39810029,34.43212536],[132.39871795,34.43240114],[132.39916594,34.4326609]]},"properties":{"任意ID":"1","区分":"第１次緊急輸送道路","枝ID":"7","行政区域":"34100","資料名称":"広島県緊急輸送道路ネットワーク計画","資料年月":"2020 06","路線名称":"山陽自動車道","道路種別":"高速自動車国道"}},{"type":"Feature","geometry":{"type":"LineString","coordinates":[[132.494523789,34.601913743],[132.494401,34.601764],[132.493542,34.600845],[132.492691,34.600006],[132.491887,34.599358],[132.491054,34.598746],[132.489989,34.598059],[132.489052,34.597339],[132.488006,34.59645],[132.487377,34.595764],[132.486761,34.594807],[132.48603,34.593436],[132.485665,34.592498],[132.48531,34.591484],[132.485038,34.590592],[132.48484,34.59011],[132.484485,34.589616],[132.484009,34.589117],[132.483195,34.588395],[132.482138,34.587726],[132.481155,34.587287],[132.480246,34.58698],[132.479201,34.586643],[132.478203,34.586294],[132.477171,34.586005],[132.476478,34.585759],[132.475655,34.585344],[132.47472,34.584614],[132.474071,34.584103],[132.473139,34.583438],[132.471986,34.582735],[132.471052,34.582355],[132.469896,34.581939],[132.468796,34.581555],[132.467872,34.58111],[132.466581,34.580388],[132.46528,34.579627],[132.464258,34.578966],[132.463567,34.578617],[132.462904,34.578274],[132.46123,34.577629],[132.460575,34.577329],[132.459985,34.576976],[132.459228,34.576453],[132.458246,34.575648],[132.457738,34.5751],[132.457357,34.574593],[132.457031,34.574075],[132.455682,34.574417],[132.454185,34.57461],[132.453109,34.574617],[132.451173,34.574617],[132.449929,34.574578],[132.44891403,34.57447042],[132.44774,34.574325],[132.446149,34.574033],[132.44439,34.573733],[132.442744,34.573502],[132.440798,34.573149],[132.439414,34.572903],[132.437271,34.572565],[132.434998,34.572165],[132.432921,34.571796],[132.430957,34.571474],[132.428842,34.571097],[132.427186,34.570797],[132.425241,34.570444],[132.423407,34.570144],[132.420928,34.569683],[132.418262,34.569237],[132.415932,34.568838],[132.414333,34.568577],[132.41205,34.568177],[132.409496,34.567762],[132.407556,34.567403],[132.406586,34.567232],[132.403733,34.566755],[132.402059,34.566463],[132.40015,34.566164],[132.397119,34.56568],[132.395819,34.565541],[132.394226,34.565403],[132.393068,34.565365],[132.391871,34.565334],[132.391441,34.565334],[132.390739,34.565395],[132.390562786,34.565405951]]},"properties":{"任意ID":"2","区分":"第１次緊急輸送道路","枝ID":"1","行政区域":"34100","資料名称":"広島県緊急輸送道路ネットワーク計画","資料年月":"2020 06","路線名称":"中国自動車道","道路種別":"高速自動車国道"}},{"type":"Feature","geometry":{"type":"LineString","coordinates":[[132.5362253,34.33874388],[132.53673882,34.33859837],[132.53680083,34.33858083],[132.53702842,34.3384984],[132.53728778,34.3383975],[132.53734488,34.33837167],[132.53771814,34.3381816],[132.53791553,34.3380412],[132.53818155,34.33781833],[132.53862174,34.33735872],[132.53982835,34.33606785],[132.54011883,34.33585707],[132.54043944,34.33563889],[132.54067972,34.33542527],[132.54092917,34.33518472],[132.54112936,34.3349626],[132.54127639,34.33476667],[132.54138778,34.33455277],[132.54152194,34.33422861],[132.54160584,34.33403195],[132.54166667,34.33390445],[132.54171023,34.33381317],[132.54174389,34.3337425],[132.54186847,34.33355574],[132.5419908,34.33339121],[132.54205361,34.33333334],[132.54218762,34.3332156],[132.54291028,34.33264722],[132.5434525,34.33226888],[132.54373306,34.33208639],[132.54407583,34.33188611],[132.54440083,34.33168138],[132.54464146,34.33149411],[132.54474389,34.33139639],[132.54488165,34.33125388],[132.5449931,34.33111132],[132.54508222,34.33096],[132.54533138,34.33047473],[132.54546028,34.33022083],[132.54556727,34.33007379],[132.54573194,34.32988694],[132.54594111,34.3296775],[132.54616,34.32948778],[132.54637694,34.32933972],[132.54662139,34.32920889],[132.54681639,34.32912667],[132.5471325,34.32903973],[132.54765723,34.32895222],[132.54805918,34.3289064],[132.54834909,34.32887335],[132.54877694,34.32883389],[132.54923635,34.32878861],[132.54975953,34.32871802],[132.55052271,34.32861502],[132.55062971,34.32860311],[132.55086936,34.32857644],[132.5511458,34.32854569],[132.552386,34.32840771],[132.55264266,34.32837915],[132.55342986,34.32829899],[132.55379556,34.32826222]]},"properties":{"任意ID":"9","区分":"第１次緊急輸送道路","枝ID":"1","行政区域":"34100","資料名称":"広島県緊急輸送道路ネットワーク計画","資料年月":"2020 06","路線名称":"矢野安浦線（広島熊野道路）","道路種別":"主要地方道（都道府県道）"}},{"type":"Feature","geometry":{"type":"MultiLineString","coordinates":[[[132.500778715,34.356515469],[132.50088391,34.3564732],[132.50093241,34.35645372],[132.50134434,34.35623451],[132.50168309,34.35601611],[132.50188272,34.35587126],[132.502058444,34.35574376]],[[132.519264134,34.356432869],[132.51945741,34.35653342]]]},"properties":{"任意ID":"10","区分":"第１次緊急輸送道路","枝ID":"1","行政区域":"34100","資料名称":"広島県緊急輸送道路ネットワーク計画","資料年月":"2020 06","路線名称":"臨港道路出島海田線（海田大橋）","道路種別":"その他道路"}},{"type":"Feature","geometry":{"type":"MultiLineString","coordinates":[[[132.527914904,34.370180441],[132.5278683,34.37018794],[132.5277397,34.3702058],[132.52756938,34.37020084],[132.5272775,34.37013395],[132.52563574,34.36952812],[132.525,34.36929353],[132.52475267,34.36920226],[132.52461345,34.36915089],[132.523695,34.36881556],[132.5231999,34.36863544],[132.52288859,34.36851874],[132.5219136,34.36815326],[132.52100205,34.36780009],[132.52060352,34.36766713],[132.52042215,34.36760448],[132.5199806,34.36753528],[132.51983415,34.36752459],[132.51963028,34.36750973],[132.51879968,34.36751138],[132.51686611,34.36750862],[132.51673946,34.36750844],[132.51591454,34.36750723],[132.51480333,34.36751723],[132.51456056,34.36755111],[132.51425782,34.36762888],[132.51367583,34.3678313],[132.51273109,34.36830669],[132.51255532,34.36840059],[132.51251786,34.3684206],[132.51227466,34.36854709],[132.51193139,34.36873527],[132.51158254,34.36891265],[132.51146573,34.36896694],[132.51137259,34.36900355],[132.51123889,34.36905611],[132.51081111,34.36915195],[132.51063859,34.36916445],[132.51060016,34.36916727],[132.51041944,34.36918055],[132.51032542,34.36918776],[132.50962247,34.36921778],[132.50956678,34.3692187],[132.50952601,34.36921938],[132.50940468,34.36922139],[132.50837239,34.369258],[132.50807361,34.36926862],[132.50725641,34.36931223],[132.50712569,34.36932658],[132.50707159,34.36933252],[132.50699579,34.36934085],[132.50644404,34.36938388],[132.50605,34.36941778],[132.50498915,34.36951643],[132.50447918,34.36956387],[132.50353529,34.36965164],[132.50157311,34.36982539],[132.50052653,34.36991806],[132.50011435,34.3699522],[132.5000687,34.36995989],[132.49994789,34.36999429],[132.49989135,34.37001063],[132.49974638,34.37005986],[132.49964547,34.37009414],[132.49952113,34.37014373],[132.4993297,34.37028048],[132.49912795,34.37046539],[132.49899788,34.37059008],[132.49894253,34.37064314],[132.49881734,34.37085189],[132.49869681,34.37107995],[132.49863709,34.37122097],[132.49862389,34.37125764],[132.49850325,34.37172923],[132.49840048,34.37214418],[132.49833306,34.3725425],[132.49819027,34.37334805],[132.49807528,34.37418715],[132.49807528,34.37437889],[132.49804392,34.3747981],[132.49797385,34.374964],[132.49792444,34.37508111],[132.4978497,34.37525],[132.49770723,34.37550361],[132.49750152,34.3757082],[132.4970314,34.37601992],[132.49640002,34.37645656],[132.4958151,34.37686049],[132.49569319,34.37694599],[132.49520583,34.37728362],[132.49482814,34.37751457],[132.49447417,34.37770889],[132.4943826,34.37775764],[132.49428492,34.37780095],[132.49420028,34.37782917],[132.49383112,34.37795223],[132.49338714,34.37807418],[132.49295833,34.37818108],[132.49178843,34.37845164],[132.49104789,34.37863099],[132.48988547,34.37890049],[132.48943065,34.37902578],[132.48831667,34.37929419],[132.487119332,34.37959634],[132.486869013,34.379653447],[132.486664379,34.379689615],[132.486580622,34.379694374],[132.486432864,34.379696855],[132.486354787,34.37971508],[132.486201312,34.379703183],[132.485937191,34.379650835],[132.485557667,34.379544949],[132.485156728,34.379420027],[132.483422993,34.378885481],[132.482152361,34.37849287],[132.4815663,34.37830283],[132.481443406,34.378254582],[132.481359649,34.378225077],[132.480946376,34.378092144],[132.480450853,34.377939264],[132.479652992,34.377692087],[132.479184599,34.377569472],[132.478948557,34.377533304],[132.47867825,34.377510461],[132.47842918,34.377503858],[132.478209318,34.377508141],[132.477913789,34.377538836],[132.477586137,34.37760094],[132.477292511,34.377683936],[132.476660765,34.377881431],[132.475971336,34.378105219],[132.475442143,34.37827083],[132.474772087,34.378480222],[132.47417627,34.378666772],[132.47383184,34.37874241],[132.4735149,34.37883408],[132.47298583,34.3790025],[132.47265639,34.37910515],[132.47235586,34.37919877],[132.47173858,34.37939083],[132.4711462,34.37957519],[132.47072076,34.3797077],[132.46938611,34.38012313],[132.46917444,34.38019027],[132.46887806,34.38028349],[132.46791219,34.38059149],[132.46749889,34.38071889],[132.46723168,34.3807959],[132.46641683,34.3810691],[132.46529132,34.38142404],[132.461961864,34.38249217],[132.46176561,34.38254182],[132.46075793,34.38285973],[132.45899654,34.38341292],[132.458138316,34.38368256],[132.45779805,34.38379686],[132.45577139,34.38425973],[132.4554105,34.38434831],[132.45428639,34.3846075],[132.45422249,34.384622],[132.45402752,34.38466783],[132.45379317,34.38472292],[132.45363276,34.38476055],[132.45325593,34.38482054],[132.45297477,34.38485211],[132.45264332,34.384885],[132.45249358,34.38488887],[132.45235694,34.38489968],[132.45190416,34.38493445],[132.44939385,34.385102],[132.44876159,34.38512788],[132.44871495,34.38513275],[132.44816258,34.38519042],[132.44718489,34.38527215],[132.44613414,34.38534811],[132.44600639,34.38534112],[132.44577053,34.38538294],[132.44492389,34.38569333],[132.44477567,34.38574245],[132.44310173,34.38627455],[132.44242926,34.38648672],[132.44166667,34.38673436],[132.44127131,34.38686275],[132.44049465,34.38710838],[132.43958846,34.38736147],[132.43940953,34.38741909],[132.43754529,34.3879513],[132.436081,34.388463],[132.435911,34.388468],[132.435725,34.388438],[132.432024,34.387364],[132.431655,34.387324],[132.43163408,34.38732616],[132.431394,34.387351],[132.428655,34.388515],[132.427826,34.388828],[132.427648215,34.388918168],[132.424969,34.390277],[132.423439,34.391526],[132.42343387,34.39153037],[132.42343226,34.39152905],[132.4233524,34.39146356],[132.42255802,34.39088969],[132.4216937,34.39024259],[132.42161154,34.39019093],[132.421105,34.38980222],[132.42068403,34.38948707],[132.41968863,34.38872764],[132.41897978,34.38800589],[132.41837391,34.38736795],[132.41731682,34.3862774],[132.41666667,34.38560128],[132.41646093,34.38538733],[132.41574028,34.3846375],[132.41563908,34.38452463],[132.41481084,34.38366363],[132.41448425,34.38333333],[132.41423617,34.38308243],[132.41396123,34.38283646],[132.41306439,34.38252496],[132.41177536,34.3820692],[132.41063497,34.38167461],[132.41043014,34.38160671],[132.4090796,34.38113949],[132.40833334,34.38086867],[132.40766722,34.38062695],[132.40671499,34.38029405],[132.40628932,34.3801372],[132.40588534,34.37999141],[132.40570412,34.37990595],[132.40489971,34.37954729],[132.40462977,34.37942112],[132.40435352,34.37928546],[132.4028531,34.37859987],[132.40273054,34.37854291],[132.40191542,34.37818256],[132.40183576,34.37814327],[132.40150735,34.3779951],[132.40147381,34.37797969],[132.40124333,34.37789528],[132.40102609,34.37782221],[132.40051667,34.37771472],[132.3999467,34.37763024],[132.39927417,34.37753473],[132.39887361,34.37748389],[132.398543988,34.377442613],[132.39827425,34.3773967],[132.39708028,34.37724194],[132.39663278,34.37717445],[132.39629306,34.37711805],[132.39596037,34.37703356],[132.39570223,34.37694305],[132.39491694,34.37663103],[132.39429667,34.37636889],[132.39378723,34.37614889],[132.39313556,34.37580555],[132.39258358,34.37548328],[132.39241237,34.37538077],[132.39223745,34.37527603],[132.39209668,34.3751914],[132.39177558,34.375],[132.39166667,34.37493509],[132.39144473,34.37480277],[132.39052084,34.37426777],[132.39028334,34.37413222],[132.38994361,34.37392973],[132.38869446,34.37316362],[132.3873277,34.37232347],[132.38719361,34.37224],[132.38704444,34.37214417],[132.38640645,34.37175604],[132.38572723,34.37133889],[132.38537361,34.371125],[132.3850346,34.37091648],[132.3848619,34.37079936],[132.3844436,34.3705447],[132.384165,34.37042084],[132.38378439,34.37026281],[132.38365584,34.37021222],[132.38328088,34.37010478],[132.38305097,34.37004331],[132.38261694,34.3699475],[132.38170025,34.36975063],[132.3812942,34.36964952],[132.37912593,34.36913072],[132.37888889,34.36906889],[132.3778581,34.36879678],[132.37618769,34.3682874],[132.37584408,34.36818121],[132.37565639,34.36812277],[132.37511334,34.36794834],[132.37402868,34.36759112],[132.37395433,34.36756608],[132.37336427,34.36738472],[132.3725787,34.36714347],[132.37248564,34.36711752],[132.37121972,34.36681969],[132.37079576,34.36671979],[132.36985746,34.3664986],[132.36896216,34.36626207],[132.36731834,34.36583945],[132.36705333,34.36576632],[132.36669725,34.36568146],[132.36646278,34.36562555],[132.36594684,34.36550869],[132.36562751,34.36545639],[132.36530179,34.36542279],[132.36504993,34.36540579],[132.36411799,34.36533861],[132.36346871,34.36531558],[132.36304742,34.3652761],[132.36187944,34.36514663],[132.36130177,34.36506769],[132.36037692,34.36495501],[132.35819901,34.3647075],[132.35697686,34.36457507],[132.3558869,34.36443632],[132.35343402,34.36414607],[132.35199432,34.36397813],[132.3508369,34.36383537],[132.35008216,34.36374179],[132.34979613,34.36370633],[132.34900805,34.36362417],[132.34830806,34.36354695],[132.34773812,34.36346807],[132.3473986,34.3634061],[132.34718333,34.36332305],[132.34703193,34.36324277],[132.34688912,34.36314134],[132.34666667,34.36293667],[132.34643447,34.36269668],[132.346285,34.36246555],[132.34608823,34.36217261],[132.34585428,34.36177833],[132.34558573,34.36120367],[132.34533671,34.36069876],[132.344735278,34.359434723]],[[132.649835828,34.440547225],[132.64981215,34.44052011],[132.64964861,34.44015723],[132.64964194,34.43994889],[132.64970306,34.43978555],[132.64981326,34.43954152],[132.65,34.43920822],[132.65017444,34.4388975],[132.65018584,34.43885583],[132.65049862,34.43825308],[132.65054778,34.43765305],[132.65056559,34.43726963],[132.65062778,34.43638305],[132.65062084,34.43621972],[132.65059361,34.43609555],[132.65055971,34.43600557],[132.65037737,34.43584894],[132.65024944,34.43577083],[132.6499366,34.43555477],[132.64952667,34.43529],[132.64918,34.43511555],[132.64901666,34.43504223],[132.64871746,34.43495776],[132.64853417,34.43492945],[132.648235,34.4349125],[132.64713389,34.43495777],[132.6466783,34.43495777],[132.64618889,34.43492944],[132.64588306,34.43487304],[132.64568778,34.43475862],[132.64543,34.43450083],[132.64529557,34.43438723],[132.64514892,34.43419967],[132.64493984,34.4339657],[132.6448089,34.43391],[132.644503,34.43393252],[132.64405466,34.43398857],[132.64353875,34.43405718],[132.64317083,34.43414083],[132.6427425,34.43427027],[132.64253861,34.43432667],[132.64238889,34.43439445],[132.64231416,34.43444498],[132.64219861,34.43454639],[132.64212389,34.43465334],[132.64205582,34.43476612],[132.64170228,34.43530688],[132.6410497,34.43606753],[132.64079806,34.43626446],[132.64066892,34.43632639],[132.64047861,34.43637722],[132.64016611,34.43638278],[132.6400825,34.43637917],[132.63980588,34.43633779],[132.63954084,34.43628139],[132.63933,34.43619111],[132.63912612,34.43606167],[132.6386775,34.43568973],[132.63824222,34.43530695],[132.6379025,34.43503667],[132.63764416,34.43483362],[132.63740639,34.43468723],[132.63728387,34.43464222],[132.63719554,34.43463083],[132.63698502,34.43463667],[132.63631168,34.43470419],[132.63593821,34.4347436],[132.63558884,34.43478421],[132.63550278,34.43479444],[132.63480169,34.43488455],[132.63417838,34.43496511],[132.63384908,34.43498809],[132.63361699,34.43499472],[132.63337528,34.43498555],[132.63333957,34.43498206],[132.63308974,34.4349575],[132.63289944,34.434935],[132.63274972,34.43489555],[132.63244389,34.43473778],[132.63224,34.43456861],[132.63193417,34.43428695],[132.63149343,34.43380346],[132.63144395,34.43374913],[132.63121374,34.43347],[132.63077167,34.4329747],[132.63045592,34.43265039],[132.6299957,34.43227015],[132.62985402,34.43216321],[132.62941223,34.43180583],[132.62897667,34.43144333],[132.62882861,34.43133306],[132.62847417,34.43110416],[132.62801889,34.43083945],[132.627824,34.43073968],[132.62732528,34.43048445],[132.62694473,34.43030998],[132.62637484,34.43009347],[132.62517056,34.42958889],[132.62490686,34.42948368],[132.62410372,34.42916331],[132.62390745,34.42909174],[132.6236955,34.42901442],[132.62343724,34.42888502],[132.62303618,34.42868198],[132.62273694,34.42849611],[132.62246502,34.42829614],[132.62191389,34.42770111],[132.6217375,34.42745861],[132.62159472,34.42722195],[132.62141111,34.42688945],[132.62114863,34.42625325],[132.62095791,34.42584688],[132.62084713,34.42568406],[132.62073861,34.42554917],[132.62048666,34.42535195],[132.61981392,34.4250139],[132.61961863,34.42495343],[132.61939917,34.42487889],[132.61899834,34.42476639],[132.61863812,34.42461391],[132.61823706,34.42439452],[132.61795166,34.42421973],[132.61731916,34.42386472],[132.61717,34.42376888],[132.61688417,34.42360555],[132.61668052,34.42347053],[132.61653172,34.42338447],[132.61613694,34.42317222],[132.61596327,34.42309731],[132.6158445,34.42303697],[132.61557949,34.42293555],[132.6154556,34.42290513],[132.61492694,34.42276638],[132.61426723,34.42261445],[132.61387974,34.42254695],[132.61367329,34.42253058],[132.61343093,34.4225062],[132.61327004,34.42249601],[132.61268364,34.42248472],[132.6120036,34.42250694],[132.61106311,34.42260417],[132.61061752,34.42263112],[132.60990361,34.42263112],[132.60966251,34.4226153],[132.60955667,34.42260861],[132.60915576,34.42259167],[132.60868672,34.42255779],[132.60833334,34.42254163],[132.60793889,34.42252361],[132.60776884,34.42250694],[132.60734781,34.42247862],[132.60718296,34.42246851],[132.60636197,34.42241696],[132.60574349,34.42233776],[132.60539674,34.42228751],[132.60503575,34.42222499],[132.60479125,34.42218302],[132.60349953,34.42187587],[132.60287527,34.42172945],[132.60282447,34.42172213],[132.60257611,34.4216864],[132.60205282,34.42161112],[132.60082039,34.42148246],[132.60059835,34.42146501],[132.60053001,34.42145361],[132.60026472,34.42143112],[132.60005449,34.42142],[132.60000283,34.42141462],[132.59972802,34.42138611],[132.5991025,34.42134666],[132.59840931,34.42134786],[132.59698922,34.42147605],[132.59657382,34.42152084],[132.59584622,34.42161668],[132.59525508,34.42170138],[132.59487475,34.42174639],[132.59422197,34.42179139],[132.59356971,34.4218025],[132.59336554,34.42179139],[132.59313474,34.42174639],[132.592911,34.42169025],[132.59280891,34.42166556],[132.5926621,34.42159682],[132.59246852,34.4214816],[132.59222389,34.42132389],[132.59212861,34.42122805],[132.59205667,34.42112223],[132.59189278,34.42081723],[132.59166668,34.42038858],[132.59163152,34.42032197],[132.59098307,34.41920833],[132.59086139,34.41903667],[132.59055889,34.41865278],[132.59051,34.41858612],[132.59042834,34.41849027],[132.58982906,34.41772226],[132.58930086,34.41703892],[132.58907834,34.41676695],[132.58901613,34.41668808],[132.58868341,34.41642311],[132.58852056,34.4163161],[132.58830973,34.41618639],[132.58803819,34.41604549],[132.58784833,34.41595555],[132.58752172,34.4157696],[132.58735723,34.41568167],[132.58701306,34.41545388],[132.58681166,34.41529161],[132.58662084,34.41511055],[132.58652773,34.41500507],[132.58645425,34.41490364],[132.5863497,34.41468433],[132.58631262,34.41457467],[132.5862525,34.41435555],[132.58618523,34.41400737],[132.58616444,34.41389945],[132.58608067,34.41368196],[132.58605583,34.41361723],[132.58601473,34.41353334],[132.58591306,34.41338139],[132.58571611,34.41313333],[132.58567556,34.4130939],[132.58549859,34.41287417],[132.58545363,34.41281063],[132.5853162,34.41261685],[132.58505723,34.41219832],[132.58497584,34.41201223],[132.58495556,34.41195],[132.58487376,34.41179225],[132.58473834,34.41149972],[132.58467723,34.41139248],[132.58467,34.41135889],[132.58443972,34.41086305],[132.58435331,34.41069554],[132.58423194,34.41050916],[132.58401861,34.41018167],[132.58397111,34.41013083],[132.58372639,34.40987167],[132.58328293,34.40944468],[132.58321363,34.40937794],[132.58304083,34.40921278],[132.58280695,34.40897441],[132.58262,34.40878445],[132.58247743,34.40863773],[132.58237266,34.40849695],[132.582335,34.40844611],[132.58226694,34.40833334],[132.582165,34.40816445],[132.58209027,34.40796195],[132.58202917,34.40771945],[132.58198861,34.40748278],[132.58196778,34.40725778],[132.58198176,34.40663733],[132.58198585,34.40634249],[132.58203611,34.40609195],[132.58213782,34.40566933],[132.58241639,34.40492555],[132.58249778,34.40468889],[132.58259274,34.4044526],[132.58271528,34.40412583],[132.58276279,34.40399083],[132.58283028,34.4036525],[132.58283389,34.40339164],[132.58283028,34.40315138],[132.58275556,34.40276834],[132.58264,34.40256222],[132.58234834,34.40218805],[132.58227929,34.40210169],[132.58209957,34.40187605],[132.58118454,34.4011247],[132.58088833,34.40087528],[132.57988361,34.40008694],[132.57975021,34.3999859],[132.57941508,34.39973199],[132.57889223,34.39936583],[132.57841694,34.3990503],[132.57767722,34.39854861],[132.57730837,34.39831902],[132.57709597,34.39819546],[132.57688953,34.39807587],[132.57658997,34.39792902],[132.57568778,34.39750667],[132.57554499,34.39743332],[132.57526639,34.39729833],[132.575,34.39717825],[132.57437447,34.39689623],[132.57391017,34.39670473],[132.57289,34.39626695],[132.57187883,34.39581475],[132.57176944,34.39576583],[132.57117889,34.39550695],[132.57100476,34.39542974],[132.57058111,34.39524222],[132.56923215,34.39460915],[132.5680956,34.39407589],[132.56782476,34.39395225],[132.56735027,34.39367679],[132.56699611,34.39338889],[132.56675861,34.39315778],[132.56666667,34.39304667],[132.5663575,34.39267305],[132.56616049,34.39243776],[132.56554647,34.39166667],[132.56540194,34.39148516],[132.56491645,34.39092384],[132.5648124,34.39081578],[132.56430028,34.39028473],[132.56391352,34.38992989],[132.56345138,34.38952389],[132.56277944,34.38880862],[132.56254861,34.38851555],[132.56232444,34.38821139],[132.56206666,34.38774388],[132.56182888,34.38724833],[132.56176373,34.38711496],[132.56129903,34.38619446],[132.56094611,34.38552417],[132.56060637,34.38488219],[132.56021278,34.3841325],[132.56002311,34.38381804],[132.55986656,34.38356902],[132.559702508,34.383358059]]]},"properties":{"任意ID":"11","区分":"第１次緊急輸送道路","枝ID":"1","行政区域":"34100","資料名称":"広島県緊急輸送道路ネットワーク計画","資料年月":"2020 06","路線名称":"一般国道2号","道路種別":"一般国道"}},{"type":"Feature","geometry":{"type":"LineString","coordinates":[[132.335304143,34.371214113],[132.335866,34.371658],[132.336454,34.372019],[132.337006,34.372299],[132.337795,34.372624],[132.339074,34.373094],[132.340911,34.37367],[132.341772,34.374024],[132.342531,34.374404],[132.343232,34.374806],[132.343852,34.375243],[132.344417,34.375721],[132.345008,34.376302],[132.3461,34.377523],[132.349009,34.380591],[132.349749,34.381262],[132.350244,34.381541],[132.350843,34.381854],[132.351276,34.382014],[132.352087,34.382228],[132.352609,34.382279],[132.353061,34.382265],[132.353252,34.382238],[132.353549,34.382197],[132.354027,34.382104],[132.35494874,34.38185104],[132.356472,34.381433],[132.359641,34.380499],[132.36022275,34.38033449],[132.361929,34.379852],[132.362575,34.379643],[132.363335,34.379336],[132.364011,34.379006],[132.365561,34.378054],[132.366638,34.377424],[132.367323,34.377094],[132.368364,34.376717],[132.368887,34.376597],[132.369696,34.376522],[132.370428,34.37653],[132.371782,34.3767],[132.372709,34.376759],[132.373534,34.376769],[132.374129,34.376721],[132.375664,34.376477],[132.378197,34.376093],[132.37904,34.376019],[132.379794,34.376008],[132.380708,34.376067],[132.381418,34.376157],[132.38224,34.376351],[132.383156,34.37667],[132.384989,34.377469],[132.385821,34.377854],[132.38658155,34.3782048],[132.386879,34.378342],[132.388297,34.378988],[132.389225,34.379481],[132.390168,34.380048],[132.390883,34.380519],[132.391555,34.38105],[132.392136,34.381613],[132.392488,34.382101],[132.39307,34.383167],[132.393598,34.384117],[132.394079,34.384705],[132.39451,34.385095],[132.394954748,34.385470531],[132.395704,34.386121],[132.396001,34.386332],[132.396492,34.386621],[132.397137,34.386954],[132.397745,34.387192],[132.398297,34.387353],[132.399487,34.387569],[132.401048,34.387846],[132.402036222,34.387998104],[132.403707,34.388256],[132.40503,34.388596],[132.405565,34.388784],[132.406073,34.389067],[132.407601,34.389941],[132.409612,34.39118],[132.411702,34.39246],[132.413079,34.393237],[132.414524,34.393975],[132.415453,34.394367],[132.416298,34.394596],[132.417016,34.39472],[132.417515,34.394744],[132.418098,34.394715],[132.418782,34.394587],[132.419452,34.394383],[132.420168,34.393979],[132.420901,34.3936],[132.421277,34.39337],[132.42343387,34.39153037]]},"properties":{"任意ID":"13","区分":"第１次緊急輸送道路","枝ID":"1","行政区域":"34100","資料名称":"広島県緊急輸送道路ネットワーク計画","資料年月":"2020 06","路線名称":"一般国道2号（西広島バイパス）","道路種別":"一般国道"}},{"type":"Feature","geometry":{"type":"LineString","coordinates":[[132.563004106,34.38307712],[132.564215,34.384453],[132.564835,34.385119],[132.565423,34.385651],[132.566036,34.386132],[132.566977,34.386763],[132.568162,34.387501],[132.56925,34.388102],[132.571411497,34.389189974],[132.57287973,34.389902396],[132.574222668,34.390452583],[132.57474502,34.390706515],[132.575570901,34.390777052],[132.575846194,34.390942813],[132.575832077,34.391055672],[132.575803841,34.391168531],[132.575781557,34.391223742]]},"properties":{"任意ID":"18","区分":"第１次緊急輸送道路","枝ID":"2","行政区域":"34100","資料名称":"広島県緊急輸送道路ネットワーク計画","資料年月":"2020 06","路線名称":"一般国道2号（東広島バイパス）","道路種別":"一般国道"}},{"type":"Feature","geometry":{"type":"LineString","coordinates":[[132.591737246,34.404819381],[132.591288354,34.404290652],[132.590933965,34.403732549],[132.590674079,34.403321315],[132.590508698,34.403007994],[132.590177935,34.402626134],[132.590036179,34.402371561],[132.589764481,34.401881997],[132.58936284,34.401363059],[132.589079329,34.400951825],[132.58884307,34.400707043],[132.588594997,34.400618922],[132.588382364,34.400648296],[132.588236555,34.400701977]]},"properties":{"任意ID":"18","区分":"第１次緊急輸送道路","枝ID":"3","行政区域":"34100","資料名称":"広島県緊急輸送道路ネットワーク計画","資料年月":"2020 06","路線名称":"一般国道2号（東広島バイパス）","道路種別":"一般国道"}},{"type":"Feature","geometry":{"type":"LineString","coordinates":[[132.607001216,34.419721692],[132.606418337,34.419617252],[132.605992993,34.419506285],[132.605126552,34.419232129],[132.604819359,34.419075469],[132.604740592,34.419010194],[132.604646071,34.418866589],[132.604567311,34.41861528],[132.604460979,34.418419455],[132.604165613,34.418253003],[132.603681213,34.418155091],[132.602972334,34.417900518],[132.601708167,34.417283669],[132.600514888,34.416539533],[132.599498828,34.415677902],[132.599014451,34.415296043],[132.598258349,34.414512741],[132.597490434,34.413641319],[132.596746146,34.412711148],[132.595930974,34.411692856],[132.595422993,34.410987885],[132.594773248,34.410047923],[132.594194386,34.409166708],[132.593308371,34.407727391],[132.592859478,34.406934297],[132.592174326,34.405710387],[132.591737246,34.404819381],[132.591229289,34.403732549],[132.591052103,34.403301732],[132.590756792,34.402626134],[132.590213421,34.401598049],[132.588630557,34.399816035],[132.588004528,34.3994048],[132.587437559,34.399052314],[132.586610728,34.398670453],[132.585748462,34.398259219],[132.58503975,34.397847985],[132.584543652,34.397515081],[132.583893999,34.396956977],[132.582901802,34.395899518],[132.582039576,34.394753936],[132.581283652,34.393725849],[132.580610407,34.392893589],[132.58010252,34.392413816],[132.5795592,34.391982998],[132.578756042,34.391473851],[132.578059184,34.391140947],[132.577232403,34.390837416],[132.576110344,34.390573051],[132.575059152,34.390298895],[132.57401977,34.390044321],[132.572850466,34.389701625],[132.571411497,34.389189974]]},"properties":{"任意ID":"18","区分":"第１次緊急輸送道路","枝ID":"4","行政区域":"34100","資料名称":"広島県緊急輸送道路ネットワーク計画","資料年月":"2020 06","路線名称":"一般国道2号（東広島バイパス）","道路種別":"一般国道"}},{"type":"Feature","geometry":{"type":"LineString","coordinates":[[132.534366121,34.359257782],[132.53438977,34.35909939],[132.53441694,34.35883474],[132.53446473,34.35855305],[132.5344928,34.35833333],[132.534505,34.35823806],[132.53460742,34.35748016],[132.53470757,34.35671441],[132.53482473,34.35601833],[132.53482473,34.35595667],[132.53482417,34.35587111],[132.53482361,34.35578471],[132.53481602,34.35573319],[132.53480725,34.35567369],[132.53479223,34.35562305],[132.53477159,34.35555408],[132.53473722,34.35543917],[132.53469861,34.35536666],[132.5344845,34.35507066],[132.53423654,34.35471734],[132.53405028,34.35446945],[132.53358194,34.35382167],[132.53344453,34.35362438],[132.53333334,34.35348147],[132.53317873,34.35328281],[132.53308172,34.3531581],[132.53288966,34.3530047],[132.53276028,34.35292612],[132.53199168,34.35249359],[132.53136889,34.35214305],[132.53097517,34.35191786],[132.53084559,34.35185558],[132.53062168,34.35172055],[132.53037056,34.35158555],[132.53018694,34.35148972],[132.52999535,34.35137617],[132.52923142,34.3509367],[132.52911442,34.3508694],[132.52897834,34.35079111],[132.52880861,34.35070639],[132.52845584,34.35055973],[132.52821806,34.35048111],[132.52752556,34.35031222],[132.52716571,34.35027804],[132.52637115,34.35021639],[132.52592972,34.35017139],[132.52536395,34.35012272],[132.52502478,34.35009362],[132.52393419,34.35],[132.52345822,34.34995913],[132.52279917,34.34991222],[132.52224943,34.34988389],[132.52207642,34.3498741],[132.52145521,34.34983889],[132.52129194,34.34983305],[132.52104778,34.34980527],[132.52083036,34.34975974],[132.52067567,34.34972071],[132.52065639,34.34971584]]},"properties":{"任意ID":"19","区分":"第１次緊急輸送道路","枝ID":"1","行政区域":"34100","資料名称":"広島県緊急輸送道路ネットワーク計画","資料年月":"2020 06","路線名称":"一般国道31号","道路種別":"一般国道"}},{"type":"Feature","geometry":{"type":"LineString","coordinates":[[132.47751091,34.46279963],[132.47752333,34.46332361],[132.47756417,34.46403555],[132.47757311,34.46417075],[132.47758451,34.46434321],[132.47767248,34.46478849],[132.47777778,34.46510472],[132.47786278,34.46534945],[132.47796819,34.46555625],[132.47809829,34.46581129],[132.47822567,34.46602004],[132.4784375,34.46636723],[132.47865252,34.46668971],[132.47871914,34.46677528],[132.47878992,34.46685745],[132.4788755,34.4669487],[132.47900008,34.46705621],[132.47919111,34.46719667],[132.47996632,34.46775228],[132.48080278,34.46828777],[132.48169806,34.46889278],[132.48216,34.46920862],[132.48259667,34.46953667],[132.48286691,34.46976657],[132.48333518,34.47019199],[132.48382084,34.47067805],[132.4840616,34.47097638],[132.4843797,34.47133378],[132.48476889,34.47175777],[132.48509598,34.47211848],[132.48548292,34.47256285],[132.48586153,34.4729984],[132.48669666,34.47392837],[132.48718066,34.47446589],[132.4876352,34.475],[132.48845374,34.47590346],[132.48860056,34.47605028],[132.48896823,34.47638267],[132.48949834,34.47682473],[132.48977639,34.47704889],[132.49063973,34.477645],[132.49114543,34.47798225],[132.49149806,34.47819515],[132.49178944,34.47837055],[132.49363306,34.47949527],[132.4949891,34.48029108],[132.49621551,34.48099739],[132.49690131,34.48138809],[132.49736253,34.4816508],[132.49747389,34.48172417],[132.49787306,34.48196389],[132.49813765,34.4821083],[132.49857317,34.48235606],[132.49912625,34.48267066],[132.49951478,34.48289169],[132.49973584,34.48303611],[132.5,34.4831885],[132.50041557,34.48343092],[132.50069917,34.4836025],[132.50118611,34.48390417],[132.50148204,34.48413311],[132.50167692,34.48435884],[132.50175473,34.48453166],[132.50179588,34.48465016],[132.50183389,34.48475945],[132.50191306,34.48513527],[132.50192061,34.485234],[132.50193994,34.48548612],[132.50195667,34.48563361],[132.50207808,34.48653131],[132.50216361,34.48721917],[132.50219734,34.48744269],[132.50226365,34.48767083],[132.50229944,34.48777139],[132.50251611,34.48808833],[132.50262694,34.48825083],[132.50345933,34.48928185],[132.50426084,34.49027055],[132.50453499,34.49060883],[132.50469862,34.49084084],[132.50486223,34.49111084],[132.50520119,34.49170938],[132.50550638,34.49248167],[132.5057075,34.49296333],[132.50612028,34.49402167],[132.50625275,34.49436119],[132.50651639,34.49500139],[132.506675,34.49523973],[132.50689223,34.49548834],[132.50702675,34.49560342],[132.50717553,34.4956898],[132.50738184,34.49580955],[132.50764638,34.4959243],[132.50790488,34.4960232],[132.50831631,34.49612328],[132.50952601,34.49636492],[132.5116944,34.49678767],[132.51182713,34.49684455],[132.51194848,34.4969204],[132.51205846,34.49703037],[132.51215706,34.49718586],[132.51222532,34.49735651],[132.51230459,34.49785803],[132.51227084,34.49863139],[132.51229832,34.49950445],[132.51235971,34.49967754],[132.51263834,34.50033195],[132.51276674,34.5007152],[132.51282397,34.50089941],[132.51300472,34.50149833],[132.51312722,34.50186445],[132.51322868,34.50219998],[132.51347417,34.50299083],[132.51358209,34.50336464],[132.51359194,34.50365],[132.51365306,34.50389222],[132.51370723,34.5041514],[132.51370723,34.50448917],[132.513653,34.50479926],[132.51363278,34.50495639],[132.51357139,34.50518195],[132.51346944,34.50552556],[132.51327193,34.50608305],[132.51312917,34.50642695],[132.51299968,34.50665813],[132.51279556,34.50705778],[132.51270275,34.50721165],[132.51265278,34.50730527],[132.51236473,34.50777527],[132.51197908,34.50824624],[132.51180429,34.50843734],[132.51151877,34.50879862],[132.51125778,34.50915833],[132.51114194,34.50934417],[132.51103284,34.5095813],[132.51085639,34.50998083],[132.51074066,34.51025117],[132.51051867,34.51076843],[132.51041427,34.51103971],[132.51027084,34.51142861],[132.51013837,34.51178976],[132.50998556,34.51222861],[132.50987999,34.51255849],[132.50942205,34.51385027],[132.50938667,34.51403149],[132.50938667,34.51429523],[132.50941785,34.5146087],[132.50967223,34.51531527],[132.50982194,34.51570917],[132.51008807,34.51647395],[132.51042745,34.51732043],[132.5105975,34.51770917],[132.51069278,34.51794],[132.51085801,34.51828203],[132.5110806,34.51876786],[132.51127111,34.51918472],[132.51139456,34.51944599],[132.51160188,34.51991255],[132.51175417,34.52023222],[132.51192417,34.52060445],[132.51206,34.52090833],[132.51214427,34.52110006],[132.51216859,34.52115626],[132.51221085,34.52125392],[132.51229834,34.52145445],[132.51261834,34.52232777],[132.51291033,34.52316525],[132.51311538,34.52377026],[132.5131625,34.52391055],[132.51346889,34.52482889],[132.51353286,34.525],[132.51370667,34.525465],[132.51382625,34.52572134],[132.51397007,34.52603762],[132.51440654,34.52699802],[132.51449611,34.52719445],[132.51476112,34.52775222],[132.51499944,34.52821945],[132.51507444,34.52834917],[132.51539389,34.52897445],[132.51555592,34.52923124],[132.51587063,34.52962785],[132.5162792,34.53005227],[132.51702028,34.53086695],[132.51748306,34.53137389],[132.51784705,34.53179758],[132.51801663,34.53199531],[132.51831758,34.53235445],[132.51896936,34.53311032],[132.51916034,34.53333333],[132.51939444,34.53361],[132.5196424,34.53389237],[132.52067455,34.53506745],[132.52083225,34.53524539],[132.52142222,34.53586305],[132.52195972,34.53631972],[132.5230825,34.53718722],[132.52376364,34.53773425],[132.524375,34.53823445],[132.52500121,34.53871342],[132.52519861,34.53887695],[132.52590541,34.53943972],[132.52638944,34.53982861],[132.52685254,34.54018993],[132.52806997,34.54114744],[132.52835556,34.54137223],[132.52870283,34.5416936],[132.52892722,34.54189583],[132.52951221,34.54243668],[132.53027748,34.54313843],[132.53090028,34.54368167],[132.53152584,34.54424473],[132.53179788,34.54449788],[132.5322409,34.54486449],[132.53243797,34.54502772],[132.53255284,34.54510606],[132.53288976,34.5453426],[132.53337557,34.54568361],[132.53434289,34.54637279],[132.53492139,34.54677973],[132.5350575,34.54688111],[132.53564917,34.54729778],[132.53619218,34.5476916],[132.53630917,34.54777667],[132.53663621,34.54800963],[132.53747129,34.54860582],[132.53823549,34.54915125],[132.53880685,34.54955126],[132.53906528,34.54974833],[132.5393375,34.54994527],[132.54012,34.5505475],[132.5404125,34.55075083],[132.54112666,34.55128583],[132.54181285,34.55178186],[132.54216778,34.55204083],[132.54260361,34.5524125],[132.54274748,34.55257707],[132.54288861,34.55273797],[132.54355611,34.55349945],[132.54381472,34.55380362],[132.54407047,34.55409894],[132.54462417,34.55473889],[132.54518889,34.55536972],[132.54563514,34.55586706],[132.54604639,34.55631583],[132.54629139,34.55653],[132.54693644,34.55699613],[132.54746889,34.55753833],[132.54757082,34.55766195],[132.54762537,34.55773418],[132.54793834,34.55814639],[132.54807272,34.55833333],[132.54842834,34.55882806],[132.5486875,34.55917084],[132.54902472,34.55967305],[132.54923183,34.559979643],[132.54977427,34.56075123],[132.55,34.5610768],[132.55024506,34.56143037],[132.5504946,34.5617226],[132.55108206,34.5624276],[132.55163111,34.5629575],[132.55169417,34.56301861],[132.55180721,34.56311778],[132.55257181,34.56379015],[132.5528914,34.56407779],[132.55320898,34.56435231],[132.55363368,34.56472001],[132.55373194,34.56480474],[132.55378304,34.56484917],[132.55391889,34.56492806],[132.55403928,34.56498341],[132.55416389,34.56504083],[132.55458011,34.56519124],[132.5550603,34.56533777],[132.55543632,34.56545166],[132.55564092,34.56550253],[132.55599489,34.56560422],[132.55660693,34.565835],[132.55715966,34.56610163],[132.55756611,34.5663475],[132.55783874,34.5665276],[132.55802867,34.56666667],[132.55813111,34.56674167],[132.55833335,34.56692236],[132.55847806,34.56705167],[132.55902917,34.56762611],[132.55909688,34.56770465],[132.55954814,34.56812303],[132.55966861,34.56822305],[132.55983194,34.56833554],[132.55993435,34.56840383],[132.56164944,34.56926834],[132.56338472,34.57015361],[132.56509917,34.57107139],[132.5656358,34.57134737],[132.5658348,34.57145684],[132.56636385,34.57174943],[132.56675804,34.57200159],[132.56701498,34.57216597],[132.56726439,34.57232552],[132.567264449,34.572325558]]},"properties":{"任意ID":"20","区分":"第１次緊急輸送道路","枝ID":"1","行政区域":"34100","資料名称":"広島県緊急輸送道路ネットワーク計画","資料年月":"2020 06","路線名称":"一般国道54号","道路種別":"一般国道"}},{"type":"Feature","geometry":{"type":"LineString","coordinates":[[132.45767998,34.3951289],[132.45649001,34.39542938],[132.4544749,34.39593813],[132.45282705,34.39634352],[132.45179314,34.39657155],[132.44707557,34.39735916],[132.44741629,34.3984424],[132.44752746,34.3988266],[132.44779688,34.39972254],[132.4478805,34.4],[132.44822273,34.40113568],[132.44860354,34.4023999],[132.44866636,34.40259764],[132.44891611,34.40337583],[132.44913652,34.40391552],[132.44931646,34.40435844],[132.44956663,34.40498087],[132.4496292,34.40520347],[132.44974666,34.40559833],[132.44986688,34.40608454],[132.44997918,34.40665844],[132.45011948,34.40760487],[132.45016401,34.40782083],[132.4502337,34.40833334],[132.45025653,34.40850109],[132.45031389,34.40922612],[132.45137485,34.40927278],[132.45276647,34.40935469],[132.45281646,34.40958548],[132.4529675,34.41017805],[132.45306721,34.41052408],[132.45316575,34.4108589],[132.45321,34.41099667],[132.45328473,34.41125055],[132.45347653,34.41191224],[132.45368512,34.41261191],[132.45382128,34.4130589],[132.45384729,34.41314627],[132.45403139,34.41377945],[132.45414078,34.41414147],[132.45430456,34.41469597],[132.45433151,34.41478318],[132.45439806,34.41499028],[132.45454722,34.41533361],[132.45473249,34.41570044],[132.454866,34.41592576],[132.45489361,34.41597027],[132.45497514,34.41607713],[132.45534696,34.41660064],[132.45543133,34.41671901],[132.45593155,34.41741607],[132.45615725,34.41773416],[132.45688764,34.41873803],[132.45719036,34.41915853],[132.45761161,34.41974125],[132.45772361,34.4199075],[132.45805342,34.42036865],[132.45837402,34.42084988],[132.45852917,34.42107333],[132.45867189,34.42127453],[132.45907301,34.42183948],[132.45940612,34.42232389],[132.45985418,34.42301057],[132.45990166,34.42320804],[132.45992888,34.42339389],[132.45992888,34.42377139],[132.45991922,34.42401035],[132.45991558,34.42410056],[132.45991074,34.42422007],[132.459891619,34.424317613],[132.45957046,34.42679446],[132.45956222,34.426965],[132.4596025,34.42726333],[132.45966388,34.42759],[132.45975861,34.42791111],[132.45985389,34.42815917],[132.46007139,34.42856445],[132.46017844,34.42874839],[132.46180444,34.43044],[132.46288628,34.43157296],[132.46317203,34.4318638],[132.46359222,34.43232722],[132.46436694,34.43322805],[132.4644282,34.43331826],[132.46474778,34.43380277],[132.46489489,34.43403282],[132.46511322,34.43444126],[132.46519639,34.43459695],[132.46526416,34.43471528],[132.46542718,34.43504132],[132.46572639,34.43562222],[132.46615473,34.43647805],[132.46656889,34.43727778],[132.46679406,34.43773642],[132.46693639,34.43799861],[132.46715736,34.43842421],[132.46742509,34.43892797],[132.46806444,34.44020083],[132.46870334,34.4415925],[132.46871872,34.44166666],[132.46873722,34.44175583],[132.46882555,34.44225135],[132.46887977,34.44263443],[132.4689136,34.44285969],[132.46893399,34.44300498],[132.46906302,34.44399486],[132.46918584,34.44487611],[132.4691996,34.44507035],[132.46923964,34.4453001],[132.46929444,34.44561389],[132.46953247,34.44710411],[132.46966139,34.44791195],[132.46979164,34.44898532],[132.46985808,34.44954001],[132.46990602,34.45],[132.46994666,34.45039],[132.46996694,34.45055333],[132.46998155,34.45066449],[132.47001444,34.45097583],[132.47004302,34.45129888],[132.47006916,34.45148805],[132.47009646,34.4517251],[132.47018449,34.45237823],[132.47024556,34.45268806],[132.47033859,34.45310737],[132.47048361,34.45354973],[132.47060556,34.45384278],[132.470735,34.45412417],[132.47091861,34.45445111],[132.47114944,34.45475527],[132.47129917,34.45491861],[132.47153694,34.45521111],[132.47166183,34.45539125],[132.47206696,34.45583667],[132.47249527,34.45636831],[132.47295084,34.45691805],[132.4731475,34.45714889],[132.47333834,34.45739083],[132.47362269,34.45768572],[132.47412732,34.45812414],[132.47434238,34.45830823],[132.47446151,34.45839502],[132.47458091,34.458482],[132.47505423,34.45877457],[132.47552575,34.45903874],[132.47599472,34.45937304],[132.47630778,34.4595825],[132.47656973,34.45981002],[132.47684556,34.46010555],[132.47699286,34.46025148],[132.4771375,34.46050556],[132.4772389,34.46071782],[132.47725334,34.46074805],[132.47727825,34.46080248],[132.47734139,34.46117055],[132.47735492,34.46124319],[132.47740973,34.46154778],[132.47745714,34.46215311],[132.47746666,34.46226846],[132.47751091,34.46279963]]},"properties":{"任意ID":"24","区分":"第１次緊急輸送道路","枝ID":"1","行政区域":"34100","資料名称":"広島県緊急輸送道路ネットワーク計画","資料年月":"2020 06","路線名称":"一般国道183号","道路種別":"一般国道"}},{"type":"Feature","geometry":{"type":"MultiLineString","coordinates":[[[132.389912504,34.562723618],[132.39011778,34.56274167],[132.3904039,34.56272445],[132.39062394,34.56269188],[132.39065591,34.56268508],[132.39083635,34.56264668],[132.39131528,34.56249945],[132.39150523,34.56243011],[132.39177126,34.56232506],[132.39211167,34.56217277],[132.392275,34.56208833],[132.39246532,34.56196997],[132.39270335,34.56177277],[132.39286642,34.56156996],[132.39293473,34.561435],[132.39325416,34.56082639],[132.3935875,34.56015055],[132.3937375,34.55972805],[132.39377834,34.55952555],[132.39377834,34.55877083],[132.39377834,34.55835974],[132.39377756,34.55833335],[132.39376472,34.55790333],[132.39376472,34.55726667],[132.3937917,34.55698555],[132.39392778,34.55605611],[132.39407115,34.55544175],[132.39413223,34.55523945],[132.3942275,34.55498639],[132.39430222,34.55482861],[132.39445889,34.55452445],[132.39558138,34.5523725],[132.39596917,34.551635],[132.39603028,34.55146583],[132.39602389,34.55128583],[132.39590139,34.55087445],[132.39569028,34.55028087],[132.39559067,34.55],[132.39552722,34.54982111],[132.39545222,34.54969194],[132.39538387,34.5496186],[132.3953025,34.54956195],[132.395105,34.54947194],[132.3947175,34.54935361],[132.39442472,34.54924695],[132.3940712,34.54908365],[132.39392778,34.54900445],[132.3938125,34.54890861],[132.39378444,34.54884334],[132.39377389,34.54875234],[132.39377834,34.54863305],[132.39396889,34.54797389],[132.39408472,34.54760222],[132.3941525,34.54735444],[132.3942275,34.54714611],[132.39446528,34.5463575],[132.3947158,34.54546008],[132.39477167,34.54532139],[132.3948328,34.54522554],[132.39501007,34.54508469],[132.39518667,34.54497166],[132.3953161,34.54490417],[132.3958125,34.54492667],[132.39626166,34.54496639],[132.39643891,34.54500002],[132.3966225,34.54505667],[132.39694215,34.54518052],[132.39737722,34.5453775],[132.39768362,34.54554666],[132.39798293,34.54572131],[132.39832321,34.54594075],[132.39868361,34.54614917],[132.39930326,34.54648734],[132.39974528,34.5467125],[132.4,34.54682378],[132.40010584,34.54687],[132.40036444,34.54696583],[132.40075861,34.54708972],[132.40128278,34.54721945],[132.40149836,34.54726945],[132.40198324,34.54733952],[132.40233086,34.54736556],[132.40292917,34.54736028],[132.40311935,34.54734305],[132.40364466,34.54728776],[132.40392064,34.54725985],[132.40409845,34.54724018],[132.40435139,34.54721361],[132.40441916,34.54717973],[132.40456922,34.54708969],[132.40491586,34.54681384],[132.40518143,34.54652078],[132.40538556,34.54621667],[132.40550802,34.54596925],[132.40557584,34.54576055],[132.40559639,34.5456875],[132.40563056,34.54542248],[132.40561667,34.54507917],[132.4055625,34.54480834],[132.40550803,34.54463408],[132.40539917,34.54439779],[132.40533806,34.54430195],[132.40517444,34.54412167],[132.40490249,34.54385695],[132.40470933,34.54366294],[132.40408556,34.54304027],[132.40389983,34.54286598],[132.40346029,34.54245445],[132.40285438,34.54189134],[132.40266351,34.54166878],[132.40252114,34.54150283],[132.40236444,34.54124361],[132.40228973,34.54101805],[132.40220111,34.54052805],[132.40216056,34.54020723],[132.40217417,34.53995945],[132.40221475,34.53977879],[132.40234444,34.53943],[132.40241222,34.53928333],[132.40250084,34.53915972],[132.40271167,34.53892305],[132.40301806,34.53859639],[132.40333778,34.53823583],[132.40357584,34.53792055],[132.40377334,34.53764417],[132.40395028,34.53735723],[132.40419472,34.53679945],[132.40444694,34.53628167],[132.40456944,34.53606195],[132.40478028,34.53575778],[132.40519528,34.53525082],[132.40539944,34.53505361],[132.40548778,34.53497446],[132.40616797,34.5345356],[132.40626306,34.53448473],[132.40632417,34.53444555],[132.40672583,34.53426527],[132.40738656,34.53401695],[132.40791667,34.53384278],[132.4081692,34.53375299],[132.40883528,34.53351611],[132.40908018,34.53346551],[132.40934528,34.53341474],[132.40966501,34.53336389],[132.40976716,34.53334724],[132.40987318,34.53333334],[132.41015496,34.5332964],[132.41029776,34.53326805],[132.41046779,34.53331306],[132.41052398,34.53333333],[132.4111075,34.53354389],[132.41144768,34.53369634],[132.41237953,34.53417518],[132.41278778,34.53440055],[132.41324361,34.53468222],[132.41406,34.53522833],[132.41455667,34.53552667],[132.41499222,34.53579695],[132.41524362,34.5359436],[132.4156249,34.53619708],[132.41607417,34.53651778],[132.41667996,34.53699738],[132.41714211,34.53739123],[132.41747556,34.53765027],[132.41757723,34.53771778],[132.41836694,34.53819083],[132.41917639,34.53865835],[132.41957778,34.53891167],[132.4199725,34.53914833],[132.42067283,34.53948627],[132.42130584,34.53977333],[132.42203385,34.54022998],[132.42321143,34.54097088],[132.42431158,34.54166666],[132.42445817,34.54175938],[132.42475586,34.54194832],[132.425,34.54210077],[132.42517,34.54220695],[132.42568056,34.54253888],[132.42624556,34.54293084],[132.42752417,34.5438175],[132.42768722,34.54387361],[132.42806438,34.54395702],[132.42878246,34.54411598],[132.42937707,34.54424168],[132.43000778,34.54436027],[132.43032698,34.54442028],[132.43066056,34.54445945],[132.4313275,34.54448777],[132.43180061,34.54451684],[132.43231528,34.54471445],[132.43241585,34.54475834],[132.43270167,34.54489917],[132.43283081,34.54500608],[132.43317111,34.54531028],[132.43333334,34.54546195],[132.43364927,34.54575732],[132.43396028,34.54604833],[132.43451142,34.54654365],[132.43462035,34.54661698],[132.43488556,34.54675778],[132.43570435,34.54710228],[132.43574307,34.54711891],[132.43602861,34.54724222],[132.4364025,34.54738305],[132.43655815,34.54742827],[132.43686528,34.54751805],[132.4373424,34.54764233],[132.43749139,34.54768139],[132.43792,34.54778833],[132.43832147,34.54789559],[132.43924319,34.54823617],[132.43956667,34.54835167],[132.43975694,34.54843055],[132.44010449,34.54856038],[132.44144444,34.54906167],[132.44166667,34.54914461],[132.44242442,34.54942748],[132.44281223,34.54957417],[132.44317911,34.54972636],[132.44327193,34.54977534],[132.44352636,34.54996831],[132.44392668,34.55029974],[132.44415917,34.55049195],[132.44458784,34.5508581],[132.44501639,34.55124111],[132.44513194,34.55133695],[132.44551306,34.55169195],[132.44605696,34.55216473],[132.44627499,34.55230028],[132.446275,34.55216274],[132.446275,34.55207472],[132.44631556,34.55157889],[132.44641109,34.55103292],[132.44645861,34.55085805],[132.44655389,34.55061028],[132.44664916,34.55039667],[132.44677806,34.55018806],[132.44693092,34.55],[132.44704417,34.54986067],[132.44711174,34.54978317],[132.44747917,34.54937668],[132.44759499,34.54923585],[132.44777167,34.54902224],[132.44785361,34.54887555],[132.44793528,34.5486275],[132.44798278,34.54834583],[132.44798944,34.54806416],[132.44796917,34.54795167],[132.44791444,34.547755],[132.44790111,34.54768167],[132.44782667,34.54741695],[132.44778556,34.54716361],[132.4477514,34.54664054],[132.44786722,34.54612695],[132.44793564,34.54597485],[132.44802389,34.54581167],[132.44822806,34.54554112],[132.44829583,34.54546778],[132.44860909,34.54510231],[132.44886722,34.54485445],[132.44908183,34.54469054],[132.44922607,34.54458424],[132.44946611,34.54443722],[132.44973768,34.54432903],[132.45001694,34.54421778],[132.45016,34.54417278],[132.45042262,34.5441376],[132.45090385,34.54409588],[132.45112084,34.54407073],[132.45141178,34.54404128],[132.45168889,34.54401315],[132.45232682,34.54394204],[132.45286857,34.54388514],[132.45361689,34.54380652],[132.45412111,34.54373689],[132.45444723,34.54369339],[132.45466093,34.54364856],[132.45490303,34.54356786],[132.45533044,34.54338106],[132.45714769,34.54244703],[132.45773052,34.54219148],[132.45863167,34.54197478],[132.45927129,34.54190903],[132.45945511,34.541918],[132.45994042,34.54195467],[132.46052716,34.54204982],[132.46114703,34.54210941],[132.46128739,34.54211339],[132.46145436,34.54211808],[132.46156806,34.54211447],[132.46165875,34.54210658],[132.46181738,34.5420862],[132.46193655,34.54206775],[132.46215456,34.5420267],[132.46262549,34.54192729],[132.46282881,34.5418912],[132.46353243,34.54185474],[132.46410028,34.54181953],[132.46431441,34.54177589],[132.46455666,34.54168361],[132.46491267,34.54150174],[132.46526229,34.5412457],[132.46552278,34.54105277],[132.46610143,34.54060775],[132.46640207,34.54036432],[132.46653692,34.54025836],[132.46678603,34.5400616],[132.46786334,34.53918805],[132.46861139,34.53865305],[132.46922442,34.53822406],[132.46982417,34.53781155],[132.47011528,34.53758889],[132.47029251,34.53741416],[132.47045475,34.53724031],[132.47051667,34.53717222],[132.4707075,34.53692417],[132.47104054,34.53642833],[132.47126528,34.53616917],[132.47153332,34.53594718],[132.47162657,34.53587696],[132.47181613,34.53580361],[132.4722175,34.53569667],[132.47263964,34.53559524],[132.47281611,34.53555584],[132.47300693,34.535505],[132.47329944,34.53544278],[132.47340137,34.535415],[132.47355125,34.53538692],[132.4738847,34.5353303],[132.47398636,34.53531917],[132.4741225,34.53529666],[132.47452414,34.53530194],[132.47475499,34.53534165],[132.47489111,34.5353925],[132.47504921,34.53547555],[132.47567363,34.53580361],[132.47598694,34.53593861],[132.47622474,34.53601195],[132.476395,34.53603445],[132.47666722,34.53602333],[132.47690528,34.53596111],[132.47717731,34.53584859],[132.47747666,34.53569667],[132.47760086,34.53562283],[132.47778007,34.53551422],[132.47785778,34.53546527],[132.47808218,34.53531332],[132.47840019,34.53509936],[132.47877618,34.53483487],[132.4796549,34.53417555],[132.48021167,34.53374777],[132.48057917,34.53341555],[132.48065478,34.53333333],[132.4808175,34.53315638],[132.48108278,34.53284138],[132.48124611,34.53268916],[132.48140225,34.53259194],[132.48162667,34.5324525],[132.48168853,34.53240171],[132.4823075,34.53202417],[132.48262694,34.53183833],[132.48300139,34.5316525],[132.48323917,34.53157916],[132.48333333,34.53155995],[132.48340247,34.53154584],[132.4837217,34.53150726],[132.48384872,34.53148417],[132.48417123,34.53145002],[132.48444361,34.5314275],[132.48455916,34.53141583],[132.48468168,34.53141055],[132.48481778,34.53137083],[132.48507376,34.53124484],[132.48550707,34.5309578],[132.48563122,34.53086697],[132.48575692,34.53077132],[132.4858725,34.53068945],[132.48612113,34.53049472],[132.48659361,34.53016583],[132.486811,34.53004756],[132.48720584,34.52987861],[132.48807694,34.52957445],[132.48823332,34.52950724],[132.48826725,34.52949875],[132.48866507,34.52933894],[132.48968917,34.52880305],[132.4899212,34.52867995],[132.49111806,34.52803695],[132.49166667,34.52774081],[132.49221155,34.52744151],[132.49252299,34.52727306],[132.49336204,34.52681038],[132.49364772,34.52667282],[132.49402306,34.52649222],[132.49434528,34.52633736],[132.4944387,34.52629098],[132.49473779,34.52620111],[132.4949417,34.52613361],[132.4959278,34.52585194],[132.49634995,34.52575031],[132.49667639,34.52565445],[132.49747278,34.52541917],[132.49800306,34.52525083],[132.49823435,34.52518288],[132.49841186,34.52513765],[132.49903707,34.52496513],[132.4993978,34.5248622],[132.5,34.524674],[132.50015778,34.52462624],[132.50083506,34.52442818],[132.50124224,34.52431027],[132.50158221,34.52421973],[132.50174571,34.52416932],[132.5021713,34.52404234],[132.50222585,34.52403348],[132.50246674,34.52396638],[132.50302473,34.52380305],[132.50365056,34.52362862],[132.5049025,34.52327973],[132.50509891,34.52322902],[132.50586834,34.52300333],[132.50603889,34.52294722],[132.50625054,34.52288467],[132.50637889,34.52284583],[132.50683472,34.522705],[132.50690944,34.52268806],[132.50731084,34.52255833],[132.50766386,34.52244644],[132.50833333,34.5222625],[132.50901938,34.52207431],[132.50952601,34.5219268],[132.51021282,34.52172684],[132.51044778,34.5216575],[132.51108056,34.52148278],[132.51144792,34.52137402],[132.5120192,34.5212236],[132.51216859,34.52115626]],[[132.343743603,34.551933896],[132.34374686,34.55193275],[132.3440306,34.55183332],[132.344405,34.55174333],[132.34469056,34.55168723],[132.34481999,34.55167584],[132.34500361,34.55167584],[132.34548069,34.55170421],[132.34587439,34.55172667],[132.34705138,34.55175776],[132.34714692,34.55176028],[132.34752088,34.55179973],[132.34782694,34.55187305],[132.34803111,34.55195196],[132.3488136,34.55234612],[132.34888167,34.55239111],[132.34912637,34.55251528],[132.34931708,34.55262229],[132.34991343,34.55292516],[132.35015045,34.55304487],[132.35047361,34.55320805],[132.350705,34.553315],[132.35097029,34.55342752],[132.35114734,34.55347281],[132.35168413,34.55359203],[132.35187726,34.55363321],[132.35250084,34.55376],[132.35294306,34.55385],[132.35346029,34.55392888],[132.353519994,34.553927499]],[[132.359204996,34.554346102],[132.35920768,34.55438285],[132.35925,34.55495972],[132.35929085,34.55548371],[132.359325,34.55590556],[132.35936556,34.55626611],[132.35937911,34.55641761],[132.35943348,34.55711511],[132.35948806,34.557905],[132.35952889,34.55830473],[132.35953108,34.55833333],[132.35955611,34.55865973],[132.35956306,34.55876667],[132.359593331,34.558963332]]]},"properties":{"任意ID":"28","区分":"第１次緊急輸送道路","枝ID":"1","行政区域":"34100","資料名称":"広島県緊急輸送道路ネットワーク計画","資料年月":"2020 06","路線名称":"一般国道191号","道路種別":"一般国道"}},{"type":"Feature","geometry":{"type":"LineString","coordinates":[[132.44627499,34.55230028],[132.44634944,34.5530997],[132.44643845,34.55372822],[132.4465175,34.55428555],[132.44694862,34.55709255],[132.44715106,34.55790958],[132.44722885,34.55817214],[132.44735707,34.55840775],[132.447406,34.55850481],[132.44758078,34.55878514],[132.44779061,34.55913686],[132.44829528,34.55998278],[132.448445,34.56026445],[132.44851334,34.56045027],[132.44869677,34.56108149],[132.44898874,34.56222944],[132.4492886,34.56337909],[132.44933611,34.56359861],[132.44943111,34.56424055],[132.4494925,34.564815],[132.44949901,34.56503638],[132.44951443,34.56554305],[132.44956342,34.56635202],[132.44939311,34.56666667],[132.44928111,34.56687361],[132.44917972,34.56731028],[132.4491186,34.56803711],[132.44909111,34.56825639],[132.44896861,34.56882554],[132.44892115,34.56903925],[132.44888722,34.56926473],[132.44887361,34.56932083],[132.44881222,34.56983361],[132.44872834,34.57042663],[132.44867134,34.57079042],[132.44859469,34.57123631],[132.44857389,34.57142195],[132.44856694,34.57188916],[132.44858216,34.57208421],[132.44862167,34.57268337],[132.44864194,34.57290333],[132.44867584,34.57338167],[132.4487447,34.57393124],[132.4488174,34.57419707],[132.44891403,34.57447042],[132.44896507,34.5746148],[132.44900973,34.57474115],[132.44910444,34.57487445],[132.44922541,34.57500202],[132.44941778,34.57515055],[132.44998917,34.57546026],[132.45095528,34.57595027],[132.45123416,34.57610805],[132.45175083,34.57635028],[132.45213913,34.57650804],[132.45301474,34.57674611],[132.45328889,34.57685722],[132.45338416,34.57691888],[132.45358167,34.57709389],[132.45390806,34.57744305],[132.45416666,34.57779195],[132.45443138,34.57818611],[132.45469037,34.5785804],[132.45480599,34.5787326],[132.45502809,34.57899723],[132.45573139,34.57942],[132.45595334,34.579555],[132.45622334,34.57987111],[132.45631045,34.58025216],[132.45634389,34.58045583],[132.45635028,34.58069226],[132.45633667,34.58110917],[132.45629611,34.58148667],[132.456235,34.58212333],[132.45625306,34.58258723],[132.45644556,34.58299667],[132.45662273,34.58317052],[132.45685367,34.58332309],[132.45691405,34.58335294],[132.45704245,34.58341643],[132.45748028,34.58342889],[132.45771111,34.58343555],[132.45784723,34.58342444],[132.45838315,34.58342989],[132.45856674,34.58343174],[132.45981357,34.58353138],[132.46017382,34.58355943],[132.46085477,34.58362723],[132.46141961,34.5836707],[132.46199711,34.58376803],[132.46250749,34.58386945],[132.46356917,34.58412277],[132.46385472,34.58425223],[132.46435834,34.58454528],[132.46466446,34.58474789],[132.46497084,34.58492805],[132.46537916,34.58511388],[132.46548994,34.58513989],[132.46554916,34.58515361],[132.46654223,34.58527194],[132.46666667,34.5853085],[132.46675306,34.58533389],[132.46696416,34.58543528],[132.46713444,34.58557055],[132.46737222,34.58588555],[132.46749473,34.58601555],[132.46768556,34.58617305],[132.46816835,34.58648307],[132.46827394,34.58655642],[132.46849225,34.58667416],[132.46888056,34.58680361],[132.47021984,34.58722323],[132.470604,34.58735033],[132.47110777,34.58753611],[132.47165194,34.58777805],[132.47186616,34.58790832],[132.47248361,34.58829611],[132.47296028,34.58856695],[132.47306917,34.58863445],[132.47329417,34.58874111],[132.47339639,34.58879195],[132.47353251,34.58884277],[132.473655,34.58887083],[132.4739275,34.58887667],[132.47434997,34.58882028],[132.47463556,34.58881445],[132.47473139,34.58882583],[132.47489444,34.58886527],[132.475058,34.58892692],[132.47531764,34.58904769],[132.47581421,34.58936114],[132.47598416,34.58943389],[132.47612052,34.58946223],[132.47630443,34.58948472],[132.47696121,34.5895598],[132.47778253,34.58965333],[132.47792567,34.58967803],[132.47907639,34.58980555],[132.47916497,34.5898225],[132.47955334,34.58986166],[132.47958029,34.58987334],[132.47996886,34.5899125],[132.48027149,34.58996509],[132.48064713,34.59011352],[132.48088843,34.59028424],[132.481365,34.59067833],[132.4825167,34.59166666],[132.48300612,34.59208667],[132.48333334,34.59236292],[132.48365473,34.59263424],[132.48428694,34.59317361],[132.48440944,34.59332555],[132.48445723,34.59341555],[132.48444977,34.59362496],[132.48440944,34.59370889],[132.48430723,34.59382139],[132.48419139,34.59388889],[132.48397362,34.59389472],[132.48371627,34.59383316],[132.48339455,34.59375385],[132.48272,34.59354555],[132.48223639,34.59340473],[132.48188973,34.59330889],[132.48169889,34.59326944],[132.48142473,34.59328084],[132.48127834,34.59333611],[132.48118778,34.59347223],[132.4811675,34.59359612],[132.48117417,34.59371443],[132.48118778,34.59383805],[132.48128334,34.59394527],[132.4814125,34.59403555],[132.48161,34.59408612],[132.48179387,34.59408612],[132.48186251,34.59408055],[132.48210056,34.59402973],[132.48245472,34.59392805],[132.48264501,34.59392278],[132.48287727,34.59403151],[132.48363964,34.59482378],[132.48403472,34.5953025],[132.48430723,34.59552195],[132.48489392,34.59592252],[132.48528111,34.59617528],[132.48617361,34.59674444],[132.48638473,34.59691333],[132.48673067,34.59732662],[132.48717472,34.59785917],[132.48730444,34.59798333],[132.48752889,34.59807333],[132.48770592,34.59810724],[132.48840062,34.59821418],[132.48927221,34.59834917],[132.48939472,34.59838333],[132.48959944,34.59848473],[132.48974223,34.59856332],[132.48981721,34.598625],[132.48998083,34.59873806],[132.49093494,34.59952124],[132.49116591,34.59971258],[132.49164734,34.6000999],[132.49213229,34.60049006],[132.49220774,34.60053134],[132.49229667,34.60061305],[132.49282778,34.60103555],[132.49348786,34.60148625],[132.493795,34.60171139],[132.49405334,34.60191445],[132.49412166,34.60198774],[132.49414889,34.602035]]},"properties":{"任意ID":"29","区分":"第１次緊急輸送道路","枝ID":"1","行政区域":"34100","資料名称":"広島県緊急輸送道路ネットワーク計画","資料年月":"2020 06","路線名称":"一般国道261号","道路種別":"一般国道"}},{"type":"Feature","geometry":{"type":"LineString","coordinates":[[132.30758083,34.43066139],[132.3073975,34.43093167],[132.30721847,34.43127145],[132.30716639,34.43141055],[132.30713917,34.43153443],[132.30714584,34.43182722],[132.30719363,34.4320075],[132.30757417,34.43295945],[132.30764886,34.43326351],[132.3076577,34.43330013],[132.30766433,34.43332778],[132.30770167,34.43348384],[132.30774417,34.43388277],[132.30773723,34.43418694],[132.30771694,34.43438973],[132.30768278,34.4345025],[132.30756057,34.43471639],[132.307445,34.43484611],[132.30723449,34.4350036],[132.30707334,34.43507611],[132.306962,34.43511794],[132.30672118,34.43519177],[132.30612611,34.43532611],[132.30597278,34.43536611],[132.30587527,34.43541723],[132.3058275,34.43547111],[132.30578667,34.43560083],[132.30578667,34.43601167],[132.30581389,34.43623694],[132.30582056,34.43642278],[132.30577972,34.43654667],[132.30565056,34.43669889],[132.30552834,34.43676638],[132.30524278,34.43676638],[132.30498944,34.43671139],[132.3048825,34.4366425],[132.30478056,34.43647917],[132.30458361,34.43609612],[132.30450198,34.43597225],[132.30437278,34.43585389],[132.30420973,34.435775],[132.30407391,34.43574139],[132.30391778,34.43572443],[132.30376834,34.43575833],[132.303605,34.43587639],[132.30351671,34.43596662],[132.303245,34.43639472],[132.30308861,34.43662556],[132.30298666,34.43672139],[132.30273502,34.43690162],[132.30258551,34.43704809],[132.30251749,34.43713808],[132.30248361,34.43730166],[132.30242917,34.43745889],[132.30230277,34.43756361],[132.30218362,34.43759167],[132.30202724,34.43759611],[132.30193306,34.43756612],[132.30170889,34.43739139],[132.30143694,34.43719417],[132.30130778,34.43709278],[132.30108106,34.43694083],[132.30098201,34.43692516],[132.30085721,34.43695202],[132.30069334,34.43702445],[132.300465,34.4372],[132.30030861,34.43729555],[132.30008444,34.43738583],[132.3,34.43739923],[132.29990749,34.43741389],[132.29968332,34.43742528],[132.29947425,34.43740844],[132.29928221,34.43736889],[132.29907194,34.43732389],[132.29887473,34.43726195],[132.29868444,34.43720555],[132.29824499,34.43704525],[132.29815056,34.43702737],[132.29804192,34.4370348],[132.29784236,34.43706906],[132.29747532,34.43716782],[132.29706693,34.43730696],[132.29676777,34.43736889],[132.29651637,34.43738],[132.29600666,34.43731248],[132.29576863,34.43731805],[132.2954492,34.43739139],[132.29521396,34.43747861],[132.29505677,34.43757736],[132.29490587,34.43767859],[132.29470194,34.43785861],[132.29457278,34.43801055],[132.29442302,34.43821923],[132.29433499,34.43838335],[132.29423819,34.43853133],[132.29373598,34.43930161],[132.29362786,34.43946417],[132.29344028,34.43972639],[132.2933425,34.43984139],[132.29317261,34.43999851],[132.29297556,34.44016195],[132.29282833,34.44026527],[132.29268694,34.44036166],[132.29235056,34.44054305],[132.29222751,34.44059929],[132.29206835,34.44067223],[132.29134303,34.44100737],[132.29127954,34.4410714],[132.29122222,34.44118117],[132.29121221,34.44139006],[132.29132617,34.44166667],[132.2914325,34.44187973],[132.29146666,34.44199223],[132.29149946,34.44228378],[132.29150722,34.44261195],[132.29148694,34.44307389],[132.29144611,34.44321473],[132.29125525,34.44352491],[132.29062001,34.44428231],[132.2905625,34.44435195],[132.29041306,34.44458861],[132.28980932,34.445703],[132.28974688,34.44583345],[132.28967223,34.44595444],[132.28960417,34.4460475],[132.28932545,34.4464925],[132.2892644,34.44664428],[132.28912889,34.44703583],[132.28907194,34.44726528],[132.28901304,34.44768649],[132.289015,34.44838468],[132.2890142,34.44880997],[132.28901306,34.44952778],[132.28900388,34.4497688],[132.28898661,34.45],[132.28897222,34.4501925],[132.28891779,34.45053611],[132.2888975,34.450615],[132.28875473,34.45090195],[132.28863223,34.45104277],[132.2882925,34.45133],[132.28753806,34.45199472],[132.2872837,34.45225948],[132.28719139,34.45238333],[132.287004,34.45271793],[132.28686443,34.45296405],[132.28652138,34.45355445],[132.28642532,34.45370523],[132.28613778,34.45403888],[132.28540389,34.45486111],[132.28513194,34.45518611],[132.28483278,34.45553695],[132.28469611,34.4557125],[132.28458836,34.4559141],[132.28453389,34.45607195],[132.28447944,34.45636473],[132.28442805,34.4567078],[132.28439778,34.45680945],[132.284325,34.45703345],[132.28418043,34.45733145],[132.28401495,34.45762421],[132.28371532,34.45826167],[132.283683,34.45833333],[132.28333333,34.45910858],[132.28326271,34.45926517],[132.28318139,34.45941721],[132.28310641,34.45952971],[132.28286861,34.45980027],[132.28273936,34.45999735],[132.28266982,34.46012313],[132.28265778,34.46026194],[132.28267137,34.46039155],[132.28271916,34.46061111],[132.28273278,34.46070669],[132.28270556,34.46081945],[132.28240639,34.46127555],[132.28202171,34.46183121],[132.28190639,34.4620225],[132.28186944,34.46209223],[132.28185584,34.46217695],[132.28184222,34.46249195],[132.28184917,34.4628075],[132.28183722,34.4632554],[132.28183611,34.46359138],[132.28183556,34.46379861],[132.28180138,34.46428305],[132.28178118,34.46445174],[132.28168583,34.46509389],[132.28162472,34.46571362],[132.28162473,34.46576975],[132.28158389,34.46591055],[132.28153639,34.465995],[132.28105615,34.46666667],[132.28093786,34.46683212],[132.28077528,34.46705945],[132.28066639,34.46730722],[132.28061194,34.46748195],[132.28036057,34.46825913],[132.2802925,34.468355],[132.28012943,34.46845057],[132.27998667,34.46849555],[132.27963336,34.46856889],[132.27944972,34.468625],[132.27935233,34.46867024],[132.27921194,34.46877139],[132.27880422,34.46918827],[132.27860694,34.46935167],[132.27838944,34.46947555],[132.27800221,34.46961055],[132.27787976,34.46964998],[132.2777575,34.4697064],[132.2776486,34.46979668],[132.27762839,34.46981965],[132.27758582,34.46987779],[132.27756529,34.46994243],[132.27756028,34.46999917],[132.2776214,34.47011195],[132.27774389,34.47024138],[132.27821278,34.47064139],[132.27837334,34.47077429],[132.27869368,34.47104401],[132.27897408,34.47135629],[132.27917111,34.47160417],[132.27923306,34.47173472],[132.27927306,34.47194777],[132.27926639,34.47221833],[132.279205,34.47247167],[132.27913028,34.47264055],[132.27902591,34.47279288],[132.27887889,34.47297305],[132.27862749,34.47322083],[132.27801556,34.47380639],[132.27770972,34.47407111],[132.27751944,34.47420611],[132.27730194,34.47433028],[132.27706418,34.47443167],[132.27692133,34.47447669],[132.27675139,34.47454417],[132.27594603,34.47483354],[132.27544667,34.475],[132.27533333,34.47503778],[132.27503194,34.47517499],[132.27479281,34.47531092],[132.27456834,34.47544695],[132.2743725,34.47562555],[132.27426389,34.47574916],[132.27419578,34.47589009],[132.27414834,34.47603083],[132.27412111,34.47619417],[132.27412111,34.47650972],[132.27420944,34.47674611],[132.27431833,34.47696028],[132.27448137,34.47724747],[132.27452889,34.47741639],[132.27452889,34.47778833],[132.274495,34.47790083],[132.27428416,34.47842445],[132.27422306,34.47859917],[132.27418917,34.47932],[132.27414834,34.47956222],[132.27404639,34.47990028],[132.27402584,34.48005222],[132.27401917,34.48043527],[132.27399889,34.48055918],[132.27393746,34.480717],[132.27381528,34.48091417],[132.27373917,34.48105695],[132.27375417,34.48126889],[132.27381916,34.48148667],[132.27398528,34.48184305],[132.27403278,34.48192195],[132.2741075,34.48211361],[132.27410084,34.48225445],[132.27402584,34.48250222],[132.27397833,34.48269361],[132.27397167,34.48292445],[132.2740125,34.4833075],[132.27401644,34.48333333],[132.27403417,34.48344945],[132.27405306,34.48407361],[132.27403278,34.48428778],[132.27398528,34.48456361],[132.27394444,34.48469889],[132.27389694,34.48494667],[132.27387639,34.4852675],[132.27386888,34.4853375],[132.27383528,34.48565056],[132.27380806,34.48593777],[132.27378111,34.48613472],[132.27378111,34.48643889],[132.27381811,34.4865859],[132.27384222,34.48668111],[132.27394319,34.4869537],[132.27400722,34.48714442],[132.27402694,34.48723474],[132.27407304,34.4877232],[132.27429748,34.48773445],[132.27448114,34.48775139],[132.27500493,34.48777228],[132.27504571,34.4877739],[132.2754325,34.48779083],[132.27552778,34.48780195],[132.27565585,34.48783252],[132.27602389,34.4880275],[132.27632885,34.48819038],[132.27684639,34.48846639],[132.27715875,34.48861854],[132.27761417,34.48886639],[132.27811023,34.48912554],[132.27834139,34.48932834],[132.27891917,34.48993639],[132.27930667,34.49035889],[132.28035277,34.49147911],[132.28052367,34.49166667],[132.28079464,34.49196408],[132.28097834,34.49211055],[132.2811833,34.49223265],[132.28155679,34.49233603],[132.28215417,34.49250472],[132.28252112,34.49264],[132.28300325,34.49291103],[132.2833071,34.49309605],[132.28336834,34.49313333],[132.28364944,34.49330445],[132.28544988,34.49441947],[132.28680076,34.49530879],[132.28729194,34.49563083],[132.28788334,34.49603638],[132.28808723,34.49622222],[132.28818916,34.49633473],[132.28883404,34.497173],[132.28891875,34.49727254],[132.2898126,34.49844454],[132.29016666,34.49890305],[132.29022113,34.49899861],[132.29042348,34.49936467],[132.29058889,34.49964314],[132.2908072,34.5],[132.29106192,34.50041643],[132.29121042,34.50066063],[132.29139,34.50086278],[132.29160742,34.50102133],[132.29266778,34.50162888],[132.2930075,34.50184278],[132.29341487,34.50204536],[132.29429907,34.502519],[132.29552944,34.50322861],[132.29595194,34.50339139],[132.29656607,34.50360804],[132.29719333,34.50377778],[132.29790546,34.50395498],[132.29862944,34.504161],[132.2987075,34.50418333],[132.29924893,34.50435186],[132.29983056,34.50455223],[132.29995248,34.50461388],[132.3001775,34.50472111],[132.30045661,34.50490134],[132.30181028,34.50598833],[132.30221826,34.5063261],[132.30273555,34.50675415],[132.30329361,34.50722167],[132.30360663,34.507498],[132.30391944,34.50779057],[132.30408925,34.50797064],[132.30452475,34.50838752],[132.30504194,34.50891139],[132.30562694,34.50957611],[132.30593832,34.50990039],[132.30647028,34.51045472],[132.30664722,34.51064055],[132.30770861,34.51189667],[132.30825972,34.51258361],[132.30833334,34.51267703],[132.30896876,34.51348354],[132.3098175,34.51466195],[132.31008528,34.51506777],[132.31016696,34.51518278],[132.31019084,34.51524],[132.31033411,34.51556885],[132.31061361,34.51623889],[132.31070861,34.51658805],[132.31071962,34.51666667],[132.3107425,34.51683028],[132.31074944,34.51744972],[132.3107086,34.51787222],[132.31068158,34.51799242],[132.31058827,34.51830254],[132.31045,34.5185875],[132.31021993,34.51904286],[132.30987861,34.51986583],[132.30974917,34.52023195],[132.30971528,34.52057556],[132.30971389,34.52091717],[132.30971528,34.52111639],[132.30975611,34.52157805],[132.30980388,34.52188778],[132.30990583,34.5221975],[132.31006223,34.52256917],[132.31022556,34.52286778],[132.3103275,34.52300278],[132.31048416,34.52316055],[132.31072223,34.52335222],[132.31143,34.52382362],[132.31155802,34.52390884],[132.31168082,34.52398999],[132.31222964,34.52435051],[132.3123224,34.52440372],[132.31251806,34.52450667],[132.31277666,34.52459693],[132.31407043,34.52483498],[132.31426495,34.52487472],[132.31447102,34.52491225],[132.314991,34.525],[132.31560642,34.52510385],[132.31585428,34.52514814],[132.31666667,34.52528508],[132.31702889,34.52534611],[132.31724639,34.52539111],[132.31743694,34.52545305],[132.31777018,34.5256219],[132.31800833,34.52576277],[132.31819889,34.5258925],[132.31854583,34.52617973],[132.31864109,34.52628666],[132.31901528,34.52677111],[132.31975,34.52777889],[132.32037133,34.52867781],[132.32078389,34.52927167],[132.32081305,34.52932114],[132.32091992,34.52950237],[132.32099473,34.52966027],[132.32110361,34.52999833],[132.32115139,34.53027417],[132.32119222,34.53074724],[132.32122611,34.5310175],[132.32132829,34.53208717],[132.32139984,34.53261122],[132.32146521,34.5328896],[132.32152556,34.53307862],[132.32164111,34.53336027],[132.32175,34.5335575],[132.32190666,34.53378277],[132.32241,34.53439667],[132.32288611,34.53499361],[132.32300426,34.53515679],[132.32304917,34.53524618],[132.32317167,34.53548944],[132.32327389,34.53574833],[132.32338944,34.53610305],[132.32349167,34.53648611],[132.32359361,34.53693667],[132.32368222,34.5374775],[132.32378417,34.53828833],[132.3238725,34.5387725],[132.32399505,34.53926855],[132.32415821,34.53979188],[132.32430111,34.54019778],[132.32449865,34.54069316],[132.32466194,34.54105361],[132.32491356,34.54147019],[132.325,34.54157981],[132.3250685,34.54166667],[132.32513139,34.54174639],[132.32567196,34.54234701],[132.32589714,34.54257433],[132.32665495,34.54338496],[132.32686611,34.54355973],[132.32763473,34.54416805],[132.32836972,34.54461861],[132.32939442,34.54516221],[132.3299275,34.54544667],[132.33088667,34.54598167],[132.33131619,34.54623563],[132.33198769,34.54661421],[132.3333378,34.54737208],[132.33348722,34.54745038],[132.33377877,34.54758911],[132.33494417,34.54802778],[132.33506111,34.54810666],[132.33517306,34.54820055],[132.33553416,34.54858138],[132.33554694,34.54865695],[132.33556722,34.54878085],[132.33567123,34.55],[132.33568973,34.55021695],[132.33575778,34.55035195],[132.33605981,34.55073698],[132.33667639,34.55157417],[132.33681917,34.55170388],[132.33696194,34.55178694],[132.33738677,34.55196476],[132.33804575,34.55220164],[132.33820723,34.55225],[132.33833637,34.55225556],[132.3385415,34.5522159],[132.33879917,34.55219945],[132.33901694,34.55221083],[132.3394788,34.55226293],[132.33971558,34.55228778],[132.33986757,34.55231256],[132.34058071,34.55243011],[132.34166666,34.55260691],[132.34180639,34.55264555],[132.342178612,34.552782776]]},"properties":{"任意ID":"38","区分":"第１次緊急輸送道路","枝ID":"3","行政区域":"34100","資料名称":"広島県緊急輸送道路ネットワーク計画","資料年月":"2020 06","路線名称":"一般国道433号","道路種別":"一般国道"}},{"type":"Feature","geometry":{"type":"LineString","coordinates":[[132.46297597,34.35411888],[132.46297409,34.35435386],[132.46298237,34.35468635],[132.46299267,34.35509305],[132.46301848,34.35563329],[132.46308808,34.35583059],[132.46325198,34.356251],[132.46342706,34.35670259],[132.46370409,34.35742994],[132.46373106,34.35753911],[132.46375234,34.35774484],[132.46379218,34.35812986],[132.46388087,34.35923436],[132.46396968,34.36018751],[132.46400744,34.36058979],[132.46405602,34.36115833],[132.46414966,34.36217271],[132.46423752,34.36316099],[132.46433107,34.36417669],[132.46437319,34.36466221],[132.46442193,34.36516327],[132.46452173,34.3662746],[132.46455689,34.36666667],[132.46460254,34.36717579],[132.46469442,34.36819506],[132.46472894,34.36851558],[132.46477513,34.36913971],[132.46478494,34.36927224],[132.46473269,34.37000625],[132.46466105,34.37070457],[132.46459975,34.37127675],[132.46456748,34.37165717],[132.4645475,34.37178578],[132.46449604,34.37237592],[132.4645158,34.37293157],[132.46453686,34.3735362],[132.4645679,34.37403798],[132.46463703,34.37430767],[132.46469711,34.37445243],[132.46478353,34.37467547],[132.46494604,34.37504897],[132.4654653,34.37627166],[132.46568543,34.37676576],[132.46605446,34.37764493],[132.46635753,34.37850961],[132.46642237,34.37871603],[132.46666667,34.37946945],[132.46670429,34.37958547],[132.46679295,34.37979156],[132.46706854,34.3804212],[132.46723168,34.3807959]]},"properties":{"任意ID":"42","区分":"第１次緊急輸送道路","枝ID":"1","行政区域":"34100","資料名称":"広島県緊急輸送道路ネットワーク計画","資料年月":"2020 06","路線名称":"一般国道487号","道路種別":"一般国道"}},{"type":"Feature","geometry":{"type":"LineString","coordinates":[[132.27407304,34.4877232],[132.27217757,34.48775694],[132.27132754,34.48776833],[132.27096057,34.48775695],[132.27084504,34.48773445],[132.27066841,34.48768392],[132.27052545,34.48762746],[132.27004306,34.48740777],[132.26993413,34.4873344],[132.26984583,34.48725583],[132.26975752,34.48709811],[132.26971667,34.48695168],[132.26957417,34.48655722],[132.26928194,34.48565055],[132.26907806,34.48510417],[132.26902387,34.48486185],[132.26901556,34.48470805],[132.26900333,34.48450695],[132.26897804,34.48434157],[132.26873496,34.48325519],[132.26856834,34.48251333],[132.26850723,34.48218666],[132.26835778,34.48138694],[132.26831694,34.48124055],[132.2682625,34.48110528],[132.26819472,34.48099834],[132.26810611,34.48091945],[132.26801111,34.48085778],[132.26774604,34.48074498],[132.26666665,34.48036792],[132.26579556,34.48006361],[132.26561194,34.48001834],[132.26540139,34.48001834],[132.26521109,34.48005779],[132.26490528,34.48017055],[132.26478359,34.48021752],[132.26440909,34.4803617],[132.26365907,34.48066149],[132.26329889,34.48081139],[132.26243692,34.4811585],[132.26213234,34.48127996],[132.26162222,34.48146],[132.2612825,34.48155028],[132.2610175,34.48160667],[132.26083383,34.48162333],[132.2605717,34.48163445],[132.26025639,34.48162333],[132.26001167,34.48158972],[132.25979409,34.48153887],[132.25954972,34.48145445],[132.25937973,34.48138139],[132.25915528,34.48126305],[132.25846547,34.48083691],[132.25821335,34.48067633],[132.25784361,34.48044055],[132.257395,34.48013639],[132.25697361,34.47978722],[132.25680361,34.47961277],[132.256525,34.47926333],[132.25596084,34.478475],[132.2557775,34.47817667],[132.25564139,34.477895],[132.25551917,34.47760222],[132.25546132,34.47739377],[132.25531556,34.47684167],[132.25522723,34.47656583],[132.25497944,34.47591526],[132.2548125,34.47548444],[132.25462215,34.47500572],[132.25451334,34.47483111],[132.25439111,34.47469027],[132.25409194,34.47438055],[132.25388531,34.47419125],[132.25370473,34.47402584],[132.25292323,34.47329351],[132.25261749,34.47302305],[132.25247472,34.47292167],[132.25229803,34.47283165],[132.25214168,34.47278083],[132.25201943,34.47275833],[132.25181528,34.47275277],[132.25169972,34.47276973],[132.2513397,34.47288807],[132.25074962,34.47316853],[132.25000001,34.47354878],[132.24992583,34.47358639],[132.24974916,34.47366528],[132.24959972,34.47370472],[132.24949083,34.47372166],[132.24923944,34.47372166],[132.24821417,34.47357527],[132.24749278,34.47347445],[132.24663666,34.47347223],[132.24631028,34.47348333],[132.24597057,34.47351167],[132.24566478,34.4735511],[132.24546751,34.47358472],[132.24533834,34.47359611],[132.24508026,34.47365223],[132.24497556,34.47369555],[132.24487054,34.47376139],[132.24470891,34.47390972],[132.24457972,34.47400194],[132.24437806,34.47412389],[132.24410139,34.474255],[132.24382291,34.47437868],[132.24316835,34.47464389],[132.24264056,34.47485167],[132.24232889,34.47496695],[132.2421075,34.47500892]]},"properties":{"任意ID":"45","区分":"第１次緊急輸送道路","枝ID":"1","行政区域":"34100","資料名称":"広島県緊急輸送道路ネットワーク計画","資料年月":"2020 06","路線名称":"一般国道488号","道路種別":"一般国道"}},{"type":"Feature","geometry":{"type":"LineString","coordinates":[[132.2421075,34.47500892],[132.24190778,34.47517777],[132.24185778,34.47523083],[132.24182361,34.47527388],[132.24181028,34.47532305],[132.24180584,34.47537277],[132.24181028,34.47544167],[132.24184023,34.47553958],[132.24202194,34.47598916],[132.24205611,34.47613555],[132.24206278,34.47624833],[132.24202889,34.47649028],[132.24191889,34.47674973],[132.24185223,34.47690695],[132.24169737,34.47716896],[132.24166492,34.47720827],[132.2414853,34.47734053],[132.24124739,34.47745881],[132.24052,34.47776305],[132.24041143,34.47783053],[132.24031609,34.47793195],[132.24026167,34.47804443],[132.24027528,34.47814583],[132.24031611,34.47823055],[132.24046556,34.47846695],[132.24054723,34.478675],[132.24060166,34.47890029],[132.24059473,34.47920445],[132.24055414,34.47933978],[132.24041139,34.47957611],[132.24025528,34.4797675],[132.24010583,34.47988583],[132.23960278,34.4801675],[132.23944639,34.48028583],[132.23931749,34.48044917],[132.23914064,34.48078126],[132.23903861,34.48093917],[132.23881444,34.48121472],[132.23876694,34.48128223],[132.2387125,34.48142861],[132.2387125,34.48156941],[132.23876699,34.48171033],[132.23893663,34.48197495],[132.23899806,34.48212695],[132.239025,34.48223972],[132.23902612,34.48245057],[132.23899361,34.48261695],[132.2389519,34.48271536],[132.23889167,34.4828175],[132.23873278,34.4829775],[132.2386036,34.4830675],[132.238325,34.48319723],[132.23822999,34.4832364],[132.23807361,34.48327584],[132.23793806,34.48329835],[132.23786977,34.4833362],[132.23773089,34.48345577],[132.23759802,34.48357448],[132.23749611,34.48370361],[132.237435,34.48377138],[132.23728553,34.48396834],[132.23716306,34.48405861],[132.23696615,34.48415415],[132.23683028,34.48420502],[132.23661949,34.48426693],[132.23613,34.48449777],[132.23590583,34.48459917],[132.23562722,34.48468361],[132.23534164,34.48480752],[132.23507028,34.48485805],[132.23478467,34.48486388],[132.23424781,34.48490889],[132.23374473,34.48499889],[132.23333334,34.48509702],[132.23324861,34.48511723],[132.23267784,34.48531443],[132.23211935,34.48544817],[132.23191709,34.48553732],[132.23179137,34.48561333],[132.23170334,34.48571167],[132.23160583,34.48585167],[132.23111278,34.48656639],[132.23102,34.48667222],[132.23089747,34.48675585],[132.230765,34.48680473],[132.23056444,34.48686833],[132.23031973,34.48700361],[132.23014307,34.48714443],[132.23008867,34.48720632],[132.23000694,34.48733028],[132.22994584,34.48747111],[132.22991194,34.48763445],[132.22991194,34.48778142],[132.229905,34.48796083],[132.22987112,34.48808472],[132.22975556,34.48829861],[132.22954528,34.48861972],[132.22936861,34.48885611],[132.22928028,34.48900248],[132.22924611,34.48910974],[132.22923334,34.48921861],[132.22924065,34.48955759],[132.22924472,34.48974],[132.22922611,34.48990667],[132.22920306,34.49006555],[132.22912388,34.49046083],[132.22887222,34.49151973],[132.22885232,34.49166511],[132.22883834,34.4917675],[132.22882417,34.49201583],[132.22883833,34.49231389],[132.22885889,34.49244889],[132.22889278,34.49255611],[132.22897417,34.49271945],[132.22917139,34.49307389],[132.22923944,34.49322028],[132.22927334,34.49336667],[132.22928028,34.49365944],[132.22925972,34.49372139],[132.22911333,34.4939831],[132.22909,34.49407027],[132.22909473,34.4941875],[132.2291225,34.49432002],[132.22919667,34.49448639],[132.22939611,34.49481944],[132.22961528,34.4951441],[132.22966611,34.49524389],[132.22972639,34.49538388],[132.22978667,34.49566778],[132.22982834,34.49582999],[132.22993222,34.49615417],[132.23002058,34.49644154],[132.23006834,34.49666667],[132.23008861,34.49683556],[132.23010917,34.49726917],[132.23017028,34.49756777],[132.23032639,34.49801833],[132.23040806,34.49829972],[132.23045556,34.49855889],[132.23046806,34.49870278],[132.23044944,34.49885805],[132.23040334,34.49901694],[132.23033834,34.49915695],[132.23021778,34.49939222],[132.23016335,34.49953855],[132.23012944,34.49971889],[132.23012944,34.49988222],[132.230162,34.5],[132.23018389,34.50007917],[132.23025167,34.50021445],[132.23043528,34.50051861],[132.23051333,34.50067639],[132.23054271,34.50075293],[132.23053845,34.50082107],[132.23051547,34.50090921],[132.23047611,34.50097889],[132.23038334,34.50106972],[132.23028138,34.50112278],[132.23009139,34.50119083],[132.22988746,34.50123972],[132.22945663,34.50131777],[132.22918472,34.50138555],[132.22846442,34.50161085],[132.22829332,34.50164445],[132.22811278,34.50166333],[132.22758779,34.50167278],[132.22742667,34.50169361],[132.22726444,34.50174306],[132.22709303,34.50181862],[132.22680611,34.50201055],[132.22640528,34.50229222],[132.2261675,34.50251195],[132.22603834,34.50268639],[132.2259975,34.50281028],[132.2259975,34.50297267],[132.2260283,34.50306476],[132.22613111,34.50322695],[132.22621734,34.50331401],[132.2262877,34.50338632],[132.22647334,34.50352277],[132.22658916,34.50360055],[132.22666881,34.50363424],[132.22673166,34.50366055],[132.22698333,34.50372805],[132.22716503,34.50376572],[132.22722168,34.50377643],[132.22743865,34.50381673],[132.22746896,34.50382504],[132.22755536,34.50385117],[132.22761088,34.50387421],[132.22773834,34.50396472],[132.22784054,34.50408861],[132.22792889,34.50426305],[132.22805806,34.50467416],[132.22818056,34.50496139],[132.22851361,34.5055528],[132.22860889,34.50577807],[132.22869056,34.50616111],[132.22877223,34.50636917],[132.22901028,34.50674111],[132.22906473,34.506865],[132.22907167,34.50709028],[132.22902389,34.50721417],[132.2289833,34.50726658],[132.22889482,34.50733036],[132.22886056,34.50734917],[132.22878583,34.50736612],[132.22860887,34.50736612],[132.22852723,34.50734916],[132.22841167,34.50730415],[132.22832306,34.50724222],[132.22824834,34.50714083],[132.22813944,34.50687612],[132.22804416,34.50675777],[132.22794278,34.50669667],[132.22784138,34.50667583],[132.22775194,34.50667917],[132.22768279,34.50668886],[132.22759201,34.50673854],[132.22753891,34.50679506],[132.2275071,34.50688484],[132.22750639,34.50696526],[132.22752333,34.50702639],[132.22758194,34.50711833],[132.22776554,34.50729861],[132.22808502,34.5075689],[132.22813944,34.50767583],[132.22817361,34.5078675],[132.22818723,34.50807583],[132.2282075,34.5081547],[132.22823917,34.50820667],[132.22829611,34.50826167],[132.22839111,34.50830667],[132.22849028,34.50831417],[132.22860221,34.50830667],[132.22878584,34.50825611],[132.22918006,34.50810398],[132.22948806,34.5079925],[132.22963251,34.50797667],[132.22977914,34.50799695],[132.23001028,34.50808138],[132.23034361,34.50825028],[132.23055473,34.50834056],[132.23099,34.508425],[132.23111251,34.50847557],[132.23126864,34.50858834],[132.23136389,34.50871223],[132.23157473,34.50905028],[132.23173139,34.50934861],[132.23174806,34.50944277],[132.23173806,34.50963585],[132.23170417,34.50972612],[132.23160889,34.50991167],[132.231535842,34.510004719]]},"properties":{"任意ID":"52","区分":"第１次緊急輸送道路","枝ID":"1","行政区域":"34100","資料名称":"広島県緊急輸送道路ネットワーク計画","資料年月":"2020 06","路線名称":"五日市筒賀線（県道41号）","道路種別":"主要地方道（都道府県道）"}},{"type":"Feature","geometry":{"type":"LineString","coordinates":[[132.35448922,34.3796809],[132.3546564,34.3799189],[132.35479889,34.38023416],[132.35486694,34.38049889],[132.35486694,34.381175],[132.35491631,34.38156155],[132.35494874,34.38185104],[132.35497808,34.38209222],[132.3550775,34.38264473],[132.35514528,34.38286445],[132.35524391,34.3831096],[132.35528358,34.38319553],[132.35535502,34.38333333],[132.35547111,34.38355721],[132.35558667,34.3838275],[132.35575639,34.38432305],[132.35582444,34.38456527],[132.3558987,34.38495839],[132.35595568,34.38546575],[132.35615112,34.3868236],[132.35577013,34.38740925],[132.35557306,34.38773611],[132.35549166,34.38792195],[132.35547111,34.38798945],[132.35545779,34.38814721],[132.35545083,34.38835],[132.35549834,34.38857528],[132.35560803,34.38909239],[132.35570889,34.38954389],[132.35573611,34.38969583],[132.35588556,34.39038305],[132.35593972,34.39063611],[132.35600807,34.3907699],[132.3560958,34.39095186],[132.35619111,34.39114917],[132.35642194,34.39156],[132.35648858,34.39166667],[132.35660859,34.39185881],[132.35709361,34.39262583],[132.35750616,34.39315229],[132.35767806,34.39344111],[132.35773463,34.39355622],[132.3578475,34.39379611],[132.35799696,34.39415055],[132.35811917,34.39446027],[132.3583391,34.3951365],[132.35864854,34.39607119],[132.35888508,34.39684716],[132.35942139,34.39862083],[132.35979458,34.4],[132.35998139,34.40069027],[132.35955281,34.40094836],[132.35922584,34.40119083],[132.35862835,34.40159611],[132.35833333,34.40177961],[132.35824833,34.4018325],[132.35784125,34.40201828],[132.35720946,34.4022775],[132.356775,34.40242389],[132.35624528,34.40262111],[132.35580389,34.4028125],[132.35566139,34.40288028],[132.35535611,34.40306583],[132.35513186,34.40328564],[132.35488084,34.40357834],[132.35466261,34.40388681],[132.35431977,34.40434773],[132.35420139,34.40452084],[132.3541175,34.40466972],[132.35405315,34.40480303],[132.35400607,34.40496895],[132.35396582,34.40514303],[132.35396551,34.40523949],[132.35397776,34.40531861],[132.35402528,34.40544805],[132.35411361,34.40558889],[132.35429694,34.40579166],[132.35448696,34.40594944],[132.35486723,34.40631555],[132.35503694,34.40650694],[132.35513194,34.40665333],[132.35517694,34.40683223],[132.35518683,34.40692748],[132.35519435,34.40700683],[132.35515917,34.40717167],[132.35491461,34.40778],[132.35485361,34.40795417],[132.35483637,34.40802618],[132.35480778,34.40818528],[132.354795,34.40834111],[132.35487579,34.40889008],[132.3550028,34.40953676],[132.35505056,34.40988055],[132.35507203,34.41014147],[132.35508142,34.41028074],[132.35509139,34.41051695],[132.35500306,34.41120972],[132.35484694,34.41198139],[132.35481973,34.41212777],[132.35480667,34.41232695],[132.35483333,34.41247139],[132.35486723,34.41255555],[132.35496282,34.41272754],[132.35521284,34.41307315],[132.35544308,34.41338228],[132.35589222,34.41400861],[132.35602806,34.41423389],[132.35610278,34.41439722],[132.35614334,34.41452695],[132.35620444,34.41503945],[132.35628611,34.41565307],[132.35632,34.41592361],[132.35632667,34.41613195],[132.35627473,34.41640773],[132.35619745,34.41666667],[132.35615028,34.41682471],[132.35604167,34.41724139],[132.35599418,34.41756796],[132.35600083,34.41787223],[132.35604167,34.41806945],[132.35609584,34.4182103],[132.35621806,34.41844667],[132.35641472,34.41875083],[132.35670139,34.41912694],[132.35715357,34.41968381],[132.35730197,34.41975741],[132.35736875,34.42001502],[132.35740585,34.42040143],[132.35743553,34.42064677],[132.35741327,34.42112518],[132.35726487,34.42179986],[132.35710163,34.42231507],[132.35682708,34.42273215],[132.35655996,34.42297749],[132.35599603,34.42332097],[132.35538758,34.42371964],[132.35500916,34.42384845],[132.35461589,34.42383618],[132.35430425,34.42381778],[132.35398637,34.4239378],[132.35374633,34.42407489],[132.35352417,34.42417445],[132.35336806,34.42421945],[132.35321168,34.4242475],[132.352865,34.4242475],[132.35242996,34.42417445],[132.35230473,34.42415362],[132.35211222,34.42415362],[132.351885,34.42418222],[132.35160083,34.42427],[132.35125416,34.42440528],[132.35078542,34.42463063],[132.35069028,34.42468112],[132.35043889,34.42485584],[132.35027789,34.425],[132.3501595,34.42513154],[132.35004473,34.42526111],[132.35,34.42531772],[132.34968444,34.42571723],[132.34956889,34.4258414],[132.34944222,34.42594361],[132.3493325,34.42599667],[132.34919528,34.42604888],[132.34888005,34.42613915],[132.34859503,34.42619694],[132.34850905,34.42620405],[132.34839568,34.4262153],[132.34823043,34.42620777],[132.3480605,34.42618633],[132.3479359,34.42615409],[132.3477657,34.42610495],[132.347379,34.42596131],[132.34705138,34.42581575],[132.34680302,34.42570539],[132.34639519,34.42552133],[132.34631716,34.42549674],[132.34619398,34.42545991],[132.34613659,34.42544805],[132.34597918,34.42543873],[132.34587724,34.42544195],[132.34576034,34.42546186],[132.34554595,34.4255232],[132.34540716,34.42559331],[132.34523819,34.4256915],[132.34483278,34.42595972],[132.34468111,34.42605161],[132.34459282,34.4261051],[132.34448131,34.42617267],[132.34432457,34.42625341],[132.34413394,34.42631542],[132.34357438,34.42641585],[132.34330944,34.42647222],[132.34305806,34.426545],[132.34293583,34.42661278],[132.34284056,34.42669138],[132.34273167,34.42680417],[132.34267056,34.42691695],[132.34256861,34.42719833],[132.34248444,34.42736638],[132.34229722,34.42761333],[132.34212278,34.42777277],[132.34185556,34.42794667],[132.34172473,34.42801222],[132.34158739,34.42806186],[132.34145234,34.42810022],[132.34073368,34.42826304],[132.34049556,34.42833055],[132.34032584,34.42839805],[132.34018971,34.42849389],[132.34008778,34.42864],[132.33989083,34.42895],[132.33977527,34.42909639],[132.33967334,34.42915833],[132.33954417,34.42919195],[132.3393133,34.42920889],[132.33897332,34.42920332],[132.33876942,34.42918083],[132.33862115,34.42915307],[132.33833114,34.4290828],[132.33809444,34.42899083],[132.33798194,34.4289275],[132.33780909,34.42885761],[132.33750388,34.42875195],[132.33737222,34.42872445],[132.33684028,34.42872445],[132.3362761,34.42871555],[132.33544731,34.42870112],[132.33532874,34.42870112],[132.33422499,34.428695],[132.33399392,34.42872583],[132.3337675,34.42876972],[132.33353194,34.42883111],[132.33337306,34.4289161],[132.33323205,34.42902225],[132.33301582,34.42921587],[132.33255083,34.42969305],[132.33241473,34.42977193],[132.33223805,34.42983945],[132.33202778,34.42986777],[132.33168111,34.42986777],[132.3315175,34.42984055],[132.33142044,34.42982302],[132.33120584,34.42977473],[132.33098528,34.42970889],[132.33087639,34.42966055],[132.33066306,34.42957305],[132.32999667,34.42927917],[132.32978167,34.42920028],[132.32942694,34.42911277],[132.32933023,34.42909945],[132.32904969,34.42909194],[132.32833034,34.42914111],[132.32802474,34.4291675],[132.32785471,34.42916361],[132.32762194,34.4291225],[132.32741973,34.42905666],[132.32714084,34.42892805],[132.32695458,34.42883098],[132.3267051,34.42870248],[132.32657556,34.42864139],[132.32598139,34.42837472],[132.32576167,34.42831111],[132.32555528,34.42828861],[132.32534444,34.42828139],[132.32502763,34.42830773],[132.32474883,34.42834692],[132.32444863,34.42837],[132.32419,34.42833473],[132.32401723,34.42828195],[132.3239225,34.42824167],[132.32378595,34.42818392],[132.32350944,34.42806695],[132.32312555,34.42784778],[132.32284528,34.42780666],[132.3226758,34.42782889],[132.32246416,34.42788861],[132.32198944,34.42811611],[132.32177862,34.42823416],[132.32160139,34.42833472],[132.32138223,34.42842611],[132.32126611,34.42847306],[132.32114942,34.42850583],[132.32103418,34.42852526],[132.32079531,34.42854587],[132.31986225,34.42862861],[132.31933887,34.42865111],[132.31886306,34.42862861],[132.31867611,34.42860861],[132.31847639,34.42857],[132.31826082,34.42849223],[132.31741139,34.42817917],[132.31722444,34.42810167],[132.3166902,34.42792593],[132.3165961,34.427895],[132.31626223,34.42777889],[132.31589611,34.42770917],[132.31547811,34.4276639],[132.31488834,34.42758167],[132.31417334,34.42746084],[132.31290973,34.42718111],[132.31270579,34.42710221],[132.31214834,34.42662889],[132.31199889,34.42651639],[132.31191832,34.42647389],[132.31174316,34.42642002],[132.31160278,34.42640305],[132.3113125,34.42640361],[132.31104057,34.42644889],[132.3108842,34.42651082],[132.31078914,34.4265728],[132.31065306,34.42672472],[132.31051722,34.42693305],[132.31040844,34.42722581],[132.31035413,34.42740653],[132.31031473,34.4276022],[132.31027526,34.42787017],[132.31015028,34.42857222],[132.31008889,34.42896055],[132.31006473,34.4290625],[132.30999389,34.42923667],[132.30994611,34.42933805],[132.30984417,34.42947305],[132.30973749,34.42957283],[132.30961353,34.42965793],[132.30950331,34.42973285],[132.30946723,34.42975278],[132.3092125,34.42987417],[132.30902056,34.42994278],[132.30865505,34.43005324],[132.30835584,34.43014917],[132.30832656,34.43016182],[132.30805667,34.43027861],[132.30782556,34.430425],[132.30762703,34.43060054],[132.30758083,34.43066139]]},"properties":{"任意ID":"52","区分":"第１次緊急輸送道路","枝ID":"2","行政区域":"34100","資料名称":"広島県緊急輸送道路ネットワーク計画","資料年月":"2020 06","路線名称":"五日市筒賀線（県道41号）","道路種別":"主要地方道（指定市市道）"}},{"type":"Feature","geometry":{"type":"LineString","coordinates":[[132.35448922,34.3796809],[132.35429155,34.37946769],[132.3541379,34.37931654],[132.35406278,34.37915833],[132.35354466,34.377851],[132.35300963,34.37656898],[132.35234666,34.37497878],[132.35198417,34.37413769],[132.35036899,34.37014551],[132.35005306,34.36936472],[132.35,34.36924639],[132.34994444,34.3691225],[132.34985547,34.36890644],[132.34947382,34.36808101],[132.3492249,34.3674507],[132.34920443,34.36738777],[132.34916311,34.36666667],[132.34915694,34.3663797],[132.34911723,34.36576806],[132.34907726,34.36508182],[132.34905278,34.36448499],[132.34904203,34.36429144],[132.34900805,34.36362417]]},"properties":{"任意ID":"52","区分":"第２次緊急輸送道路","枝ID":"3","行政区域":"34100","資料名称":"広島県緊急輸送道路ネットワーク計画","資料年月":"2020 06","路線名称":"五日市筒賀線（県道41号）","道路種別":"主要地方道（指定市市道）"}},{"type":"Feature","geometry":{"type":"LineString","coordinates":[[132.46723168,34.3807959],[132.4678408,34.38223516],[132.46791935,34.38237797],[132.46800399,34.38249723],[132.46821497,34.38273725],[132.46852093,34.38310843],[132.46870552,34.38333333],[132.46901446,34.38370971],[132.46927594,34.38410128],[132.4695692,34.38454572],[132.47008677,34.38533987],[132.47026696,34.38566073],[132.47036133,34.38581568],[132.47097892,34.38684625],[132.47115227,34.38713726],[132.47127762,34.38738623],[132.47136964,34.38753919],[132.47143501,34.38763973],[132.47153308,34.38776086],[132.4717402,34.38798497],[132.47213128,34.38841901],[132.47287453,34.38923141],[132.47348471,34.38988918],[132.47370164,34.39012816],[132.47377949,34.39019645],[132.47390032,34.39027011],[132.47431652,34.39048848],[132.47490549,34.3907789],[132.47558568,34.39110368],[132.47611653,34.39136676],[132.47594225,34.39166667],[132.47560387,34.39224902],[132.47534776,34.3927034],[132.47498724,34.39335066],[132.47603666,34.39374064],[132.476375,34.39385306],[132.47622358,34.39431453],[132.47614148,34.39461347],[132.47602306,34.39501945],[132.47579362,34.39580611],[132.47538537,34.39602075],[132.47477361,34.3963617],[132.47340736,34.39710372],[132.47296818,34.39735286],[132.4727195,34.39749394],[132.4721812,34.3977993],[132.472014,34.39791004],[132.47180159,34.39803035],[132.47168297,34.39813775],[132.47155235,34.39828643],[132.47139077,34.39847536],[132.47126369,34.39865195],[132.47072694,34.39951973],[132.47040173,34.40007061],[132.4701172,34.40055228],[132.46975639,34.40118139],[132.46885006,34.40276129],[132.46864667,34.40304502],[132.46853444,34.40316806],[132.46832365,34.40327203],[132.46768356,34.40362274],[132.46717028,34.40390611],[132.46708547,34.40395513],[132.46702354,34.40398443],[132.46685984,34.4040559],[132.46666666,34.40412897],[132.46642904,34.40420393],[132.46585417,34.40433945],[132.46554389,34.40441971],[132.46574549,34.40527448],[132.46585995,34.40570869],[132.466153,34.4069502],[132.46631528,34.40765722],[132.46647855,34.40832168],[132.46660778,34.40890165],[132.46713337,34.40931951],[132.46761306,34.409715],[132.46793757,34.40998057],[132.46801762,34.41004201]]},"properties":{"任意ID":"56","区分":"第１次緊急輸送道路","枝ID":"1","行政区域":"34100","資料名称":"広島県緊急輸送道路ネットワーク計画","資料年月":"2020 06","路線名称":"広島三次線（県道37号）","道路種別":"主要地方道（都道府県道）"}},{"type":"Feature","geometry":{"type":"LineString","coordinates":[[132.47012721,34.42757855],[132.471157809,34.428328495],[132.472114855,34.428966076],[132.472834685,34.429562788],[132.473260039,34.430085931],[132.473759012,34.430690817],[132.474773318,34.431867891],[132.475542227,34.43275887],[132.476311136,34.433437323],[132.477358162,34.434393695],[132.478593324,34.435505376],[132.480049344,34.436796888],[132.480867332,34.437499862],[132.481349945,34.437794131],[132.482143394,34.438260056],[132.483108621,34.438701459],[132.48380472,34.4389878],[132.484793677,34.439183732],[132.485824342,34.439478001],[132.486928627,34.439764095],[132.488016552,34.440205498],[132.489129016,34.440867602],[132.490004264,34.441627795],[132.490544136,34.442486078],[132.490920411,34.443442451],[132.491059469,34.444308908],[132.491092188,34.445142669],[132.491075829,34.446360613],[132.491026749,34.447791085],[132.49094495,34.449033552],[132.490789533,34.450259671],[132.490527776,34.452017108],[132.490396898,34.452989828],[132.490339639,34.453782719],[132.490388718,34.454632827],[132.490617755,34.455319454],[132.491223067,34.456488354],[132.491861098,34.457338463],[132.492793604,34.458548233],[132.493554334,34.459283904],[132.494364142,34.459880615],[132.494977634,34.460297496],[132.495885601,34.460935077],[132.49629832,34.46113166],[132.49658432,34.46126118],[132.49712778,34.46148611],[132.4972789,34.46155195],[132.49755132,34.46166688],[132.49787694,34.46182777],[132.49817388,34.46197445],[132.49878597,34.46228033],[132.49946575,34.46262298],[132.499691,34.46274343],[132.5,34.46290447],[132.50024444,34.46302555],[132.50061953,34.46322713],[132.50124434,34.46353967],[132.50195675,34.46390555],[132.50279056,34.46433416],[132.50324547,34.46457179],[132.50354495,34.46473085],[132.50435361,34.465145],[132.50467972,34.46530833],[132.50519722,34.46557528],[132.50566704,34.46582603],[132.50615167,34.46614778],[132.50644639,34.46638972],[132.50654861,34.46651889],[132.50663311,34.46666667],[132.50679928,34.4669572],[132.50688894,34.46711195],[132.50700389,34.46729111],[132.50715014,34.46756586],[132.50724926,34.46779805],[132.50734579,34.4679502],[132.50746392,34.4681058],[132.50757723,34.46826222],[132.50772002,34.46844474],[132.50800502,34.46867093],[132.50840586,34.46896996],[132.50858896,34.46909274],[132.50946455,34.4697487],[132.50984611,34.47003917],[132.5101575,34.47028972],[132.51039584,34.47047361],[132.51082111,34.47082],[132.51106417,34.47101805],[132.51131668,34.47120745],[132.51188361,34.47162527],[132.51232167,34.47195389],[132.51259841,34.47214544],[132.51292889,34.47236833],[132.5133277,34.47260584],[132.51438694,34.47322278],[132.51498611,34.47354417],[132.5158514,34.47400337],[132.51637374,34.47428094],[132.5167834,34.4745144],[132.51755352,34.47493266],[132.51797944,34.47515917],[132.51826834,34.475325],[132.51870639,34.47555417],[132.51931175,34.47589223],[132.519715,34.47612722],[132.51990306,34.47623807],[132.52030806,34.47640416],[132.52066671,34.47652306],[132.52082302,34.47656221],[132.52111092,34.47661856],[132.52151139,34.47664917],[132.52229499,34.47663916],[132.5227547,34.47661667],[132.52296693,34.4765967],[132.52320773,34.47658555],[132.52362553,34.47657555],[132.52411028,34.47657889],[132.52450836,34.47662862],[132.52491479,34.47671957],[132.52520878,34.47680868],[132.52561111,34.476955],[132.52595944,34.47714084],[132.52625806,34.47733639],[132.52667611,34.47771472],[132.52685194,34.47789056],[132.52692067,34.47794911],[132.52707494,34.47808054],[132.52726,34.47823555],[132.52744361,34.47836528],[132.52775194,34.47857445],[132.52786848,34.47865562],[132.52806194,34.47876529],[132.52836138,34.47895639],[132.52887978,34.47936639],[132.52892841,34.47950399],[132.52908143,34.47973396],[132.52963244,34.48035717],[132.52985638,34.48058445],[132.52992417,34.48064085],[132.53010781,34.48077612],[132.53017596,34.48080938],[132.53038,34.4809],[132.53074669,34.48097861],[132.53096471,34.48100111],[132.53132502,34.48097862],[132.53141991,34.48097862],[132.53338422,34.4808439],[132.53428225,34.48078612],[132.53472871,34.48075956],[132.53522639,34.48071973],[132.53553893,34.48069722],[132.53589977,34.48066888],[132.5363837,34.48061843],[132.53731972,34.48051722],[132.53757834,34.48048306],[132.53804056,34.48041028],[132.5384866,34.4802869],[132.53874771,34.48019615],[132.53887921,34.48014204],[132.53957028,34.47986944],[132.53999835,34.47969472],[132.54120806,34.47913722],[132.54166666,34.47889973],[132.54202389,34.47871473],[132.54236756,34.47853811],[132.5425809,34.47842775],[132.54330167,34.47804417],[132.54371575,34.47779898],[132.54493276,34.47714348],[132.54584389,34.47667583],[132.54621778,34.47647861],[132.54661889,34.47629277],[132.54696556,34.47612945],[132.54747528,34.47589834],[132.54792139,34.4757189],[132.54824302,34.47561952],[132.54832011,34.47560128],[132.54918964,34.4753944],[132.54951372,34.47532388],[132.54969109,34.47530111],[132.55003142,34.47521687],[132.55055472,34.47507639],[132.55070637,34.47502959],[132.55097136,34.47493905],[132.5515466,34.47467667],[132.55209111,34.47443389],[132.552635,34.47421445],[132.55307786,34.47406417],[132.5533825,34.47396055],[132.55357973,34.47391555],[132.55395331,34.47383695],[132.55427306,34.47379195],[132.55462609,34.47374695],[132.55491058,34.47372527],[132.55523835,34.47370722],[132.55602689,34.47371305],[132.55636665,34.47374111],[132.5570056,34.47384224],[132.55747444,34.47394972],[132.55785528,34.47405111],[132.5580593,34.47411309],[132.55817041,34.47414152],[132.55833333,34.47418973],[132.55907436,34.47440893],[132.56009042,34.47470943],[132.56105475,34.475],[132.56202262,34.47529165],[132.56289167,34.47555474],[132.56325889,34.47566223],[132.56348341,34.4757353],[132.56374056,34.47583445],[132.56402139,34.47602445],[132.56430361,34.47639973],[132.56438067,34.47648618],[132.56443197,34.47650667],[132.56460499,34.47656889],[132.56498539,34.47664809],[132.5653187,34.47672697],[132.56552223,34.47678305],[132.56579861,34.47688805],[132.5660175,34.47701417],[132.56619481,34.47714835],[132.56626306,34.4772],[132.56646222,34.47742196],[132.56654722,34.47754807],[132.56666667,34.47773383],[132.5668,34.47802777],[132.56687472,34.47822667],[132.56693535,34.47843957],[132.56696361,34.4785461],[132.56699852,34.47871132],[132.56703492,34.47889411],[132.56724889,34.47985277],[132.56739167,34.48053417],[132.56747972,34.48090583],[132.56752085,34.48100168],[132.56762274,34.48113719],[132.56767028,34.48117667],[132.56892778,34.48195972],[132.56918221,34.48210861],[132.56938889,34.48210612],[132.57079004,34.48208917],[132.57230278,34.48206138],[132.57278278,34.482065],[132.5729478,34.48207361],[132.57311422,34.4820925],[132.57339,34.48214916],[132.57377994,34.48220443],[132.57417743,34.48226387],[132.57436371,34.48225816],[132.57447721,34.48223555],[132.57510568,34.48203631],[132.57559612,34.48188083],[132.57586473,34.48184972],[132.57610557,34.48185833],[132.5763636,34.48188638],[132.57662892,34.48194251],[132.5769075,34.4820775],[132.57707088,34.48217336],[132.57734321,34.48241208],[132.57744898,34.48247456],[132.57781234,34.48277839],[132.57798861,34.48291723],[132.57813113,34.48301305],[132.5784168,34.48325488],[132.5787377,34.48358827],[132.57940916,34.48428583],[132.57957917,34.48451139],[132.57968084,34.48469167],[132.57974917,34.48489417],[132.57976223,34.48497333],[132.5797758,34.48541134],[132.57979115,34.48574049],[132.57984019,34.4868024],[132.57991222,34.48829611],[132.57991222,34.48852195],[132.57992584,34.48893277],[132.57990362,34.48956394],[132.57986473,34.49009917],[132.5798577,34.49041101],[132.57982593,34.4919192],[132.57981666,34.49230723],[132.57980306,34.49317445],[132.57985723,34.49346139],[132.57996639,34.49369806],[132.58007477,34.49384478],[132.58046229,34.49422785],[132.58059167,34.49434611],[132.58083667,34.49448639],[132.5811147,34.49455443],[132.58145474,34.49458805],[132.58169306,34.49458277],[132.5818017,34.49455443],[132.58216194,34.49437973],[132.58244387,34.49426321],[132.58256343,34.49421357],[132.58283444,34.49410945],[132.58301725,34.4940757],[132.58332266,34.49402127],[132.58361639,34.49396889],[132.58391507,34.49392919],[132.58415354,34.4939014],[132.5843981,34.49388416],[132.58476528,34.49388416],[132.5849625,34.49390667],[132.58517306,34.4939464],[132.58524133,34.49397482],[132.58543168,34.49405917],[132.58564194,34.49423333],[132.58586638,34.49447583],[132.58658,34.49542778],[132.58676392,34.49565903],[132.587715,34.49692055],[132.58788485,34.49716785],[132.589285,34.49899334],[132.58947584,34.49920166],[132.58989,34.49957361],[132.59040892,34.5],[132.59116834,34.50057583],[132.59166667,34.50096242],[132.59224684,34.50141249],[132.59358771,34.5024403],[132.59415918,34.50289667],[132.5945752,34.50323561],[132.59496856,34.50355018],[132.59691424,34.50503068],[132.59722089,34.50526379],[132.59762889,34.50558362],[132.59782727,34.50574207],[132.59877719,34.50650053],[132.5989424,34.50663781],[132.59927556,34.50690695],[132.59949306,34.50709277],[132.59960167,34.50719445],[132.59975139,34.50734111],[132.59992748,34.50753325],[132.60005819,34.50767589],[132.6003767,34.50808278],[132.60049761,34.50833333],[132.60069027,34.5087325],[132.60073563,34.50881596],[132.60083306,34.50899695],[132.60092167,34.50907611],[132.60107139,34.50917748],[132.60120778,34.50923945],[132.60174528,34.50944195],[132.60322274,34.51002292],[132.60390153,34.51028122],[132.60458889,34.51055167],[132.60519568,34.51078277],[132.60664389,34.51134583],[132.60690728,34.51140392],[132.60790972,34.51152639],[132.60821584,34.51166139],[132.60833334,34.51176417],[132.60867982,34.51206729],[132.60902588,34.51238269],[132.60926997,34.5126209],[132.6094478,34.51279255],[132.61076194,34.51401917],[132.61093323,34.51418573],[132.61105166,34.51433028],[132.61128413,34.51471415],[132.61157028,34.51497361],[132.61217556,34.51546889],[132.61233194,34.51558195],[132.61270744,34.5158756],[132.61285496,34.51604628],[132.61301028,34.51625805],[132.61328569,34.51666666],[132.61431757,34.51819754],[132.61448389,34.51841167],[132.61477,34.51882028],[132.6152425,34.51910973],[132.61565722,34.51929305],[132.61635674,34.51952918],[132.61666666,34.51961622],[132.61800556,34.51999222],[132.61871444,34.52019973],[132.61924972,34.52039723],[132.61949556,34.52050833],[132.61972591,34.52066722],[132.61984189,34.52075743],[132.62066028,34.52145139],[132.62082271,34.52158553],[132.62161306,34.52224],[132.62163334,34.52226804],[132.6219475,34.52252009],[132.62205187,34.52261993],[132.62246361,34.52302611],[132.62261111,34.52315889],[132.62286739,34.52337568],[132.62348379,34.52383533],[132.62415806,34.52434861],[132.6248044,34.52478193],[132.625,34.52487019],[132.62528767,34.525],[132.62571612,34.52519334],[132.62603757,34.5253366],[132.62748528,34.52598195],[132.62817944,34.52628612],[132.62877694,34.52655598],[132.62992139,34.52706917],[132.63029051,34.52723666],[132.63083928,34.5274784],[132.63287978,34.52839112],[132.63305611,34.5284475],[132.63327927,34.52848594],[132.63345318,34.52849726],[132.63359558,34.52847195],[132.63384657,34.52838594],[132.634069,34.52829516],[132.6342611,34.5282314],[132.63445625,34.5282093],[132.63495206,34.52821036],[132.63546001,34.52824111],[132.63558645,34.52827881],[132.63580028,34.5283425],[132.63628376,34.52858479],[132.63655554,34.52870861],[132.63686167,34.52882111],[132.63718833,34.52893945],[132.63742639,34.52906333],[132.63779387,34.52931111],[132.63799806,34.52949722],[132.63822944,34.52977305],[132.63831778,34.52992527],[132.63841306,34.5301675],[132.63865139,34.53084917],[132.63870583,34.53097305],[132.63880112,34.53117],[132.64004007,34.53326132],[132.64029714,34.53370394],[132.64054972,34.53413861],[132.64077417,34.53451611],[132.64089912,34.53468019],[132.64112808,34.53493864],[132.64131848,34.53509072],[132.64149866,34.535209],[132.64164484,34.53528398],[132.641795,34.53536695],[132.64208723,34.53547945],[132.64240029,34.53555278],[132.64276775,34.53560333],[132.64296499,34.53562028],[132.64343473,34.53562611],[132.643775,34.53559777],[132.6441492,34.53556972],[132.64464556,34.53556389],[132.64490417,34.53560333],[132.64510166,34.53566555],[132.64527949,34.53573041],[132.64534743,34.53575893],[132.64543742,34.5358148],[132.64621087,34.53629641],[132.64633156,34.53637139],[132.64647614,34.53645418],[132.64661223,34.53650473],[132.64688417,34.53656695],[132.64717,34.53656695],[132.64735358,34.53654417],[132.64759194,34.53649361],[132.64820444,34.5362625],[132.6486875,34.53607667],[132.6490711,34.53592932],[132.6496875,34.53569361],[132.64994545,34.53561305],[132.65064679,34.53541752],[132.65122556,34.53529917],[132.65206989,34.53512593],[132.65289948,34.53496654],[132.65355917,34.53490139],[132.65414472,34.53489667],[132.65438363,34.53492502],[132.654685,34.53498611],[132.65489695,34.53505274],[132.65773028,34.5362175],[132.65798872,34.53633033],[132.65819269,34.53643161],[132.65834951,34.53652172],[132.65850584,34.5366625],[132.6587645,34.53695006],[132.65883944,34.5370175],[132.65909111,34.53720917],[132.65930224,34.5373275],[132.65955362,34.53742305],[132.65996081,34.53753553],[132.66019874,34.53759822],[132.66083864,34.53776717],[132.66158139,34.53796361],[132.66190786,34.53806504],[132.66237749,34.53827917],[132.66255444,34.53836945],[132.66276528,34.53849889],[132.66298973,34.53870167],[132.66309861,34.53884805],[132.66324833,34.53912417],[132.66331639,34.53936083],[132.66333,34.539575],[132.66330277,34.54012691],[132.66321212,34.54099262],[132.66311222,34.54194639],[132.66305533,34.54244508],[132.66283333,34.54439111],[132.66278556,34.54488111],[132.66275834,34.54511738],[132.66275834,34.5453825],[132.66279917,34.54552889],[132.66286695,34.54568055],[132.66292167,34.54579361],[132.66326166,34.5463175],[132.66374346,34.5471359],[132.66387726,34.54748143],[132.66394222,34.54769195],[132.66396944,34.54799054],[132.66395574,34.54857294],[132.66394392,34.54869584],[132.66389972,34.54913],[132.66375642,34.54968249],[132.66373486,34.54982292],[132.66367533,34.55],[132.663572,34.55030736],[132.66349121,34.55048345],[132.66344588,34.5506207],[132.66296495,34.55121017],[132.66254076,34.55166285],[132.66190111,34.55229972],[132.66151976,34.55271691],[132.66108444,34.55315055],[132.66096194,34.55331389],[132.66072389,34.55366833],[132.66055363,34.55393889],[132.66048556,34.55409083],[132.66040387,34.55432195],[132.66032222,34.55463166],[132.66028139,34.55491918],[132.66016584,34.55609055],[132.66014528,34.55646818],[132.66017942,34.5570706],[132.66024053,34.55760032],[132.66026111,34.55774695],[132.66043111,34.55834389],[132.66045834,34.55844528],[132.66052778,34.55863943],[132.66058084,34.55874389],[132.66106405,34.55965667],[132.66165584,34.56075473],[132.66192806,34.5612675],[132.66207084,34.56152667],[132.66217972,34.56174055],[132.66226137,34.56193214],[132.66231584,34.56214638],[132.66232277,34.56221946],[132.66230916,34.56248417],[132.66224775,34.56313218],[132.66223417,34.56352055],[132.66224778,34.56439917],[132.66229556,34.56497389],[132.66238387,34.56531748],[132.66249278,34.56567805],[132.66260833,34.56598778],[132.66288056,34.56658473],[132.66297584,34.5667875],[132.66310448,34.5670539],[132.66337028,34.56760444],[132.66392167,34.56873667],[132.66402361,34.56893945],[132.66452661,34.56995861],[132.66468361,34.57025777],[132.66491071,34.57067941],[132.66523833,34.57141976],[132.66579055,34.57261958],[132.66600361,34.57275861],[132.66666666,34.57318533],[132.66698361,34.57338945],[132.66749361,34.57373305],[132.66805906,34.57409554],[132.66867084,34.57448805],[132.66905194,34.57475834],[132.66942723,34.575],[132.66984769,34.57527078],[132.67026972,34.57554695],[132.67157444,34.57641472],[132.67220194,34.57682583],[132.67292181,34.57731625],[132.67346084,34.57769333],[132.67375553,34.57782629],[132.67416834,34.57791833],[132.67460169,34.5780603],[132.67473336,34.57817752],[132.67483528,34.57831278],[132.6750189,34.57860557],[132.67551584,34.57952973],[132.67565194,34.5798225],[132.67592422,34.58034069],[132.67611667,34.58078801],[132.67616889,34.58090945],[132.67625056,34.58114055],[132.676305,34.58135473],[132.67636607,34.58165313],[132.6764275,34.58210361],[132.67640028,34.5824697],[132.67636611,34.58316833],[132.67639415,34.58327689],[132.67656609,34.58358],[132.67673054,34.58391464],[132.67715704,34.58482784],[132.67789408,34.5865426],[132.6779175,34.58668306],[132.6779,34.58681276],[132.67785889,34.58696502],[132.67775084,34.58726445],[132.67771918,34.58737693],[132.6777117,34.58748119],[132.67775154,34.58761285],[132.67780444,34.587725],[132.67817916,34.58842361],[132.67914611,34.59015833],[132.6795812,34.59094379],[132.67998622,34.59166667],[132.68048806,34.59258611],[132.68112807,34.59372361],[132.68126155,34.59397015],[132.68144837,34.59416894],[132.68206821,34.59469268],[132.68245017,34.59498033],[132.68293664,34.59536183],[132.68354159,34.5958312],[132.6845761,34.59663747],[132.685040273,34.597000278]]},"properties":{"任意ID":"56","区分":"第１次緊急輸送道路","枝ID":"2","行政区域":"34100","資料名称":"広島県緊急輸送道路ネットワーク計画","資料年月":"2020 06","路線名称":"広島三次線（県道37号）","道路種別":"主要地方道（指定市市道）"}},{"type":"Feature","geometry":{"type":"MultiLineString","coordinates":[[[132.49660862,34.394531659],[132.49644273,34.39428521],[132.49583167,34.39336611],[132.49571846,34.39320505],[132.49492736,34.3935205],[132.49459749,34.393645],[132.49296739,34.39425111],[132.49282921,34.3943025],[132.49242182,34.39440102],[132.4918225,34.39451722],[132.49109002,34.39465858],[132.48998757,34.3948593],[132.48891144,34.39507121],[132.48866139,34.39512028],[132.48775306,34.39528833],[132.48754417,34.39533111],[132.48705387,34.39541793],[132.48667349,34.39549236],[132.48593369,34.39565198],[132.48538319,34.3959537],[132.48504417,34.39616195],[132.48483681,34.39627979],[132.48407642,34.39675379],[132.48339381,34.39685653],[132.4832936,34.39687161]],[[132.500268302,34.39952802],[132.50013875,34.39942627],[132.49997943,34.39932271],[132.49991506,34.39928612],[132.4997653,34.39917278],[132.49954807,34.39894195],[132.49943223,34.39877277],[132.49918166,34.39839555],[132.49875132,34.39775141],[132.49852678,34.39740225],[132.49814944,34.39682805],[132.49799139,34.39659361],[132.49786431,34.39640573],[132.497863659,34.396404748]]]},"properties":{"任意ID":"57","区分":"第１次緊急輸送道路","枝ID":"1","行政区域":"34100","資料名称":"広島県緊急輸送道路ネットワーク計画","資料年月":"2020 06","路線名称":"広島中島線（県道70号）","道路種別":"主要地方道（都道府県道）"}},{"type":"Feature","geometry":{"type":"LineString","coordinates":[[132.51358209,34.50336464],[132.51374677,34.50327845],[132.51380361,34.50323332],[132.514182,34.50273536],[132.51428306,34.50255167],[132.51436444,34.50238861],[132.51443946,34.50212942],[132.51445306,34.50198278],[132.51448694,34.50161667],[132.51450064,34.50131083],[132.51452083,34.50094611],[132.5145333,34.50076166],[132.51456834,34.50024195],[132.51457527,34.50000079],[132.51458888,34.49989888],[132.51460948,34.49958287],[132.51467056,34.49914973],[132.51469778,34.49889611],[132.51471806,34.49877778],[132.5147317,34.49862544],[132.51475888,34.49849055],[132.51484056,34.49831027],[132.51499693,34.49811861],[132.51515303,34.49799474],[132.51535699,34.49788776],[132.516139,34.49763178],[132.51641704,34.49753311],[132.516976975,34.497322816],[132.517158634,34.497146487],[132.517239754,34.497078987],[132.517301134,34.497000097],[132.517408664,34.496883727],[132.517965754,34.496277657],[132.518109544,34.496098687],[132.518198414,34.495980047],[132.518268189,34.49579756]]},"properties":{"任意ID":"57","区分":"第２次緊急輸送道路","枝ID":"2","行政区域":"34100","資料名称":"広島県緊急輸送道路ネットワーク計画","資料年月":"2020 06","路線名称":"広島中島線（県道70号）","道路種別":"主要地方道（指定市市道）"}},{"type":"Feature","geometry":{"type":"LineString","coordinates":[[132.4832936,34.39687161],[132.48234347,34.39658729],[132.48132477,34.39633402],[132.47944819,34.3958416],[132.47836141,34.39558139],[132.47827398,34.3955703],[132.47685505,34.39523786],[132.47602306,34.39501945]]},"properties":{"任意ID":"57","区分":"第３次緊急輸送道路","枝ID":"3","行政区域":"34100","資料名称":"広島県緊急輸送道路ネットワーク計画","資料年月":"2020 06","路線名称":"広島中島線（県道70号）","道路種別":"主要地方道（指定市市道）"}},{"type":"Feature","geometry":{"type":"LineString","coordinates":[[132.53417888,34.43849774],[132.53415056,34.43880305],[132.53409416,34.43914889],[132.53397778,34.43959889],[132.53386139,34.43996139],[132.53381306,34.44017184],[132.53376083,34.44040055],[132.5336825,34.44074639],[132.53361444,34.44114945],[132.53358334,34.44148416],[132.53359186,34.44166667],[132.53359778,34.44179333],[132.53360348,34.44191325],[132.53365778,34.44239555],[132.53372584,34.44279861],[132.53379361,34.44316638],[132.5338136,34.44350985],[132.53380722,34.44375805],[132.53377619,34.44411339],[132.53375265,34.4443834],[132.53370056,34.44496026],[132.53367889,34.44519335],[132.53368528,34.44547833],[132.53373473,34.44564583],[132.53377806,34.44580667],[132.5338525,34.44597416],[132.53400972,34.44619595],[132.53423299,34.44649968],[132.53439306,34.44671334],[132.53462917,34.44705833],[132.53476806,34.44725167],[132.53511306,34.44770973],[132.53530992,34.44795225],[132.53544536,34.44809956],[132.53567502,34.44824686],[132.53587523,34.44837941],[132.5362815,34.44862645],[132.53652069,34.44879674],[132.53675639,34.44897112],[132.53738965,34.44942944],[132.53818645,34.45],[132.53910667,34.45065399],[132.53926243,34.45075875],[132.53952725,34.45094472],[132.54002448,34.45134204],[132.54119678,34.45218163]]},"properties":{"任意ID":"57","区分":"第１次緊急輸送道路","枝ID":"4","行政区域":"34100","資料名称":"広島県緊急輸送道路ネットワーク計画","資料年月":"2020 06","路線名称":"広島中島線（県道70号）","道路種別":"主要地方道（指定市市道）"}},{"type":"Feature","geometry":{"type":"LineString","coordinates":[[132.56009042,34.47470943],[132.56057247,34.47363673],[132.56095358,34.47262554],[132.56147925,34.47056376],[132.56208377,34.46823933],[132.56245174,34.46692609],[132.56262259,34.46620382],[132.56281971,34.46584924],[132.56306941,34.46557346],[132.56322711,34.46528455],[132.56326654,34.46498251],[132.56318769,34.46462793],[132.56281971,34.46403698],[132.56226776,34.46313084],[132.56184722,34.46236917],[132.5617158,34.46204086],[132.56154496,34.46163376],[132.56109814,34.46143677],[132.5599548,34.46078015],[132.55900859,34.46024173],[132.55828579,34.45987402],[132.55773383,34.45953258],[132.55741843,34.45938812],[132.55714245,34.45933559],[132.55689276,34.4592962],[132.55628824,34.4592962],[132.55531574,34.45926993],[132.55481635,34.45923053],[132.55447467,34.45908608],[132.55365987,34.45861331],[132.55270052,34.45798296],[132.5517806,34.4574314],[132.5510578,34.45691924],[132.55054527,34.45664346],[132.54980932,34.45636768],[132.54921794,34.45598684],[132.54871855,34.45557974],[132.54811403,34.45533023],[132.54693127,34.45490999],[132.54440804,34.45401699],[132.54377723,34.45368868],[132.54271275,34.45313712],[132.54119678,34.45218163]]},"properties":{"任意ID":"57","区分":"第２次緊急輸送道路","枝ID":"5","行政区域":"34100","資料名称":"広島県緊急輸送道路ネットワーク計画","資料年月":"2020 06","路線名称":"広島中島線（県道70号）","道路種別":"主要地方道（都道府県道）"}},{"type":"Feature","geometry":{"type":"LineString","coordinates":[[132.52345822,34.34995913],[132.52343597,34.35039739],[132.52341084,34.35074611],[132.52333611,34.35109528],[132.52317973,34.35142194],[132.52303008,34.35164686],[132.52287389,34.35185528],[132.52223278,34.35276],[132.5217739,34.35336527],[132.5220383,34.35349582],[132.52288723,34.35391555],[132.52330137,34.35412389],[132.52366139,34.35431083],[132.52420472,34.35458695],[132.52469978,34.35484614],[132.525,34.35500006],[132.52510111,34.35505083],[132.52532556,34.35516917],[132.52600528,34.3554925],[132.52627244,34.35562045],[132.52640078,34.35543188],[132.52703584,34.35453611],[132.52733194,34.35411139],[132.52747123,34.35391141],[132.52754846,34.35380816],[132.52772361,34.3535736],[132.52782111,34.35344055],[132.52788972,34.3533486],[132.52860278,34.35236861],[132.52890139,34.35183889],[132.52897611,34.35168695],[132.52904006,34.35153567],[132.52912209,34.35131891],[132.52916777,34.35117517],[132.52920328,34.35103014],[132.52923142,34.3509367],[132.52925956,34.35084327],[132.52928167,34.3507514],[132.52932328,34.35047129],[132.52933501,34.35025324],[132.52933834,34.35004751],[132.52933591,34.35],[132.52932637,34.34981362],[132.52931833,34.34965879],[132.52929778,34.34945055],[132.5292375,34.34903917],[132.52913144,34.34866906],[132.52891183,34.3478795],[132.52880306,34.34751833],[132.52874861,34.34727611],[132.52874471,34.34723288],[132.52872834,34.34705639],[132.52872834,34.34679722],[132.52878473,34.34652945],[132.52893028,34.34616861],[132.52917444,34.34578972],[132.52921586,34.34574088],[132.52937061,34.34562274],[132.52945028,34.34556556],[132.53120917,34.34447834],[132.53139845,34.34436334],[132.53216125,34.34390036],[132.53292268,34.34338839],[132.53313251,34.34319231],[132.5333431,34.3429594],[132.53345317,34.34279385],[132.53361473,34.34248056],[132.53364201,34.34238441],[132.53366222,34.34230027],[132.53373278,34.34194417],[132.53372564,34.34166667],[132.53371556,34.34127389],[132.53371528,34.34125059],[132.53371451,34.34114574],[132.53371361,34.34102],[132.53371334,34.34098028],[132.53372667,34.34076055],[132.53377444,34.34046195],[132.5338625,34.34019724],[132.5339305,34.3400396],[132.53405247,34.3398515],[132.53424279,34.33963389],[132.53439917,34.33950417],[132.53469115,34.33930164],[132.535085,34.33909889],[132.53543951,34.33896828],[132.53566578,34.33890181],[132.53595643,34.33881796],[132.53605968,34.33878843],[132.5362253,34.33874388]]},"properties":{"任意ID":"72","区分":"第１次緊急輸送道路","枝ID":"1","行政区域":"34100","資料名称":"広島県緊急輸送道路ネットワーク計画","資料年月":"2020 06","路線名称":"矢野安浦線（県道34号）","道路種別":"主要地方道（都道府県道）"}},{"type":"Feature","geometry":{"type":"LineString","coordinates":[[132.5217739,34.35336527],[132.52140043,34.35387803],[132.52118334,34.35417639],[132.52096834,34.3544675],[132.52062774,34.35492954],[132.52025967,34.35543268],[132.51995639,34.35584639],[132.51969166,34.35621834],[132.51955422,34.35640098],[132.51945741,34.35653342]]},"properties":{"任意ID":"86","区分":"第１次緊急輸送道路","枝ID":"1","行政区域":"34100","資料名称":"広島県緊急輸送道路ネットワーク計画","資料年月":"2020 06","路線名称":"矢野海田線（県道276号）","道路種別":"一般都道府県道"}},{"type":"Feature","geometry":{"type":"LineString","coordinates":[[132.45784723,34.58342444],[132.45785361,34.58397055],[132.45788778,34.58422972],[132.45792861,34.58437055],[132.45807858,34.58463552],[132.45833334,34.58490864],[132.45993306,34.58655611],[132.46024545,34.58686491],[132.46049602,34.58725985],[132.46078226,34.58768259],[132.4608775,34.58786277],[132.46103444,34.58823445],[132.46118417,34.58862278],[132.46128611,34.58890417],[132.46138833,34.58925333],[132.46153833,34.5898225],[132.46162691,34.59039108],[132.46173584,34.59119111],[132.46174611,34.59166667],[132.46174973,34.59183305],[132.46171556,34.59232305],[132.46170832,34.59244051],[132.46170194,34.59267805],[132.46169473,34.59308361],[132.46176972,34.59444065],[132.46177694,34.59495333],[132.46172203,34.59537147],[132.46168911,34.59546916],[132.46161333,34.59564611],[132.46127967,34.59623175],[132.46115,34.59654667],[132.46094611,34.59710923],[132.46074167,34.59770723],[132.4604825,34.59864777],[132.46043472,34.59894055],[132.46043472,34.59936836],[132.46044194,34.59953722],[132.46047583,34.59980223],[132.46050306,34.59991473],[132.46054036,34.60000498],[132.46058472,34.60011222],[132.46073471,34.60042195],[132.46076861,34.60056805],[132.46076861,34.60086111],[132.46072806,34.60104722],[132.46067941,34.60125636],[132.46052334,34.60154778],[132.46039417,34.60172278],[132.46025084,34.60184667],[132.4600125,34.60199861],[132.45980178,34.60209995],[132.45949472,34.60226917],[132.45927723,34.60242111],[132.45909334,34.60260111],[132.45896361,34.60276446],[132.45871834,34.6030125],[132.45852085,34.60323194],[132.45839833,34.60335028],[132.45833333,34.60340031],[132.45830306,34.60342361],[132.45813972,34.60349083],[132.45800335,34.603525],[132.45761528,34.603525],[132.457240558,34.60347472]]},"properties":{"任意ID":"103","区分":"第２次緊急輸送道路","枝ID":"2","行政区域":"34100","資料名称":"広島県緊急輸送道路ネットワーク計画","資料年月":"2020 06","路線名称":"安佐豊平芸北線（県道40号）","道路種別":"主要地方道（指定市市道）"}},{"type":"Feature","geometry":{"type":"LineString","coordinates":[[132.46554389,34.40441971],[132.46447325,34.40461155],[132.46426028,34.40464972],[132.46376963,34.40478475],[132.46305667,34.40502111],[132.46265513,34.40515079],[132.46131747,34.40560716],[132.45917545,34.4063717],[132.45913952,34.40638453],[132.45876883,34.40655422],[132.45837682,34.40682401],[132.45788167,34.4071875],[132.45715574,34.40770674],[132.45630188,34.40831728],[132.45570653,34.4087344],[132.45533001,34.40892999],[132.45512671,34.4090121],[132.45498289,34.40907041],[132.45477194,34.40913807],[132.45434994,34.40925141],[132.45364704,34.40937499],[132.45310806,34.40937473],[132.45298612,34.40937473],[132.45276647,34.40935469]]},"properties":{"任意ID":"121","区分":"第２次緊急輸送道路","枝ID":"1","行政区域":"34100","資料名称":"広島県緊急輸送道路ネットワーク計画","資料年月":"2020 06","路線名称":"東海田広島線（県道84号）","道路種別":"主要地方道（都道府県道）"}},{"type":"Feature","geometry":{"type":"LineString","coordinates":[[132.46864667,34.40304502],[132.46883612,34.40314889],[132.4694275,34.40347303],[132.46965322,34.40338458],[132.47027917,34.40312134],[132.47072879,34.40292698],[132.47114392,34.40273443],[132.47134778,34.40259944],[132.47149694,34.4024811],[132.47182919,34.40214305],[132.47228444,34.40167],[132.47260389,34.40132639],[132.4729849,34.4010107],[132.47316036,34.40088222],[132.47333743,34.40076893],[132.47389389,34.40048139],[132.47433972,34.40025669],[132.47489901,34.39996962],[132.47510499,34.39985957],[132.47574461,34.39951781],[132.47646238,34.39914075],[132.476875048,34.398931475],[132.47707205,34.39883157],[132.47724745,34.39874245],[132.4776953,34.39850705],[132.47823485,34.39822463],[132.478715,34.39796417],[132.47931569,34.39765117],[132.47977471,34.39741777],[132.48010062,34.39733332],[132.48045361,34.39727695],[132.48129703,34.39715074],[132.48155807,34.39712603],[132.48229817,34.39700452],[132.48270374,34.39695519],[132.4832936,34.39687161]]},"properties":{"任意ID":"121","区分":"第２次緊急輸送道路","枝ID":"3","行政区域":"34100","資料名称":"広島県緊急輸送道路ネットワーク計画","資料年月":"2020 06","路線名称":"東海田広島線（県道84号）","道路種別":"主要地方道（指定市市道）"}},{"type":"Feature","geometry":{"type":"LineString","coordinates":[[132.49571846,34.39320505],[132.4969731,34.39263436],[132.49852207,34.39203355],[132.499840917,34.391528187],[132.49987742,34.3915142],[132.50061115,34.39122907],[132.50124296,34.39085229],[132.501296408,34.390828339]]},"properties":{"任意ID":"121","区分":"第２次緊急輸送道路","枝ID":"4","行政区域":"34100","資料名称":"広島県緊急輸送道路ネットワーク計画","資料年月":"2020 06","路線名称":"東海田広島線（県道84号）","道路種別":"主要地方道（都道府県道）"}},{"type":"Feature","geometry":{"type":"LineString","coordinates":[[132.47498724,34.39335066],[132.47458984,34.39320847],[132.47419718,34.39305982],[132.47393028,34.39299695],[132.47326063,34.39287597],[132.47270837,34.3927613],[132.47165361,34.39257813],[132.47116925,34.39264553],[132.47057423,34.39273053],[132.47020298,34.392765],[132.4689715,34.392944],[132.4682222,34.39305361],[132.4678355,34.39309624],[132.46769495,34.39312351],[132.46733567,34.39316311],[132.46722414,34.39316848],[132.46679443,34.39317333],[132.46666667,34.39317825],[132.46630209,34.39319228],[132.46619116,34.39319861],[132.46559104,34.39324805],[132.46520054,34.39329639],[132.46496278,34.39335171],[132.46492612,34.39335362],[132.463547024,34.393705944],[132.45833332,34.39497622],[132.45767998,34.3951289]]},"properties":{"任意ID":"124","区分":"第２次緊急輸送道路","枝ID":"1","行政区域":"34100","資料名称":"広島県緊急輸送道路ネットワーク計画","資料年月":"2020 06","路線名称":"広島海田線（県道164号）","道路種別":"一般都道府県道"}},{"type":"Feature","geometry":{"type":"LineString","coordinates":[[132.49861524,34.38605878],[132.4974775,34.38635389],[132.49692722,34.38650833],[132.49664255,34.38657583],[132.49607558,34.38674344],[132.49597164,34.38676342],[132.49541337,34.3869474],[132.49401294,34.38734202],[132.4929767,34.38764353],[132.49205194,34.38790464],[132.49142259,34.38809118],[132.49009917,34.3884661],[132.48941689,34.38866565],[132.48893517,34.38879753],[132.4888552,34.38881356],[132.48797084,34.38905973],[132.4877605,34.38912141],[132.48752305,34.38918353],[132.48694675,34.38935805],[132.486876377,34.389380648],[132.48682421,34.3893974],[132.48662067,34.38946586],[132.48637472,34.38954361],[132.4859805,34.38967928],[132.48543109,34.38985362],[132.48486777,34.39003935],[132.48470501,34.39010157],[132.48415472,34.39029278],[132.48333334,34.3905785],[132.48257491,34.39084232],[132.48176082,34.3911255],[132.48109106,34.39135838],[132.48063022,34.39150918],[132.4802775,34.39161667],[132.4801625,34.39166667],[132.47993252,34.39176665],[132.47965923,34.39200493],[132.47905502,34.3927147],[132.47866778,34.39319361],[132.47841003,34.3934919],[132.4781042,34.39387469],[132.47778027,34.39429694],[132.476375,34.39385306]]},"properties":{"任意ID":"124","区分":"第１次緊急輸送道路","枝ID":"2","行政区域":"34100","資料名称":"広島県緊急輸送道路ネットワーク計画","資料年月":"2020 06","路線名称":"広島海田線（県道164号）","道路種別":"一般都道府県道"}},{"type":"Feature","geometry":{"type":"LineString","coordinates":[[132.504689312,34.375751551],[132.50470583,34.37570667],[132.50472136,34.37566083],[132.50475974,34.3755624],[132.50502167,34.37529972],[132.50527398,34.375071],[132.50534609,34.375],[132.50540231,34.37494465],[132.50586361,34.37456195],[132.50596576,34.3744831],[132.506305,34.37427445],[132.50639334,34.37421224],[132.50655667,34.37412223],[132.50676362,34.37403288],[132.50692745,34.37397695],[132.50699773,34.37396474],[132.50722167,34.37390833],[132.50765642,34.37384083],[132.50785975,34.37382416],[132.50807056,34.37381834],[132.5083364,34.37381834],[132.5089397,34.37382416],[132.50909578,34.373835],[132.50942194,34.37388055],[132.50959834,34.37390839],[132.51096069,34.37418053],[132.5122261,34.37446077],[132.51307494,34.37464666],[132.51327166,34.37468055],[132.51387953,34.37467569],[132.51399858,34.37467474],[132.51427681,34.37466334],[132.51513919,34.374635],[132.51526099,34.37462418],[132.51560667,34.37460173],[132.51629364,34.37457333],[132.51640216,34.37456223],[132.51720999,34.37453389],[132.51739361,34.37449417],[132.51836672,34.37423813],[132.52051276,34.37354739],[132.52374093,34.37257643],[132.52439281,34.37238563],[132.52502509,34.37219818],[132.52636966,34.37179454],[132.52719509,34.37154141],[132.52796197,34.37130482],[132.52825365,34.37121593],[132.52829139,34.37120361]]},"properties":{"任意ID":"124","区分":"第２次緊急輸送道路","枝ID":"3","行政区域":"34100","資料名称":"広島県緊急輸送道路ネットワーク計画","資料年月":"2020 06","路線名称":"広島海田線（県道164号）","道路種別":"一般都道府県道"}},{"type":"Feature","geometry":{"type":"LineString","coordinates":[[132.457031,34.574075],[132.456693,34.57346],[132.45653,34.572993],[132.456358,34.572394],[132.45626,34.571594],[132.45625,34.569938],[132.456254,34.56917],[132.456208,34.568293],[132.456021,34.567473],[132.45576,34.566706],[132.455365,34.565956],[132.454865,34.565255],[132.453811,34.56399],[132.45277,34.562837],[132.451707,34.561578],[132.451117,34.560762],[132.45063,34.560025],[132.45031,34.559211],[132.450143,34.55833],[132.450232,34.55728],[132.450438,34.556432],[132.450723,34.555252],[132.451087,34.554],[132.451402,34.552684],[132.451608,34.551876],[132.451766,34.550753],[132.451815,34.550317],[132.451825204,34.549917961],[132.451843,34.549222],[132.45186,34.548693],[132.451906,34.547945],[132.451889,34.547164],[132.451866,34.546283],[132.451814,34.545797],[132.451721,34.54543],[132.451605,34.544987],[132.451524,34.544501],[132.45141178,34.54404128],[132.451344,34.543791],[132.451152,34.543424],[132.45092,34.543033],[132.450427,34.542324],[132.449963,34.541714],[132.449395,34.541013],[132.44896,34.540518],[132.448322,34.539746],[132.446704,34.538117],[132.445723,34.537221],[132.445016,34.536626],[132.444221,34.535987],[132.442562,34.534858],[132.441559,34.534205],[132.440991,34.533867],[132.440347,34.533448],[132.439239,34.532728],[132.437934,34.531904],[132.436925,34.53128],[132.436142,34.530751],[132.435486,34.530308],[132.434993,34.529946],[132.43379,34.529001],[132.433352,34.528598],[132.432627,34.527955],[132.431989,34.52733],[132.431501,34.526783],[132.430626,34.525858],[132.429686,34.524848],[132.429338,34.524434],[132.428961,34.523943],[132.428588,34.523437],[132.428164,34.522796],[132.427957,34.522452],[132.42786,34.52216],[132.427739,34.521853],[132.427544,34.520981],[132.427298,34.519827],[132.427074,34.518931],[132.426913,34.518404],[132.426781,34.518088],[132.4265,34.517602],[132.426202,34.517174],[132.425972,34.516862],[132.425794,34.516679],[132.425576,34.516462],[132.425358,34.516273],[132.424997,34.516052],[132.42448,34.515821],[132.423901,34.515585],[132.423144,34.515312],[132.422495,34.515053],[132.42191,34.514822],[132.421546,34.514655],[132.420952,34.514327],[132.42047,34.51404],[132.419925,34.513681],[132.419288,34.513168],[132.41825,34.512291],[132.417005,34.511273],[132.415501,34.509925],[132.414572,34.509171],[132.413017,34.507955],[132.411216,34.506523],[132.410831,34.50624],[132.410539,34.506023],[132.410265,34.505665],[132.40993,34.505123],[132.409626,34.504642],[132.409225,34.504115],[132.408766,34.503431],[132.408169,34.502677],[132.407458,34.501744],[132.407079,34.501193],[132.40689,34.500938],[132.406597,34.500608],[132.406115,34.500123],[132.405817,34.499821],[132.40526,34.499388],[132.404617,34.498926],[132.403969,34.498488],[132.403109,34.49796],[132.402518,34.497639],[132.401763,34.497201],[132.4011,34.496838],[132.400435,34.496414],[132.399863,34.496018],[132.399213,34.495495],[132.398732,34.495058],[132.398416,34.494687],[132.397905,34.494095],[132.39748,34.493506],[132.397142,34.492891],[132.396856,34.492297],[132.396652,34.491745],[132.396479,34.49107],[132.396373,34.490382],[132.396178,34.489557],[132.395897,34.487936],[132.395748,34.48725],[132.395537,34.486464],[132.395353,34.4858],[132.395348,34.485782],[132.394914,34.485036],[132.394454,34.484205],[132.393746,34.483193],[132.391313,34.48033],[132.390074,34.47836],[132.389548,34.477208],[132.389167,34.475925],[132.388925,34.474749],[132.388836,34.473363],[132.38892,34.472641],[132.389111,34.471972],[132.389347,34.471428],[132.389835,34.470612],[132.390314,34.470164],[132.390521,34.469928],[132.390796,34.469674],[132.39098,34.469509],[132.391278,34.469325],[132.391915,34.468962],[132.392609,34.468571],[132.393166,34.468237],[132.39351,34.467992],[132.393941,34.467592],[132.394379,34.467109],[132.394863,34.466458],[132.395092,34.465903],[132.395374,34.465165],[132.395736,34.463843],[132.396228,34.462901],[132.396505,34.462562],[132.397119,34.46193],[132.397781,34.461432],[132.399186,34.460564],[132.399664,34.460105],[132.400205,34.459387],[132.400459,34.458894],[132.400701,34.458116],[132.400763,34.457427],[132.400748,34.45616],[132.40088,34.455414],[132.401089,34.454836],[132.401266,34.45441],[132.40158,34.453958],[132.401941,34.453521],[132.402228,34.453284],[132.402471,34.453126],[132.402753,34.452925],[132.403051,34.452727],[132.40339,34.452529],[132.403768,34.45235],[132.40413796,34.45219498],[132.404836,34.451931],[132.405518,34.451695],[132.406103,34.451492],[132.406844,34.451219],[132.407813,34.450894],[132.408473,34.450691],[132.409781,34.450243],[132.410372,34.450013],[132.411617,34.449489],[132.412349,34.44916]]},"properties":{"任意ID":"154","区分":"第１次緊急輸送道路","枝ID":"1","行政区域":"34100","資料名称":"広島県緊急輸送道路ネットワーク計画","資料年月":"2020 06","路線名称":"広島自動車道","道路種別":"高速自動車国道"}},{"type":"Feature","geometry":{"type":"LineString","coordinates":[[132.44908183,34.54469054],[132.44927783,34.54487065],[132.44928648,34.54510396],[132.44919136,34.54543233],[132.4488714,34.54598538],[132.44866386,34.54645201],[132.44855144,34.54689271],[132.44854279,34.54741119],[132.44863792,34.54789511],[132.44888005,34.54837038],[132.44919136,34.54881973],[132.44976209,34.54926907],[132.45008205,34.54947647],[132.45068738,34.54966658],[132.45137918,34.54982212],[132.4518252,34.54991796]]},"properties":{"任意ID":"154","区分":"第１次緊急輸送道路","枝ID":"2","行政区域":"34100","資料名称":"広島県緊急輸送道路ネットワーク計画","資料年月":"2020 06","路線名称":"広島自動車道","道路種別":"高速自動車国道"}},{"type":"Feature","geometry":{"type":"LineString","coordinates":[[132.38600974,34.47021583],[132.38572902,34.471104],[132.38552965,34.47187372],[132.38538466,34.47246233],[132.38527591,34.47296944],[132.38528498,34.47334072],[132.3854934,34.47381161],[132.38585589,34.47435494],[132.38650836,34.47500694],[132.38715176,34.47551405],[132.38781329,34.47582194],[132.38830265,34.47595777],[132.3887195,34.47593966],[132.389167,34.475925]]},"properties":{"任意ID":"154","区分":"第１次緊急輸送道路","枝ID":"3","行政区域":"34100","資料名称":"広島県緊急輸送道路ネットワーク計画","資料年月":"2020 06","路線名称":"広島自動車道","道路種別":"高速自動車国道"}},{"type":"Feature","geometry":{"type":"LineString","coordinates":[[132.51021063,34.40499133],[132.510316,34.405087],[132.510518,34.405273],[132.510733,34.405504],[132.510981,34.405804],[132.511275,34.40604],[132.511562,34.406222],[132.511868,34.406367],[132.512299,34.406597],[132.512651,34.406806],[132.512945,34.407085],[132.513186,34.407363],[132.513369,34.407717],[132.513486,34.40814],[132.513863,34.409272],[132.514212,34.410545],[132.514387,34.41147],[132.514446,34.412088],[132.514543,34.413328],[132.51459059,34.41375187],[132.514615,34.414384],[132.51468,34.414963],[132.514752,34.415659],[132.51481,34.416087],[132.514917,34.416609],[132.515103,34.416978],[132.515295,34.417312],[132.515716,34.417792],[132.516087,34.41815],[132.516501,34.418507],[132.517114,34.418952],[132.517984,34.419638],[132.518569,34.42006],[132.519225,34.420634],[132.519625,34.421015],[132.520067,34.42156],[132.520324,34.422022],[132.52058,34.422591],[132.520859,34.423142],[132.521187,34.423745],[132.521615,34.424343],[132.522285,34.425134],[132.522799,34.425655],[132.523269,34.426177],[132.523769,34.426997],[132.524311,34.427847],[132.525081,34.428925],[132.525666,34.429745],[132.526087,34.430266],[132.526386,34.430536],[132.526857,34.430835],[132.527456,34.431122],[132.528583,34.431614],[132.529282,34.431948],[132.530045,34.432317],[132.530594,34.432593],[132.531279,34.433032],[132.532021,34.433524],[132.532977,34.434052],[132.533784,34.434603],[132.534762,34.435405],[132.536174,34.436607],[132.537814,34.437948],[132.538699,34.438816],[132.539433,34.439624],[132.539797,34.440251],[132.540118,34.441019],[132.540268,34.441616],[132.540339,34.442255],[132.540311,34.442829],[132.540232,34.443433],[132.540047,34.44437],[132.539961,34.445097],[132.539933,34.445741],[132.540111,34.446398],[132.54046,34.447105],[132.541512,34.448749],[132.54175,34.449098],[132.5425,34.449748],[132.543199,34.450111],[132.544477,34.450585]]},"properties":{"任意ID":"155","区分":"第１次緊急輸送道路","枝ID":"1","行政区域":"34100","資料名称":"広島県緊急輸送道路ネットワーク計画","資料年月":"2020 06","路線名称":"県道広島東インター線（高速1号線）","道路種別":"都市高速道路"}},{"type":"Feature","geometry":{"type":"LineString","coordinates":[[132.53417888,34.43849774],[132.53413115,34.43806118],[132.53394716,34.43719444],[132.53365804,34.43582868],[132.53346091,34.435067],[132.53325065,34.43448918],[132.532977,34.434052]]},"properties":{"任意ID":"155","区分":"第１次緊急輸送道路","枝ID":"2","行政区域":"34100","資料名称":"広島県緊急輸送道路ネットワーク計画","資料年月":"2020 06","路線名称":"県道広島東インター線（高速1号線）","道路種別":"都市高速道路"}},{"type":"Feature","geometry":{"type":"MultiLineString","coordinates":[[[132.497271367,34.357179669],[132.497303,34.358152],[132.497339,34.359365],[132.497262849,34.360230673],[132.497239,34.360707],[132.497202,34.360883],[132.497262,34.361246],[132.497382,34.361719],[132.497448,34.361873],[132.497765,34.362372],[132.49814555,34.36284853],[132.498562,34.36337],[132.499215,34.364252],[132.49955176,34.36484713],[132.499563,34.364867],[132.499668,34.365428],[132.499638,34.366251],[132.499396,34.367832],[132.499149,34.36935],[132.499006,34.370541],[132.49899788,34.37059008],[132.498695,34.37242],[132.498585,34.373279],[132.498455,34.374178],[132.498398,34.375361],[132.498381,34.376615],[132.498445,34.378144],[132.498531,34.379152],[132.498547,34.379384],[132.498652,34.381261],[132.498647,34.382231],[132.498637,34.383956],[132.49861524,34.38605878],[132.498619,34.387747],[132.49866,34.388355],[132.498827,34.389378],[132.49891,34.38964],[132.499039,34.390048],[132.499237,34.390496],[132.499393,34.390792],[132.499658,34.391231],[132.499815,34.391488],[132.499840917,34.391528187],[132.500009022,34.39178886]],[[132.506690592,34.404322104],[132.506771,34.404302],[132.507151,34.404206],[132.507691,34.40414],[132.50830392,34.40412536],[132.50871574,34.40419283],[132.50912013,34.40431244],[132.50950969,34.40447497],[132.509673,34.404598],[132.510012,34.404811],[132.51021063,34.40499133]],[[132.504475055,34.404277318],[132.50454193,34.4043247],[132.50482019,34.40440444],[132.50524684,34.40449644],[132.50553994,34.40449644],[132.50596288,34.40448111],[132.50638583,34.4043983],[132.506402471,34.404394139]]]},"properties":{"任意ID":"156","区分":"第１次緊急輸送道路","枝ID":"1","行政区域":"34100","資料名称":"広島県緊急輸送道路ネットワーク計画","資料年月":"2020 06","路線名称":"広島高速2号線","道路種別":"都市高速道路"}},{"type":"Feature","geometry":{"type":"MultiLineString","coordinates":[[[132.44533692,34.36567646],[132.447806,34.363641],[132.450265,34.361445],[132.451293,34.360478],[132.452321,34.359511],[132.453452,34.358375],[132.453687,34.358115],[132.454628,34.357087],[132.455334,34.356485],[132.455786,34.356158],[132.45590493,34.35609769],[132.457257,34.355412],[132.458298,34.354907],[132.458892,34.354638],[132.459118,34.354553],[132.459402,34.354447],[132.460181,34.354249],[132.460986,34.354129],[132.461629,34.354104],[132.462188,34.354111],[132.46297597,34.35411888],[132.463551,34.354178],[132.464015,34.35429],[132.464486,34.354461],[132.464939,34.354608],[132.465368,34.354765],[132.46587,34.354903],[132.466385,34.355008],[132.466805,34.355055],[132.467391,34.355054],[132.46902,34.354964],[132.469161807,34.354976265],[132.470062,34.354986],[132.470782,34.355039],[132.471283,34.355135],[132.471806,34.355326],[132.472647,34.355678],[132.473268,34.355971],[132.473739,34.356275],[132.474281,34.356691],[132.4746276,34.35691509],[132.474844,34.357055],[132.475343,34.357336],[132.475835,34.357535],[132.476342,34.357658],[132.477062,34.357705],[132.477868,34.357664],[132.478724,34.357559],[132.478733078,34.357557586]],[[132.481161381,34.357172613],[132.481998,34.357061],[132.482996,34.356955],[132.483767,34.356896],[132.484972,34.356861],[132.486655,34.356844],[132.488053,34.35682],[132.48948,34.356809],[132.490507,34.356785],[132.491241,34.356779],[132.492682,34.356762],[132.493831,34.356762],[132.494879,34.356756],[132.496139597,34.356809682]]]},"properties":{"任意ID":"157","区分":"第１次緊急輸送道路","枝ID":"1","行政区域":"34100","資料名称":"広島県緊急輸送道路ネットワーク計画","資料年月":"2020 06","路線名称":"広島高速3号線","道路種別":"都市高速道路"}},{"type":"Feature","geometry":{"type":"LineString","coordinates":[[132.410616,34.43587],[132.41076,34.435626],[132.412424,34.433608],[132.414373,34.431127],[132.417756,34.427137],[132.418072,34.426795],[132.418409,34.426469],[132.419115,34.425879],[132.419961,34.425258],[132.420996,34.424597],[132.422001,34.423995],[132.423754,34.423087],[132.425908,34.422021],[132.426896,34.421488],[132.428573,34.420466],[132.429304,34.419939],[132.429788,34.419528],[132.43026,34.419092],[132.43058,34.418726],[132.430883,34.418254],[132.431176,34.417694],[132.431441,34.41699],[132.431574,34.416468],[132.431699,34.4159],[132.43175,34.415436],[132.431782,34.415009],[132.431689,34.413917],[132.431575,34.413082],[132.431578,34.41238],[132.431576,34.412053],[132.431641,34.411697],[132.43175,34.411184],[132.432108,34.410154],[132.432299,34.409719],[132.432706,34.408953],[132.433084,34.408346],[132.433609,34.407675],[132.434078,34.407165],[132.434902,34.406335],[132.435411,34.405896],[132.43658,34.40481],[132.437471,34.404118],[132.438155,34.403735],[132.438417065,34.403596862],[132.438948,34.403317],[132.440286,34.402819],[132.44196703,34.40224344]]},"properties":{"任意ID":"158","区分":"第１次緊急輸送道路","枝ID":"1","行政区域":"34100","資料名称":"広島県緊急輸送道路ネットワーク計画","資料年月":"2020 06","路線名称":"広島高速4号線","道路種別":"都市高速道路"}},{"type":"Feature","geometry":{"type":"LineString","coordinates":[[132.51276674,34.5007152],[132.51252222,34.5008225],[132.51246083,34.50089],[132.51244056,34.50095195],[132.51233194,34.50147583],[132.51209761,34.50244356],[132.51190639,34.50323333],[132.51161824,34.50406695],[132.51147564,34.50442706],[132.51132892,34.50473719],[132.51086306,34.50572278],[132.51059084,34.50624639],[132.51016222,34.50700111],[132.50952601,34.50802892],[132.50933758,34.50833333],[132.50904666,34.50880333],[132.50833334,34.50982828],[132.50825056,34.50994722],[132.50778085,34.51055527],[132.5072025,34.51123139],[132.50629084,34.51223388],[132.50616834,34.51240305],[132.50612084,34.51250445],[132.50607977,34.51263346],[132.5060525,34.51276861],[132.50602556,34.51307334],[132.50601814,34.51342068],[132.50601194,34.51372151],[132.50601194,34.51415737],[132.50601194,34.51435936],[132.50602421,34.51468249],[132.50604752,34.51486825],[132.50607973,34.51508972],[132.50626557,34.51587962],[132.50639806,34.51645034],[132.50646385,34.51673358],[132.50650496,34.5169106],[132.50678046,34.51809679],[132.50706718,34.51952743],[132.50714963,34.52000734],[132.50722681,34.52043162],[132.50733167,34.52099835],[132.50748806,34.52174195],[132.50755163,34.52197955],[132.50766386,34.52244644],[132.50788867,34.52321214],[132.50824337,34.52416651],[132.50835017,34.52445392],[132.50859931,34.525],[132.50875067,34.52533184],[132.5092263,34.52618696],[132.50952601,34.52667814],[132.50984475,34.5272005],[132.51088438,34.52903424],[132.51136256,34.52987766],[132.51169986,34.53074978],[132.51210027,34.53195515],[132.51226351,34.53243969],[132.51238965,34.53296104],[132.51290906,34.53586218],[132.5134433,34.53573951],[132.51365106,34.53651233],[132.51386625,34.53716248],[132.51457858,34.53860998],[132.51497926,34.53916813],[132.51549867,34.53967721],[132.51604775,34.54014949],[132.51661168,34.54049909],[132.51709399,34.54076283],[132.5177989,34.54103271],[132.51908999,34.54135165],[132.52015849,34.54158472],[132.52147184,34.54185459],[132.52225095,34.54203246],[132.52288166,34.54222874],[132.52320814,34.54237594],[132.52364593,34.54256608],[132.52410598,34.54282368],[132.525027442,34.543367225],[132.526531947,34.544500635],[132.527924175,34.545522562],[132.529406225,34.546507328],[132.5305739,34.547287708],[132.530865819,34.547510674],[132.532398438,34.548509375],[132.534509299,34.549698526],[132.536068151,34.550749871],[132.537131109,34.551604572],[132.538164125,34.552440694],[132.538882745,34.552979527],[132.539590154,34.553465716],[132.540353706,34.553967389],[132.541266975,34.554450481],[132.542333722,34.554980024],[132.54314969,34.555512664],[132.543711135,34.555970982],[132.544411084,34.55670491],[132.545077345,34.557318065],[132.545623828,34.557689674],[132.54615534,34.558005542],[132.546533396,34.558262571],[132.547042462,34.558832372],[132.547416775,34.559402172],[132.547850978,34.55973662],[132.548419934,34.559910038],[132.548887836,34.559987456],[132.548945476,34.559979643],[132.54923183,34.559979643]]},"properties":{"任意ID":"159","区分":"第１次緊急輸送道路","枝ID":"1","行政区域":"34100","資料名称":"広島県緊急輸送道路ネットワーク計画","資料年月":"2020 06","路線名称":"一般国道54号（可部バイパス）","道路種別":"一般国道"}},{"type":"Feature","geometry":{"type":"LineString","coordinates":[[132.45402752,34.38466783],[132.45414505,34.38493033],[132.45427456,34.38529245],[132.45441975,34.38569408],[132.45469703,34.38653019],[132.45497902,34.38735465],[132.45531337,34.38830179],[132.45583103,34.38976785],[132.45599011,34.39021838],[132.45641413,34.3914337],[132.45660343,34.39198765],[132.45715213,34.3935966],[132.4575064,34.39463151],[132.45767998,34.3951289],[132.45902472,34.39898945],[132.45910971,34.39923277],[132.45833334,34.39942809],[132.45669628,34.3998395],[132.45738203,34.40158819],[132.4582787,34.40407786],[132.45832019,34.40419524],[132.45887588,34.40582296],[132.45904268,34.40623254],[132.45917545,34.4063717],[132.45931667,34.40651972],[132.45964815,34.40687334],[132.46011885,34.40735775],[132.46021566,34.40745416],[132.46069848,34.40789662],[132.4618941,34.40889495],[132.46219548,34.40917152],[132.46238028,34.4096325],[132.46239353,34.40967313],[132.46302129,34.41165043],[132.46360306,34.4135325],[132.46385903,34.41437522],[132.46398447,34.41502815],[132.46400234,34.41507867],[132.46419611,34.41569167],[132.46444776,34.41645447],[132.46483878,34.41763728],[132.46503391,34.41822764],[132.46515194,34.41858472],[132.46518972,34.41874888],[132.46521,34.41892305],[132.46523777,34.41922333],[132.46524578,34.41966191],[132.46524277,34.42028764],[132.46524277,34.42037167],[132.46529422,34.42094751],[132.46533972,34.42138222],[132.46550105,34.42187651],[132.46565167,34.42228083],[132.46580333,34.42268833],[132.46590249,34.42296917],[132.466069,34.42331219],[132.46626222,34.42366972],[132.46649538,34.424032],[132.46679575,34.42441339],[132.46704194,34.42471361],[132.4673648,34.42506897],[132.46755613,34.42527752],[132.46806992,34.42575269],[132.4684,34.42605833],[132.46881334,34.42642277],[132.46945167,34.42701417],[132.46963856,34.42717752],[132.47012721,34.42757855],[132.47019571,34.42788588],[132.47017067,34.42825746],[132.46990861,34.42929472],[132.46981527,34.42968473],[132.46977789,34.42984035],[132.46969389,34.43019055],[132.46940049,34.43137921],[132.46936587,34.43158213],[132.46932284,34.43183423],[132.46931556,34.43187695],[132.46931068,34.43211315],[132.46930874,34.43220654],[132.46932053,34.4326965],[132.46932362,34.43274055],[132.46940306,34.43302861],[132.46948003,34.43321827],[132.46956146,34.43345137],[132.46980417,34.43378861],[132.47003927,34.43408053],[132.47022861,34.43431527],[132.47047972,34.43463305],[132.47083861,34.43512055],[132.47133531,34.43573007],[132.4713664,34.43577168],[132.47149786,34.43594489],[132.47196833,34.43657945],[132.47220701,34.4368881],[132.47250944,34.43727416],[132.47288466,34.43777313],[132.47291806,34.43781722],[132.47315222,34.43814223],[132.47331056,34.43840583],[132.47347926,34.4386954],[132.47355722,34.43884888],[132.47406472,34.43989305],[132.47415694,34.44021974],[132.47426944,34.44062833],[132.47433694,34.44091862],[132.47438083,34.44121253],[132.47446808,34.44166667],[132.47449222,34.44179223],[132.47457453,34.44226056],[132.47471389,34.44298861],[132.4747726,34.44331913],[132.47485556,34.44378277],[132.4749447,34.44421024],[132.475,34.44448141],[132.47509361,34.44494027],[132.47520417,34.44542667],[132.47528916,34.44576916],[132.47553421,34.44663924],[132.47560388,34.44688973],[132.47560504,34.44689384],[132.47561333,34.44692319],[132.47580806,34.44761333],[132.47590222,34.44795307],[132.47606478,34.44857716],[132.47619222,34.44904277],[132.47641221,34.44981045],[132.47646361,34.45],[132.47657944,34.45042722],[132.47668541,34.45082035],[132.47688478,34.45157123],[132.47714944,34.45252278],[132.47725898,34.45294235],[132.47733723,34.45324249],[132.47755516,34.45380722],[132.47768639,34.45414667],[132.4778215,34.45461425],[132.47789157,34.45485686],[132.477917,34.4549098],[132.47804301,34.45517209],[132.47821878,34.45556649],[132.47851084,34.45623112],[132.47898639,34.45731777],[132.47925652,34.45795194],[132.47937678,34.45833333],[132.47953083,34.45882195],[132.47958585,34.45910217],[132.47962124,34.45928245],[132.4796344,34.45934945],[132.4796831,34.45963858],[132.47971889,34.45999061],[132.47971764,34.46019764],[132.47969598,34.46040634],[132.47965656,34.46056897],[132.4795501,34.46077936],[132.47940824,34.46100283],[132.47926469,34.46115238],[132.47911823,34.46129977],[132.47888046,34.46146916],[132.47873531,34.46157033],[132.47821406,34.4619245],[132.47789,34.46218446],[132.4778105,34.4622814],[132.47774944,34.46235583],[132.47767543,34.46244927],[132.47758292,34.46260625],[132.47751091,34.46279963]]},"properties":{"任意ID":"160","区分":"第１次緊急輸送道路","枝ID":"1","行政区域":"34100","資料名称":"広島県緊急輸送道路ネットワーク計画","資料年月":"2020 06","路線名称":"一般国道54号（祇園新道）","道路種別":"一般国道"}},{"type":"Feature","geometry":{"type":"LineString","coordinates":[[132.39916819,34.43349139],[132.3991636,34.43295438],[132.39916724,34.43279182],[132.39916594,34.4326609],[132.39916262,34.43232586],[132.39918726,34.43134428],[132.39918647,34.43104916],[132.39918622,34.43095917],[132.39918612,34.43091806],[132.39921877,34.42969734],[132.39917463,34.42940626],[132.39914153,34.42929726],[132.39908183,34.42904955],[132.39891139,34.42867333],[132.39886333,34.42858168],[132.39832416,34.42773195],[132.39796451,34.42719274],[132.3978349,34.42697971],[132.39767,34.42670611],[132.39755084,34.42650528],[132.39737973,34.426175],[132.39728222,34.42583361],[132.39726342,34.42559916],[132.39725,34.42542946],[132.39725,34.42509028],[132.39725356,34.425],[132.39727417,34.424475],[132.39735095,34.42378609],[132.39737734,34.4235812],[132.39741194,34.42335278],[132.39745917,34.42306614],[132.39762944,34.42201055],[132.39773444,34.42153861],[132.39781972,34.42127],[132.39804249,34.42065362],[132.39826584,34.42001833],[132.39829642,34.41990856],[132.39843474,34.41940859],[132.39846555,34.41929833],[132.3985514,34.41888085],[132.39859861,34.41865139],[132.39862,34.41832861],[132.39861497,34.418285],[132.39859195,34.4180864],[132.39858279,34.41789289],[132.39852861,34.41763445],[132.39846417,34.41740277],[132.398335,34.41709083],[132.39821639,34.41681611],[132.39814867,34.41666667],[132.39800667,34.41635334],[132.39776953,34.41587958],[132.39719884,34.41465739],[132.39709614,34.41443797],[132.39703365,34.41430462],[132.39652729,34.41322221],[132.39625025,34.41265372],[132.395665,34.41138417],[132.39531806,34.41049555],[132.39502362,34.409745],[132.39472639,34.40894889],[132.39468249,34.40881914],[132.39463278,34.40865778],[132.39453264,34.40833333],[132.39447166,34.40813583],[132.39443861,34.40785055],[132.39443861,34.40750861],[132.39446694,34.40710473],[132.39451511,34.40688007],[132.3946,34.4064825],[132.39487583,34.405315],[132.39496611,34.40508695],[132.39510868,34.40484432],[132.39527972,34.40460222],[132.39538182,34.40449583],[132.39564444,34.40430777],[132.39584028,34.40419361],[132.39614917,34.40405583],[132.39653951,34.40390837],[132.39684784,34.40379441],[132.39710828,34.40365184],[132.397285,34.40355222],[132.39745541,34.40337684],[132.39760778,34.40321473],[132.39771722,34.40299611],[132.39773119,34.40289046],[132.39774556,34.4027825],[132.39774556,34.40246389],[132.39764028,34.40185584],[132.39742111,34.4008661],[132.3973675,34.40048083],[132.39736525,34.40041438],[132.39735846,34.40022465],[132.39735139,34.40002612],[132.39735667,34.39957167],[132.39741556,34.39895639],[132.3974551,34.39857321],[132.39747723,34.39834858],[132.39753167,34.39780028],[132.39757126,34.39751236],[132.39741296,34.39738761],[132.39726417,34.39718],[132.39722306,34.39707333],[132.39720944,34.39702804],[132.39720944,34.39679723],[132.39723666,34.39667333],[132.39728416,34.39656639],[132.39732942,34.39648675],[132.39743683,34.39635503],[132.39753527,34.39623917],[132.39779362,34.3959575],[132.39788167,34.39578332],[132.39792278,34.39559747],[132.39792917,34.39530996],[132.39775944,34.39474111],[132.39775138,34.39464805],[132.397755,34.39439082],[132.39775778,34.39434305],[132.39776666,34.39425333],[132.39781417,34.39388528],[132.39784778,34.39359194],[132.39786626,34.39334365],[132.39786166,34.39328777],[132.39784142,34.39321507],[132.39772556,34.39297833],[132.39770528,34.39289361],[132.39771889,34.39271916],[132.39777306,34.39255611],[132.39795425,34.39214071],[132.39808556,34.39187472],[132.39820333,34.39166667],[132.39829611,34.39150278],[132.39847273,34.39120981],[132.39871694,34.39084389],[132.39878057,34.39076644],[132.39893643,34.39064029],[132.39904304,34.39059555],[132.39913139,34.39057889],[132.39927417,34.39053972],[132.39981,34.39026917],[132.4,34.3901635],[132.400245,34.39002722],[132.4007675,34.3897175],[132.40084925,34.38965552],[132.40093084,34.38960472],[132.40114782,34.38941885],[132.40124333,34.38930055],[132.4012975,34.38917083],[132.40133139,34.38900223],[132.40132472,34.38888389],[132.40122964,34.38866398],[132.40098149,34.3881745],[132.40102105,34.38799199],[132.401048,34.387846]]},"properties":{"任意ID":"161","区分":"第１次緊急輸送道路","枝ID":"1","行政区域":"34100","資料名称":"広島県緊急輸送道路ネットワーク計画","資料年月":"2020 06","路線名称":"広島湯来線（県道71号）","道路種別":"主要地方道（指定市市道）"}},{"type":"Feature","geometry":{"type":"LineString","coordinates":[[132.40548528,34.4567199],[132.40524786,34.45612476],[132.40485795,34.45515474],[132.40462818,34.4545849],[132.40455522,34.4543986],[132.40441211,34.45405347],[132.40433291,34.45381746],[132.40429041,34.45361708],[132.40420568,34.45303052],[132.4042019,34.45293832],[132.40414516,34.45235563],[132.40413796,34.45219498],[132.40410286,34.45143838],[132.40404489,34.45017186],[132.40402472,34.44973737],[132.40401018,34.4493612],[132.40396656,34.44841175],[132.40392985,34.4475175],[132.40399787,34.44716695],[132.40408017,34.44688796],[132.40416375,34.44653972],[132.40422354,34.44632144],[132.40427448,34.44613408],[132.40431664,34.44591674],[132.40431005,34.44572288],[132.40423219,34.44536143],[132.40403431,34.44478889],[132.40382413,34.44415026],[132.40348767,34.44317609],[132.40331415,34.44264239],[132.40322087,34.44235763],[132.40308545,34.44205112],[132.40280603,34.44155385],[132.40277083,34.44149042],[132.40251597,34.44104674],[132.40241272,34.4408602],[132.40228159,34.4404714],[132.4022551,34.44024555],[132.40215526,34.43909475],[132.40211121,34.43856765],[132.4020612,34.43821805],[132.40202716,34.43803042],[132.401978,34.43789201],[132.40171355,34.43751445],[132.40152739,34.43727262],[132.40124274,34.43691861],[132.4008136,34.43633763],[132.40032542,34.43570445],[132.40006487,34.43535589],[132.40000046,34.43526972],[132.39988488,34.43511877],[132.39973943,34.43491691],[132.39967721,34.43483071],[132.39955825,34.43464325],[132.39947936,34.43449848],[132.39937071,34.43424704],[132.39930211,34.43405171],[132.39923594,34.43383999],[132.39916819,34.43349139]]},"properties":{"任意ID":"161","区分":"第２次緊急輸送道路","枝ID":"2","行政区域":"34100","資料名称":"広島県緊急輸送道路ネットワーク計画","資料年月":"2020 06","路線名称":"広島湯来線（県道71号）","道路種別":"主要地方道（指定市市道）"}},{"type":"Feature","geometry":{"type":"MultiLineString","coordinates":[[[132.46477513,34.36913971],[132.46498668,34.36894272],[132.46503744,34.36888798],[132.46527073,34.36860267],[132.46544127,34.36841773],[132.46556148,34.36830549],[132.46581428,34.3681066],[132.46596933,34.36799546],[132.46606953,34.36794314],[132.46621689,34.36786881],[132.46639223,34.36779803],[132.46653186,34.36774166],[132.46675656,34.36768365],[132.46686922,34.36765456],[132.46701446,34.36762595],[132.46722474,34.36758622],[132.46777829,34.36754398],[132.46799031,34.36753167],[132.46803899,34.36752869],[132.46901463,34.36747549],[132.46964671,34.36742894],[132.47001847,34.36740851],[132.4701892,34.36739729],[132.47036181,34.36738595],[132.47042829,34.3673825],[132.47072395,34.36736283],[132.47251133,34.36723161],[132.47264647,34.36722339],[132.47275433,34.36722013],[132.47315405,34.36719951],[132.47354806,34.36717583],[132.47402778,34.36712889],[132.47420292,34.36711177],[132.47431304,34.36710085],[132.47462838,34.36701526],[132.47487598,34.36693819],[132.47500458,34.36689816],[132.47531879,34.36665161],[132.475471727,34.366489809]],[[132.475674264,34.366271277],[132.475738,34.36620196],[132.47605228,34.36587273],[132.47630589,34.36559364],[132.47640736,34.36549381],[132.47657822,34.36533225],[132.4768362,34.36513222],[132.47695611,34.3650515],[132.47718261,34.36494179],[132.47801626,34.36457691],[132.4787408,34.36426104],[132.47973014,34.36382985],[132.48039477,34.36353203],[132.48157243,34.36298002],[132.48174549,34.36289712],[132.48233186,34.36259575],[132.48273528,34.36235805],[132.48302823,34.36221516],[132.48333334,34.36210617],[132.48355361,34.3620275],[132.48433472,34.36185639],[132.48447641,34.36182323],[132.4847589,34.36175664],[132.4849842,34.3617036],[132.48522166,34.36167527],[132.48558719,34.36164633],[132.48585977,34.361625],[132.48643696,34.36159111],[132.48675305,34.36158549],[132.48715839,34.36156075],[132.48743431,34.36154361],[132.48748111,34.36154083],[132.48870089,34.36151695],[132.48896348,34.36151175],[132.48959965,34.36149918],[132.48982271,34.36149473],[132.49046085,34.36148195],[132.49075499,34.36146583],[132.49083284,34.3614472],[132.49135415,34.36132139],[132.4914247,34.36130528],[132.49162571,34.36125884],[132.49210106,34.36114879],[132.49230168,34.3611025],[132.49234925,34.36109138],[132.49333444,34.36090446],[132.49406724,34.36075472],[132.49435612,34.36070667],[132.4946878,34.3607225],[132.4949875,34.36078667],[132.49532935,34.36093106],[132.4958686,34.36119032],[132.49630837,34.36152919],[132.49663511,34.36176894],[132.49687668,34.36194884],[132.49733275,34.36228847],[132.49814555,34.36284853],[132.49859113,34.36315555],[132.4989607,34.36343761],[132.49904299,34.36351397],[132.49923444,34.36374945],[132.49928223,34.36382834],[132.49943194,34.36416],[132.49950917,34.36437722],[132.49954972,34.36464195],[132.49955176,34.36484713],[132.4995525,34.36492195],[132.49955361,34.36503278],[132.49953806,34.36516083],[132.4995177,34.36532283],[132.49948834,34.36553028],[132.49946306,34.36564555],[132.49944278,34.36574111],[132.49937472,34.36622583],[132.49931806,34.36656861],[132.4993028,34.36666667],[132.49928143,34.36680423],[132.49917078,34.36751356],[132.49913361,34.36775139],[132.49896512,34.36906697],[132.49893158,34.36939157],[132.49884345,34.36955418],[132.49875125,34.37034353],[132.49840303,34.37111385],[132.49835552,34.37125975],[132.49827038,34.3715486],[132.49824625,34.37165367],[132.4981988,34.37196506],[132.49826672,34.372065],[132.49840048,34.37214418]]]},"properties":{"任意ID":"162","区分":"第１次緊急輸送道路","枝ID":"1","行政区域":"34100","資料名称":"広島県緊急輸送道路ネットワーク計画","資料年月":"2020 06","路線名称":"翠町仁保線（県道86号）","道路種別":"主要地方道（指定市市道）"}},{"type":"Feature","geometry":{"type":"LineString","coordinates":[[132.4120089,34.35891753],[132.41344068,34.36108657],[132.41355278,34.36139207],[132.4134203,34.36229838],[132.41332858,34.36298066],[132.41338973,34.36325561],[132.41359775,34.36356984],[132.41424723,34.36456889],[132.41455079,34.36503478],[132.41477638,34.36539445],[132.41502833,34.36576305],[132.41586924,34.36703668],[132.41623458,34.36759004],[132.41666666,34.3682407],[132.41671194,34.36830889],[132.41716989,34.3690232],[132.41799584,34.36865222],[132.41825379,34.36903001],[132.41841123,34.36927781],[132.41844849,34.36930325],[132.41849995,34.36930147],[132.41856588,34.36927221],[132.41900761,34.36908064],[132.41921772,34.36901093],[132.41927368,34.36905267],[132.41964536,34.36964199],[132.42064389,34.37118111],[132.42086814,34.37145643],[132.42099611,34.37151381],[132.42115986,34.37156313],[132.42150651,34.37206603],[132.42162778,34.37225085],[132.42209694,34.37295025],[132.42219345,34.37326348],[132.42224959,34.37347493],[132.42227849,34.37354017],[132.42238567,34.3736744],[132.42266806,34.37398361],[132.42304642,34.37439767],[132.42310861,34.37446583],[132.4235921,34.37498264],[132.42384212,34.3752499],[132.4240825,34.37550695],[132.42430859,34.37574866],[132.42442746,34.37587689],[132.424885,34.37637111],[132.42497453,34.3764676],[132.42510861,34.37661222],[132.42527167,34.37678833],[132.4271437,34.37881055],[132.42725083,34.37906139],[132.42764392,34.37993235],[132.42811336,34.38098201],[132.42827584,34.38133111],[132.42856163,34.38195722],[132.4290429,34.38299181],[132.42920341,34.38333333],[132.42951199,34.38398982],[132.43000738,34.38478895],[132.43037394,34.38536892],[132.43094425,34.38625943],[132.43120961,34.38670998],[132.43163408,34.38732616]]},"properties":{"任意ID":"163","区分":"第１次緊急輸送道路","枝ID":"1","行政区域":"34100","資料名称":"広島県緊急輸送道路ネットワーク計画","資料年月":"2020 06","路線名称":"南観音観音線（県道262号）","道路種別":"一般都道府県道"}},{"type":"Feature","geometry":{"type":"LineString","coordinates":[[132.39737734,34.4235812],[132.39709657,34.42351621],[132.39649694,34.42345083],[132.39617135,34.42342083],[132.39560417,34.42335167],[132.39527222,34.42326861],[132.39505704,34.42320013],[132.39461876,34.42299054],[132.39425234,34.42281609],[132.39357,34.42257667],[132.39326951,34.42244164],[132.39309275,34.42236221],[132.39280194,34.42219611],[132.39257361,34.42207972],[132.39195834,34.42167834],[132.39169615,34.42149595],[132.39077506,34.42090336],[132.39023528,34.42064723],[132.3899875,34.42053805],[132.38968722,34.42039833],[132.3890925,34.42013527],[132.38869806,34.41990639],[132.38860944,34.41985139],[132.38848084,34.41975972],[132.38831389,34.41960917],[132.38812028,34.41938333],[132.38783097,34.41902785],[132.3868183,34.41763731],[132.38611569,34.41666667],[132.38598463,34.416487],[132.38532545,34.41558443],[132.38514258,34.41532217],[132.38468167,34.41471805],[132.38446778,34.41452334],[132.38411979,34.41424318],[132.38386944,34.41406695],[132.38351306,34.41389111],[132.38333334,34.41381512],[132.3828301,34.41360226],[132.38250206,34.41346367],[132.38184168,34.41315],[132.38155132,34.41300976],[132.38125889,34.41286444],[132.38042111,34.41246722],[132.379675,34.4120775],[132.37914751,34.41176861],[132.37879584,34.41148861],[132.37852538,34.41125565],[132.37843499,34.41116502],[132.37830538,34.41103511],[132.37818444,34.41091361],[132.37758524,34.41016885],[132.37724834,34.40970667],[132.3763983,34.40870664],[132.375095,34.40717333],[132.37287837,34.40456402],[132.37108417,34.40243098],[132.37025973,34.40142361],[132.37008806,34.40117111],[132.36993639,34.40087473],[132.3698005,34.40063589],[132.36944339,34.39993911],[132.36903455,34.39910009],[132.36883833,34.39869361],[132.36871472,34.39844861],[132.36754694,34.39615195],[132.36749107,34.39603832],[132.36739292,34.39587631],[132.3671,34.39537639],[132.36666667,34.39424595],[132.36652667,34.39388053],[132.36635421,34.39341882],[132.36619085,34.39298123],[132.36602256,34.39248322],[132.36574764,34.39166666],[132.36560613,34.39124526],[132.36550152,34.39093492],[132.36518168,34.3899819],[132.36469666,34.38861861],[132.36427944,34.38744222],[132.36421666,34.38726774],[132.36410306,34.38695805],[132.36406472,34.3868537],[132.36401972,34.38674917],[132.36380333,34.38625583],[132.36376725,34.38618127],[132.36360504,34.38589405],[132.36343403,34.38566739],[132.36319417,34.38539929],[132.36262701,34.38478389],[132.361886,34.38399399],[132.36153514,34.3836166],[132.36067031,34.38269448],[132.36017023,34.38216017],[132.36013722,34.38195055],[132.36013111,34.3817675],[132.36022275,34.38033449],[132.36024093,34.38016361],[132.36022706,34.37976636],[132.36020859,34.37966128],[132.36017025,34.37949094],[132.36011295,34.3792722],[132.36004037,34.37905192],[132.3596332,34.37797694],[132.35946882,34.37754033],[132.35872353,34.37560999],[132.35815958,34.37415781],[132.35750081,34.37252438],[132.35712114,34.37140868],[132.35680841,34.37054769],[132.35610222,34.36872279],[132.35590532,34.36821599],[132.35569473,34.3676245],[132.35568111,34.36736555],[132.35568806,34.36693769],[132.35570223,34.36657639],[132.35574916,34.36614333],[132.3558233,34.36566783],[132.35585824,34.36544329],[132.35592889,34.36498917],[132.35598193,34.36486555],[132.3560575,34.36478055],[132.35620862,34.36474945],[132.35636021,34.36475445],[132.35647391,34.36476055],[132.35745723,34.36494584],[132.35762297,34.36493975],[132.35781278,34.36493361],[132.35796419,34.3649025],[132.35807766,34.36483775],[132.35817037,34.36475135],[132.35819901,34.3647075]]},"properties":{"任意ID":"164","区分":"第１次緊急輸送道路","枝ID":"1","行政区域":"34100","資料名称":"広島県緊急輸送道路ネットワーク計画","資料年月":"2020 06","路線名称":"原田五日市線（県道290号）","道路種別":"一般都道府県道"}},{"type":"Feature","geometry":{"type":"LineString","coordinates":[[132.47019584,34.41179365],[132.46993433,34.41218125],[132.46977146,34.41241143],[132.46951371,34.41279946],[132.4693251,34.41307864],[132.46913751,34.41336604],[132.46885765,34.41376809],[132.46849275,34.41429922],[132.46813339,34.41480137],[132.46776166,34.41532805],[132.46755778,34.41553639],[132.46730667,34.41575639],[132.46722522,34.41580854],[132.46717535,34.41584337],[132.4666761,34.41594415],[132.46584547,34.41612243],[132.46444776,34.41645447]]},"properties":{"任意ID":"165","区分":"第１次緊急輸送道路","枝ID":"1","行政区域":"34100","資料名称":"広島県緊急輸送道路ネットワーク計画","資料年月":"2020 06","路線名称":"常盤橋大芝線","道路種別":"市町村道（認定道路）"}},{"type":"Feature","geometry":{"type":"LineString","coordinates":[[132.4694275,34.40347303],[132.469286878,34.403971364],[132.469229393,34.404373478],[132.469286878,34.404718147],[132.469459334,34.405034094],[132.469991074,34.40546493],[132.470537184,34.405737793],[132.470767126,34.405953211],[132.470997067,34.406312241],[132.47102581,34.40652766],[132.471313236,34.406915412],[132.471600663,34.407590389],[132.471730005,34.40819356],[132.47178749,34.408710564],[132.471715634,34.409227568],[132.471500064,34.409873822],[132.47102581,34.410563161],[132.470565927,34.411252499],[132.47019584,34.41179365]]},"properties":{"任意ID":"165","区分":"第２次緊急輸送道路","枝ID":"2","行政区域":"34100","資料名称":"広島県緊急輸送道路ネットワーク計画","資料年月":"2020 06","路線名称":"常盤橋大芝線","道路種別":"市町村道（認定道路）"}},{"type":"Feature","geometry":{"type":"LineString","coordinates":[[132.38658155,34.3782048],[132.38692561,34.37799719],[132.38734224,34.37807217],[132.38768722,34.37813583],[132.3878377,34.3781486],[132.38834841,34.37813749],[132.38930973,34.37811638],[132.38975361,34.37808445],[132.39004782,34.37803083],[132.39035282,34.37795582],[132.39064167,34.37785973],[132.39094139,34.37768833],[132.39114028,34.37754667],[132.39121136,34.37746822],[132.39132425,34.37734366],[132.39142063,34.3771944],[132.39166667,34.37670634],[132.39187222,34.37631805],[132.39199209,34.37611006],[132.3920873,34.37594485],[132.39241237,34.37538077],[132.39261891,34.37502239],[132.39290797,34.37451925],[132.39327167,34.37388665],[132.39407256,34.37245875],[132.39456288,34.3716193],[132.39465111,34.37146361],[132.39552908,34.36991728],[132.39565835,34.36969144]]},"properties":{"任意ID":"166","区分":"第１次緊急輸送道路","枝ID":"1","行政区域":"34100","資料名称":"広島県緊急輸送道路ネットワーク計画","資料年月":"2020 06","路線名称":"草津鈴が峰線","道路種別":"市町村道（認定道路）"}},{"type":"Feature","geometry":{"type":"LineString","coordinates":[[132.46801762,34.41004201],[132.46825372,34.41022321],[132.46881397,34.41066751],[132.46944318,34.4111804],[132.47019584,34.41179365]]},"properties":{"任意ID":"167","区分":"第１次緊急輸送道路","枝ID":"1","行政区域":"34100","資料名称":"広島県緊急輸送道路ネットワーク計画","資料年月":"2020 06","路線名称":"白島牛田線","道路種別":"市町村道（認定道路）"}},{"type":"Feature","geometry":{"type":"LineString","coordinates":[[132.47477361,34.3963617],[132.474370738,34.395868049],[132.47401864,34.395386949],[132.473646986,34.394966953],[132.47315636,34.394309858],[132.472804262,34.393922105],[132.472322822,34.393333295],[132.47165361,34.39257813],[132.47154677,34.39196898],[132.471338386,34.391401712],[132.47111563,34.390726735],[132.470770718,34.390518497],[132.470181494,34.390224092],[132.469369513,34.389800437],[132.467759924,34.388902861],[132.466394647,34.388156078],[132.46504245,34.38738834],[132.463850921,34.386813304],[132.463283254,34.386482996],[132.462370674,34.386001896],[132.461098811,34.385283835],[132.459711977,34.384529871],[132.458138316,34.38368256]]},"properties":{"任意ID":"168","区分":"第１次緊急輸送道路","枝ID":"1","行政区域":"34100","資料名称":"広島県緊急輸送道路ネットワーク計画","資料年月":"2020 06","路線名称":"駅前吉島線","道路種別":"市町村道（認定道路）"}},{"type":"Feature","geometry":{"type":"LineString","coordinates":[[132.40397475,34.37290945],[132.40139353,34.37191319],[132.39918821,34.37106203],[132.39565835,34.36969144],[132.39471223,34.36933305],[132.39268167,34.36857755],[132.39161036,34.36814857],[132.39117094,34.36796231],[132.39091074,34.36785976],[132.39018678,34.36758105],[132.3892719,34.36723876],[132.38868163,34.36699077],[132.38831751,34.36685014],[132.38802127,34.36673202],[132.38622142,34.36603134],[132.38597541,34.36593465],[132.38462983,34.36541174],[132.38357685,34.36504913],[132.38336071,34.36496982],[132.38309164,34.36501825],[132.3825625,34.36489555],[132.38211449,34.3647714],[132.3814648,34.36453313],[132.38004197,34.3639882],[132.37856239,34.3634254],[132.37823929,34.36329911],[132.37800611,34.36321139],[132.37787722,34.363155],[132.37764559,34.36305895],[132.37708359,34.36278948],[132.3769116,34.36269641],[132.37675639,34.36260889],[132.37630806,34.3623325],[132.37591416,34.36206223],[132.37525528,34.36156917],[132.37499432,34.36140662],[132.37422243,34.3609259],[132.37385772,34.36072103],[132.37346751,34.36052125],[132.37325231,34.36041956],[132.372745,34.36020947],[132.372034,34.35993634],[132.36908812,34.35885516],[132.36825148,34.35853817],[132.36786238,34.35839331],[132.36673454,34.35797341]]},"properties":{"任意ID":"169","区分":"第１次緊急輸送道路","枝ID":"1","行政区域":"34100","資料名称":"広島県緊急輸送道路ネットワーク計画","資料年月":"2020 06","路線名称":"観音井口線","道路種別":"市町村道（認定道路）"}},{"type":"Feature","geometry":{"type":"LineString","coordinates":[[132.38065154,34.44536908],[132.38086803,34.44540794],[132.3829987,34.44579623],[132.38333334,34.44585697],[132.38673496,34.44642184],[132.38721156,34.4464968],[132.38792209,34.44658679],[132.38852468,34.44665549],[132.38949052,34.44675527],[132.3904761,34.44681055],[132.3907474,34.44681465],[132.39134139,34.44680195],[132.39157844,34.44679247],[132.39210387,34.44677083],[132.39355778,34.44662916],[132.39513716,34.44646002],[132.39600168,34.44636938],[132.39623921,34.44634397],[132.39641856,34.44633246],[132.39660725,34.44632],[132.39758666,34.44622555],[132.39794641,34.44618171],[132.39807835,34.44616332],[132.39832389,34.44612889],[132.39855729,34.4460672],[132.39878052,34.44599085],[132.39917306,34.44578388],[132.39948111,34.44557695],[132.39973306,34.445355],[132.39987939,34.44519925],[132.4,34.44501478],[132.40019944,34.44470972],[132.40030777,34.44447918],[132.40055084,34.4440728],[132.40091333,34.44366278],[132.4012475,34.44338695],[132.40140421,34.44328814],[132.40154922,34.44320065],[132.40166137,34.44314678],[132.40174917,34.44310195],[132.40190501,34.44302222],[132.4022662,34.44288996],[132.40252413,34.4428064],[132.40290918,34.44272723],[132.40331415,34.44264239],[132.40352174,34.44259682],[132.40364967,34.44256753],[132.40388,34.44251305],[132.40434556,34.44232889],[132.40457389,34.44216195],[132.40600224,34.44055742],[132.40616276,34.4403771],[132.40623711,34.44030905],[132.40643694,34.44012611],[132.40692342,34.43963023],[132.40749961,34.43903745],[132.40877955,34.43772063],[132.40918051,34.4373081],[132.40994361,34.43650527],[132.41041636,34.43604875],[132.410616,34.43587]]},"properties":{"任意ID":"170","区分":"第１次緊急輸送道路","枝ID":"1","行政区域":"34100","資料名称":"広島県緊急輸送道路ネットワーク計画","資料年月":"2020 06","路線名称":"西風新都中央線","道路種別":"市町村道（認定道路）"}},{"type":"Feature","geometry":{"type":"LineString","coordinates":[[132.37566425,34.45464786],[132.37574049,34.45481702],[132.37610347,34.45562536],[132.37613811,34.4557025],[132.37637351,34.45626024],[132.37658804,34.45681719],[132.37665924,34.4569878],[132.37671542,34.45711995],[132.37713033,34.45833333],[132.37721979,34.45859493],[132.37728341,34.45878098],[132.37748891,34.45938191],[132.37759653,34.45969664],[132.37764089,34.45992516],[132.37767733,34.46018441],[132.37767733,34.46044903],[132.37764734,34.46082989],[132.37762367,34.46100407],[132.377598,34.46122325],[132.37755964,34.46145025],[132.37755297,34.46148967],[132.37750916,34.46179598],[132.37750525,34.4618678],[132.37751828,34.462034],[132.377581,34.46231386],[132.37761944,34.46242837],[132.37775878,34.46277933],[132.37784572,34.46293557],[132.37793856,34.46307904],[132.37816161,34.46334614],[132.37835311,34.463537],[132.37850722,34.46365434],[132.37865403,34.46376544],[132.37880713,34.46386307],[132.37896236,34.46395888],[132.37907315,34.46401753],[132.37937079,34.46415594],[132.37969878,34.46429453],[132.38018228,34.46449553],[132.3804053,34.46458414],[132.38097556,34.46481763],[132.38150097,34.46503605],[132.38157881,34.46506975],[132.38176876,34.46514332],[132.38203477,34.46525559],[132.38227183,34.46535556],[132.38252272,34.4654872],[132.38270897,34.46561484],[132.38277346,34.46567257],[132.38292503,34.46580611],[132.38304578,34.4659765],[132.38313258,34.46614458],[132.38320914,34.46634242],[132.38327859,34.46658353],[132.38329664,34.46666667],[132.38333333,34.46683566],[132.38334819,34.46690414],[132.38337497,34.46706741],[132.38341115,34.46722873],[132.3836597,34.46832053],[132.3837017,34.46850498],[132.38378558,34.46887114],[132.38386753,34.46907066],[132.38395681,34.46924878],[132.38406861,34.46941172],[132.38420293,34.46954509],[132.38444008,34.46976808],[132.38474519,34.46989975],[132.38498236,34.4699853],[132.38523249,34.47005715],[132.38548747,34.47010181],[132.38576091,34.47015313],[132.38600974,34.47021583]]},"properties":{"任意ID":"171","区分":"第１次緊急輸送道路","枝ID":"1","行政区域":"34100","資料名称":"広島県緊急輸送道路ネットワーク計画","資料年月":"2020 06","路線名称":"伴北線","道路種別":"市町村道（認定道路）"}},{"type":"Feature","geometry":{"type":"LineString","coordinates":[[132.41873533,34.38187158],[132.4180275,34.38097028],[132.41720852,34.3798863],[132.41666667,34.37916378],[132.4155825,34.37771806],[132.41423513,34.37593522],[132.41387496,34.37592151],[132.4137731,34.37592207],[132.41338181,34.37588718],[132.41298817,34.37584954],[132.41250117,34.37578402],[132.41197677,34.37569474],[132.41142307,34.37560014],[132.41108124,34.37552679],[132.410922,34.37548614],[132.41042527,34.37533693],[132.40984988,34.37514283],[132.40955872,34.37503538],[132.40857923,34.37465758],[132.40790162,34.37439732],[132.40604949,34.37369472],[132.40538173,34.37346437],[132.40397475,34.37290945]]},"properties":{"任意ID":"172","区分":"第１次緊急輸送道路","枝ID":"1","行政区域":"34100","資料名称":"広島県緊急輸送道路ネットワーク計画","資料年月":"2020 06","路線名称":"西4区210号","道路種別":"市町村道（認定道路）"}},{"type":"Feature","geometry":{"type":"LineString","coordinates":[[132.44714793,34.35095699],[132.44856885,34.35178479],[132.44901,34.35204519],[132.45,34.35262225],[132.45261125,34.35414436],[132.45541897,34.35581089],[132.45590493,34.35609769],[132.45638383,34.35637702],[132.45724647,34.35688899],[132.45742867,34.35700542],[132.45773645,34.35728625],[132.45805922,34.35760544],[132.45823311,34.35782924],[132.4582962,34.35794503],[132.45833334,34.35802047],[132.45840621,34.35816851],[132.45849546,34.35839353],[132.45854011,34.35860169],[132.45858477,34.3589487],[132.45861725,34.35930923],[132.45862134,34.35945643],[132.45864072,34.35963722],[132.45878414,34.36113914],[132.45879377,34.36127432],[132.45881989,34.36144516],[132.45888907,34.36216099],[132.45892144,34.36254055],[132.45902492,34.36358064],[132.45902785,34.36374567],[132.45902864,34.3638402],[132.45907135,34.36434379],[132.45909374,34.36487325],[132.45907953,34.36502065],[132.45904634,34.36516145],[132.45901353,34.36531214],[132.45896711,34.36543797],[132.45887134,34.36564585],[132.45871245,34.36587972],[132.45861613,34.36599971],[132.4585616,34.36606576],[132.45840843,34.36622023],[132.45831887,34.36629818],[132.45814125,34.36645275],[132.45786814,34.36666667],[132.4577622,34.36674964],[132.45750608,34.36696947],[132.45715492,34.36726539],[132.45698699,34.36750502],[132.4568252,34.36780186],[132.45668484,34.36820053],[132.45656892,34.36858717],[132.45638631,34.36913892],[132.45621716,34.36959019],[132.45599049,34.37005607],[132.45583704,34.37036707],[132.45525543,34.37150552],[132.45518819,34.37163075],[132.4551583,34.37168947],[132.45496114,34.372088],[132.45489088,34.37225342],[132.4547705,34.37256092],[132.45449027,34.3733757],[132.45441062,34.37357992],[132.45434306,34.37382322],[132.45400814,34.375],[132.45395511,34.37518628],[132.45362808,34.37616814],[132.45360117,34.37626827],[132.45356975,34.37637509],[132.45324286,34.37732179],[132.45308941,34.37775553],[132.4530117,34.37792956],[132.45290355,34.37828808],[132.45273175,34.37877698],[132.45266762,34.37891339],[132.45249551,34.37935966],[132.45241061,34.379598],[132.45241645,34.37969967],[132.45244245,34.37985189],[132.45254918,34.38015394],[132.452643,34.38040633],[132.45274579,34.38066611],[132.4530372,34.38152305],[132.45306892,34.38161875],[132.45319982,34.38199966],[132.45333943,34.38240594],[132.45339116,34.38258617],[132.45362148,34.38326259],[132.45378513,34.38376376]]},"properties":{"任意ID":"173","区分":"第１次緊急輸送道路","枝ID":"1","行政区域":"34100","資料名称":"広島県緊急輸送道路ネットワーク計画","資料年月":"2020 06","路線名称":"鷹野橋宇品線","道路種別":"市町村道（認定道路）"}},{"type":"Feature","geometry":{"type":"LineString","coordinates":[[132.47611653,34.39136676],[132.47623058,34.3911775],[132.47649766,34.39066558],[132.47671056,34.39025167],[132.47691932,34.38984597],[132.47697089,34.38967678],[132.47699683,34.38953191],[132.4770158,34.38938194],[132.47707475,34.38866585],[132.47707475,34.38845868],[132.47708817,34.38830684],[132.47711931,34.38733368],[132.47717417,34.38656209],[132.47721001,34.38631648],[132.477226,34.3861045],[132.47729983,34.38508977],[132.47734915,34.38439675],[132.4774325,34.38333333],[132.47744972,34.38311361],[132.47745152,34.38309267],[132.47745593,34.38263566],[132.47744246,34.38245137],[132.47733678,34.38213489],[132.47724641,34.38191977],[132.47702502,34.38153439],[132.47692028,34.38134986],[132.47677851,34.3811674],[132.47670383,34.38109724],[132.47666291,34.3810622],[132.47653364,34.38095228],[132.47587823,34.38042692],[132.47575921,34.38032818],[132.47529409,34.37996689],[132.47482385,34.37955502],[132.47434222,34.37919052],[132.47406909,34.37897331],[132.47383184,34.37874241],[132.47341673,34.37833842],[132.47318739,34.37810709],[132.4730445,34.37797732],[132.47275366,34.37768499],[132.47232406,34.37725603],[132.47217286,34.37708053],[132.47207181,34.37693833],[132.47203286,34.37683456],[132.47199278,34.37668456],[132.47190773,34.37640411],[132.47183542,34.37611144],[132.47178745,34.37588913],[132.47172868,34.37562939],[132.47166623,34.37534597],[132.4716052,34.37501647],[132.47160303,34.37500447],[132.47158162,34.37488555],[132.47155425,34.37474564],[132.47140607,34.37400891],[132.4713457,34.37364124],[132.47130216,34.3733697],[132.47126837,34.37316896],[132.47113904,34.37243854],[132.47106558,34.37209856],[132.47104058,34.37198051],[132.47102325,34.37182759],[132.47095397,34.37145133],[132.4706511,34.36977214],[132.47062439,34.36964018],[132.47055569,34.36923736],[132.47038163,34.3682879],[132.4702305,34.36761248],[132.4701892,34.36739729]]},"properties":{"任意ID":"174","区分":"第１次緊急輸送道路","枝ID":"1","行政区域":"34100","資料名称":"広島県緊急輸送道路ネットワーク計画","資料年月":"2020 06","路線名称":"中広宇品線","道路種別":"市町村道（認定道路）"}},{"type":"Feature","geometry":{"type":"LineString","coordinates":[[132.45910971,34.39923277],[132.45938361,34.39916389],[132.46064694,34.39884611],[132.46162349,34.3985963],[132.46267588,34.39832255],[132.46304321,34.39822689],[132.46369299,34.39805754],[132.4646435,34.39782044],[132.464802596,34.397752313],[132.46553751,34.39760215],[132.4662638,34.39742541],[132.46666667,34.39732725],[132.46748953,34.3971272],[132.46778431,34.3970557],[132.46828013,34.39692871],[132.46842497,34.39689656],[132.46965992,34.39658836],[132.47015258,34.39646284],[132.47054457,34.39636779],[132.47110431,34.39623218],[132.47178224,34.39592836],[132.47213361,34.39576862],[132.47278611,34.39544223],[132.47294122,34.3953567],[132.47328973,34.39516223],[132.473646986,34.394966953],[132.47376042,34.39490495],[132.47416387,34.39460596],[132.47425177,34.39452536],[132.4744478,34.39426559],[132.47469271,34.3938687],[132.47498724,34.39335066]]},"properties":{"任意ID":"174","区分":"第１次緊急輸送道路","枝ID":"2","行政区域":"34100","資料名称":"広島県緊急輸送道路ネットワーク計画","資料年月":"2020 06","路線名称":"中広宇品線","道路種別":"市町村道（認定道路）"}},{"type":"Feature","geometry":{"type":"LineString","coordinates":[[132.45669628,34.3998395],[132.4563014,34.39993861],[132.45470555,34.40033929],[132.45446222,34.40039695],[132.45417276,34.40046533],[132.45377669,34.400559],[132.45252756,34.40061145],[132.4507562,34.40066191],[132.45061933,34.40068571],[132.4491229,34.40096719],[132.44822273,34.40113568],[132.44751492,34.40126817],[132.44667834,34.40142723],[132.44585611,34.40158575],[132.44529159,34.40167478],[132.4451433,34.40169728],[132.44480123,34.40174688],[132.44377875,34.40193387],[132.44321129,34.40202552],[132.44262401,34.4021197],[132.44218279,34.40222143],[132.44196703,34.40224344]]},"properties":{"任意ID":"174","区分":"第１次緊急輸送道路","枝ID":"3","行政区域":"34100","資料名称":"広島県緊急輸送道路ネットワーク計画","資料年月":"2020 06","路線名称":"中広宇品線","道路種別":"市町村道（認定道路）"}},{"type":"Feature","geometry":{"type":"LineString","coordinates":[[132.45261125,34.35414436],[132.452757135,34.353987161],[132.452883089,34.35385791],[132.45297864,34.353757382],[132.453121967,34.353653263],[132.453200145,34.35362454],[132.453300039,34.353595818],[132.453586692,34.353534783],[132.454220804,34.353362448]]},"properties":{"任意ID":"175","区分":"第１次緊急輸送道路","枝ID":"1","行政区域":"34100","資料名称":"広島県緊急輸送道路ネットワーク計画","資料年月":"2020 06","路線名称":"南4区470号","道路種別":"市町村道（認定道路）"}},{"type":"Feature","geometry":{"type":"LineString","coordinates":[[132.37278471,34.44705684],[132.37685834,34.44521066],[132.37734806,34.44506345],[132.37773391,34.44500825],[132.37823105,34.44499598],[132.37895052,34.44506563],[132.38048889,34.44534015],[132.38065154,34.44536908]]},"properties":{"任意ID":"176","区分":"第１次緊急輸送道路","枝ID":"1","行政区域":"34100","資料名称":"広島県緊急輸送道路ネットワーク計画","資料年月":"2020 06","路線名称":"佐伯1区371号","道路種別":"市町村道（認定道路）"}},{"type":"Feature","geometry":{"type":"LineString","coordinates":[[132.37278471,34.44705684],[132.37282181,34.44730831],[132.37351034,34.4497998],[132.37396296,34.4509713],[132.37433397,34.45182385],[132.37566425,34.45464786]]},"properties":{"任意ID":"177","区分":"第１次緊急輸送道路","枝ID":"1","行政区域":"34100","資料名称":"広島県緊急輸送道路ネットワーク計画","資料年月":"2020 06","路線名称":"安佐南4区739号","道路種別":"市町村道（認定道路）"}},{"type":"Feature","geometry":{"type":"LineString","coordinates":[[132.4701892,34.36739729],[132.470051577,34.366574895],[132.469940356,34.365945458],[132.4699318,34.36528773],[132.46983769,34.364601714],[132.46976069,34.363696455],[132.469709358,34.363003366],[132.469606692,34.362246626],[132.469563914,34.361263571],[132.469469804,34.360181504],[132.469449202,34.359869281],[132.46944161,34.359754218],[132.469427327,34.35953776],[132.469418471,34.359403547],[132.469387903,34.359052589],[132.469376802,34.358925136],[132.469341472,34.358519505],[132.469337773,34.35844511],[132.469332172,34.358332444],[132.469322506,34.35813801],[132.469315805,34.358003224],[132.469220468,34.35714757],[132.469196029,34.356928229],[132.469187473,34.356454383],[132.469170362,34.355697643],[132.469161807,34.35538646],[132.469161807,34.354976265]]},"properties":{"任意ID":"178","区分":"第１次緊急輸送道路","枝ID":"1","行政区域":"34100","資料名称":"広島県緊急輸送道路ネットワーク計画","資料年月":"2020 06","路線名称":"南4区843号","道路種別":"市町村道（認定道路）"}},{"type":"Feature","geometry":{"type":"LineString","coordinates":[[132.44196703,34.40224344],[132.44187029,34.4020675],[132.44169961,34.40175158],[132.44164296,34.40164672],[132.44150556,34.4013925],[132.44133889,34.40108305],[132.44123773,34.40089945],[132.44107934,34.40056535],[132.44079525,34.4],[132.44069096,34.39979247],[132.44048648,34.39941163],[132.4403901,34.39923189],[132.44015887,34.39880187],[132.44005333,34.39859889],[132.43994167,34.39841417],[132.43979352,34.39818532],[132.43932354,34.39740595],[132.43888664,34.39670571],[132.43878833,34.39652805],[132.43831415,34.39567463],[132.43782834,34.39455834],[132.43760015,34.39415566],[132.43730309,34.3938534],[132.43710854,34.39365546],[132.43673179,34.39326882],[132.43659378,34.39312858],[132.43626084,34.39278777],[132.43605223,34.39256833],[132.43584732,34.3924124],[132.43536728,34.39212448],[132.43485363,34.39187836],[132.43458621,34.39162148],[132.43409782,34.39088865],[132.43367695,34.39026222],[132.43342214,34.38989963],[132.43306733,34.38937959],[132.43286319,34.3891072],[132.43279441,34.38901551],[132.4326975,34.38886195],[132.43246227,34.3884898],[132.43219688,34.38810047],[132.43195536,34.38777161],[132.43163408,34.38732616]]},"properties":{"任意ID":"179","区分":"第１次緊急輸送道路","枝ID":"1","行政区域":"34100","資料名称":"広島県緊急輸送道路ネットワーク計画","資料年月":"2020 06","路線名称":"駅前観音線","道路種別":"市町村道（認定道路）"}},{"type":"Feature","geometry":{"type":"LineString","coordinates":[[132.44196703,34.40224344],[132.442164579,34.402607048],[132.442452005,34.403080969],[132.442768175,34.403540527],[132.443105901,34.403957003],[132.44347237,34.404416561],[132.443917881,34.404897662],[132.444478363,34.405565458],[132.444887947,34.406025017],[132.445369386,34.406563563],[132.445829269,34.407130831],[132.446238852,34.407583209],[132.446677178,34.408100213],[132.44697179,34.40842334],[132.447295145,34.408624397],[132.447855627,34.408890079],[132.448351438,34.409004969],[132.448897549,34.409105497],[132.449580187,34.409184484],[132.45031389,34.40922612]]},"properties":{"任意ID":"179","区分":"第２次緊急輸送道路","枝ID":"2","行政区域":"34100","資料名称":"広島県緊急輸送道路ネットワーク計画","資料年月":"2020 06","路線名称":"駅前観音線","道路種別":"市町村道（認定道路）"}},{"type":"Feature","geometry":{"type":"LineString","coordinates":[[132.454220804,34.353362448],[132.454901173,34.353226017],[132.455727525,34.352996237],[132.456388606,34.352845445],[132.456632919,34.352816722],[132.456870046,34.352859806],[132.457056873,34.352953154],[132.457250886,34.353362448],[132.457444899,34.353893813],[132.45755987,34.354152315],[132.458113166,34.354102051],[132.459111974,34.354001522],[132.459629342,34.353936897],[132.460060482,34.353893813],[132.460082039,34.353750201],[132.46019701,34.353750201],[132.46041258,34.353800465],[132.460836534,34.353822007],[132.46138983,34.353822007],[132.461828156,34.353822007],[132.462647322,34.353807646],[132.463272475,34.353829188],[132.464256911,34.353814827],[132.464896436,34.353822007],[132.465076077,34.353922536],[132.465938357,34.353915355],[132.466822194,34.353900994],[132.467799445,34.35385073],[132.468589869,34.35385073],[132.469322807,34.35385791],[132.470091673,34.353822007],[132.4703791,34.353836368],[132.47049407,34.353936897],[132.470795868,34.35421694],[132.471018624,34.354496984],[132.47124138,34.354633416],[132.471730005,34.354863195],[132.472225816,34.355085794],[132.472764741,34.355315573],[132.473289295,34.355617159],[132.473792291,34.355911564],[132.474086904,34.356155704],[132.4746276,34.35691509]]},"properties":{"任意ID":"180","区分":"第１次緊急輸送道路","枝ID":"1","行政区域":"34100","資料名称":"広島県緊急輸送道路ネットワーク計画","資料年月":"2020 06","路線名称":"臨港道路宇品臨港線","道路種別":"その他道路"}},{"type":"Feature","geometry":{"type":"LineString","coordinates":[[132.363127764,34.356659327],[132.363495898,34.355965418],[132.36384081,34.355304802],[132.364300693,34.354500574],[132.364638419,34.353746611],[132.365004888,34.353093176],[132.365378543,34.352418199],[132.366025253,34.351211857],[132.36652825,34.350271197],[132.366830048,34.349732652],[132.367469572,34.348519129]]},"properties":{"任意ID":"181","区分":"第１次緊急輸送道路","枝ID":"1","行政区域":"34100","資料名称":"広島県緊急輸送道路ネットワーク計画","資料年月":"2020 06","路線名称":"臨港道路五日市線","道路種別":"その他道路"}},{"type":"Feature","geometry":{"type":"LineString","coordinates":[[132.44372236,34.35171269],[132.44643385,34.35122141],[132.4466544,34.35118478],[132.44682361,34.35114268],[132.44697795,34.35107836],[132.44708032,34.35101644],[132.44714793,34.35095699]]},"properties":{"任意ID":"182","区分":"第１次緊急輸送道路","枝ID":"1","行政区域":"34100","資料名称":"広島県緊急輸送道路ネットワーク計画","資料年月":"2020 06","路線名称":"臨港道路出島1号線","道路種別":"その他道路"}},{"type":"Feature","geometry":{"type":"LineString","coordinates":[[132.44177659,34.34510514],[132.44259851,34.34785747],[132.44294881,34.34895391],[132.44324278,34.35],[132.44337233,34.35046111],[132.44372236,34.35171269]]},"properties":{"任意ID":"183","区分":"第１次緊急輸送道路","枝ID":"1","行政区域":"34100","資料名称":"広島県緊急輸送道路ネットワーク計画","資料年月":"2020 06","路線名称":"臨港道路出島2号線","道路種別":"その他道路"}},{"type":"Feature","geometry":{"type":"LineString","coordinates":[[132.4746276,34.35691509],[132.47466664,34.35700879],[132.47468052,34.35715759],[132.47468825,34.35744351],[132.47470466,34.35833334],[132.47475123,34.36129046],[132.47475406,34.36147034],[132.47477109,34.36255227],[132.47480205,34.36366562],[132.47483114,34.36459831],[132.47487598,34.36693819]]},"properties":{"任意ID":"184","区分":"第１次緊急輸送道路","枝ID":"1","行政区域":"34100","資料名称":"広島県緊急輸送道路ネットワーク計画","資料年月":"2020 06","路線名称":"臨港道路宇品1号線","道路種別":"その他道路"}},{"type":"Feature","geometry":{"type":"LineString","coordinates":[[132.41423513,34.37593522],[132.41640037,34.375449994],[132.41790936,34.375004797],[132.419763262,34.374286736],[132.42102794,34.373726649],[132.42219345,34.37326348],[132.424218376,34.372419778],[132.427049529,34.371299604],[132.429075887,34.370653349],[132.431174101,34.370236874],[132.432654349,34.369748593],[132.43493617,34.36893431],[132.436908263,34.368556612],[132.438632824,34.368197582],[132.440874752,34.367522605],[132.442599312,34.366861989],[132.44533692,34.36567646]]},"properties":{"任意ID":"185","区分":"第１次緊急輸送道路","枝ID":"1","行政区域":"34100","資料名称":"広島県緊急輸送道路ネットワーク計画","資料年月":"2020 06","路線名称":"臨港道路出島海田線","道路種別":"その他道路"}},{"type":"Feature","geometry":{"type":"MultiLineString","coordinates":[[[132.36673454,34.35797341],[132.363127764,34.356659327],[132.36203409,34.35626086],[132.36144053,34.3560464],[132.360351738,34.35564882]],[[132.354319517,34.353551997],[132.35427001,34.35353397],[132.35283496,34.35299851],[132.35283344,34.352997958]]]},"properties":{"任意ID":"186","区分":"第１次緊急輸送道路","枝ID":"1","行政区域":"34100","資料名称":"広島県緊急輸送道路ネットワーク計画","資料年月":"2020 06","路線名称":"臨港道路廿日市草津線","道路種別":"その他道路"}},{"type":"Feature","geometry":{"type":"LineString","coordinates":[[132.477917,34.4549098],[132.47767022,34.4552971],[132.4774174,34.45554632],[132.47675448,34.45618502],[132.47664874,34.45627703],[132.47629232,34.45661976],[132.47587413,34.45703386],[132.47545877,34.45743339],[132.4749835,34.45788928],[132.47458252,34.45827823],[132.47446151,34.45839502],[132.47419259,34.45865457],[132.47380533,34.45901645],[132.47360114,34.45920954],[132.47313657,34.45966405],[132.47288299,34.45990732],[132.47222117,34.46052264],[132.4719294,34.46074865],[132.4716511,34.46094098],[132.47139714,34.46109357],[132.47107484,34.46129032],[132.47024772,34.46180432],[132.4689626,34.46259934],[132.4680635,34.46315714],[132.46704939,34.46378347],[132.46666102,34.46403271],[132.46597216,34.46448096],[132.4656009,34.46473613],[132.46533533,34.46506557],[132.46477454,34.46585664],[132.46447398,34.46631],[132.46440641,34.46641882],[132.46431474,34.46661775],[132.46422578,34.46687279],[132.46398728,34.46764406],[132.46387496,34.4680064],[132.46373657,34.46844808],[132.46361708,34.4687734],[132.46351322,34.4689494],[132.46337709,34.46910873],[132.4632108,34.46924311],[132.46289268,34.469447],[132.46218498,34.46981519],[132.46103659,34.47039885],[132.4605337,34.47066833],[132.46041254,34.47073081],[132.45949951,34.47121205],[132.45866886,34.47164367],[132.45834576,34.47181375],[132.45776047,34.47212415],[132.45734818,34.47234612],[132.45697782,34.47256832],[132.45642363,34.47293943],[132.45595281,34.47325846],[132.45570666,34.47342334],[132.45546059,34.47358217],[132.45478192,34.47402598],[132.45450728,34.47420308],[132.45361012,34.47479671],[132.45303876,34.47516794],[132.4529866,34.47520158],[132.4527162,34.47538009],[132.4520248,34.47575026],[132.4516499,34.47588347],[132.45117989,34.47597208],[132.45071143,34.47601414],[132.45000043,34.47601378],[132.449973,34.47601375],[132.44974926,34.47600628],[132.44911535,34.47597393],[132.44789512,34.47589814],[132.44778156,34.47589101],[132.44746275,34.47586919],[132.44686203,34.47583075],[132.44541047,34.47574507],[132.44520379,34.47573246],[132.44415368,34.47566523],[132.44400571,34.47566042],[132.44349485,34.47563075],[132.44204995,34.47554593],[132.44166671,34.47552044],[132.44101945,34.4754774],[132.43895157,34.47534279],[132.43800548,34.47515811],[132.43571389,34.47466162],[132.43485486,34.47446737],[132.43460121,34.47440683],[132.43440229,34.47434127],[132.43369663,34.47409088],[132.43333353,34.47393678],[132.43216521,34.47343939],[132.43163598,34.47322739],[132.43132813,34.47310044],[132.43047111,34.47273261],[132.43026303,34.47265641],[132.42996828,34.4725893],[132.42956079,34.47252668],[132.4291474,34.47249604],[132.42846846,34.4724474],[132.42841898,34.47244198],[132.42807156,34.47241196],[132.42794628,34.47240066],[132.42768063,34.47238307],[132.42738921,34.47230667],[132.42687876,34.47214731],[132.42653278,34.47200035],[132.42636806,34.47193016],[132.42580293,34.4716266],[132.42559096,34.47151253],[132.42511164,34.47125593],[132.42500669,34.47119944],[132.42498467,34.47118767],[132.42467968,34.47102319],[132.42411349,34.47072683],[132.42392464,34.4706354],[132.42371473,34.47056201],[132.42332553,34.47047842],[132.42221881,34.47031823],[132.42190148,34.47027133],[132.41963891,34.46995472],[132.41899999,34.46987226],[132.41839521,34.46977817],[132.41828086,34.46974728],[132.41792166,34.46964487],[132.41757093,34.46947201],[132.41742882,34.46938894],[132.41737323,34.46935561],[132.41709749,34.46915493],[132.41698183,34.46906255],[132.41609656,34.46828057],[132.41538634,34.46764278],[132.41508393,34.46738783],[132.41466045,34.46700105],[132.41425183,34.46663956],[132.41412111,34.46651807],[132.41403135,34.46643467],[132.41383223,34.46618861],[132.41376415,34.46603133],[132.41369609,34.46583231],[132.4135964,34.4654234],[132.41357303,34.46531598],[132.41349841,34.46492254],[132.41340161,34.46443308],[132.41339471,34.46440882],[132.41329875,34.46405391],[132.41321276,34.4638323],[132.41307262,34.46356435],[132.41296988,34.46341197],[132.41275082,34.46319129],[132.4126453,34.46310228],[132.41254557,34.46301772],[132.41201851,34.46258484],[132.41151118,34.46218811],[132.41120114,34.46193732],[132.41058714,34.46145374],[132.40999022,34.46097708],[132.40930881,34.46042592],[132.40855823,34.45988388],[132.40799418,34.45948766],[132.4079202,34.45943568],[132.40770907,34.45928774],[132.407497,34.45913566],[132.40688496,34.45870575],[132.40651204,34.45841441],[132.40631887,34.4582256],[132.40628203,34.4581922],[132.40612521,34.45798742],[132.40606094,34.45788717],[132.40592173,34.45767811],[132.4056871,34.45719836],[132.40548528,34.4567199]]},"properties":{"任意ID":"187","区分":"第２次緊急輸送道路","枝ID":"1","行政区域":"34100","資料名称":"広島県緊急輸送道路ネットワーク計画","資料年月":"2020 06","路線名称":"広島豊平線（県道38号）","道路種別":"主要地方道（指定市市道）"}},{"type":"Feature","geometry":{"type":"LineString","coordinates":[[132.45378513,34.38376376],[132.45391581,34.38355441],[132.45408081,34.38332338],[132.45438459,34.38293876],[132.4546042,34.38265252],[132.45506745,34.38203686],[132.45526798,34.38175505],[132.45562352,34.38124907],[132.45629277,34.38029667],[132.45657513,34.37987057],[132.45689211,34.37940473],[132.4572756,34.37878436],[132.45775142,34.37801582],[132.45791432,34.3777781],[132.45833333,34.37716633],[132.45858942,34.37679056],[132.45904919,34.37615388],[132.45967476,34.37528571],[132.4600354,34.37501892],[132.46039135,34.37487807],[132.46082473,34.37474971],[132.46090823,34.37472919],[132.46132223,34.37462695],[132.46187003,34.37451288],[132.46211408,34.37450428],[132.46258219,34.37449667],[132.4627111,34.37447986],[132.4637961,34.37422943],[132.46425424,34.37411658],[132.4645679,34.37403798]]},"properties":{"任意ID":"188","区分":"第２次緊急輸送道路","枝ID":"1","行政区域":"34100","資料名称":"広島県緊急輸送道路ネットワーク計画","資料年月":"2020 06","路線名称":"広島港線（県道243号）","道路種別":"一般都道府県道"}},{"type":"Feature","geometry":{"type":"LineString","coordinates":[[132.45378513,34.38376376],[132.45379456,34.3839332],[132.45381681,34.38407856],[132.45388391,34.38430532],[132.4539549,34.3844978],[132.45402752,34.38466783]]},"properties":{"任意ID":"188","区分":"第１次緊急輸送道路","枝ID":"2","行政区域":"34100","資料名称":"広島県緊急輸送道路ネットワーク計画","資料年月":"2020 06","路線名称":"広島港線（県道243号）","道路種別":"一般都道府県道"}},{"type":"Feature","geometry":{"type":"LineString","coordinates":[[132.44637082,34.39476751],[132.44638694,34.39496028],[132.44642444,34.39525972],[132.44668378,34.39611598],[132.44707557,34.39735916]]},"properties":{"任意ID":"189","区分":"第２次緊急輸送道路","枝ID":"1","行政区域":"34100","資料名称":"広島県緊急輸送道路ネットワーク計画","資料年月":"2020 06","路線名称":"伴広島線（県道265号）","道路種別":"一般都道府県道"}},{"type":"Feature","geometry":{"type":"LineString","coordinates":[[132.43106492,34.36237881],[132.43152166,34.36312065],[132.43187396,34.36372467],[132.43261486,34.36499107],[132.43304495,34.36572464],[132.43352575,34.36654592],[132.43391854,34.36721702],[132.43423901,34.36775127],[132.43457234,34.36830253],[132.43493617,34.36893431],[132.43515825,34.36942594],[132.43585943,34.37139188],[132.43611428,34.37211648],[132.4368999,34.37422269],[132.43729758,34.37516961],[132.437348726,34.375289477],[132.43756288,34.37583052],[132.43808767,34.37714952],[132.43843186,34.37801009],[132.43871103,34.37870801],[132.43874943,34.37879246],[132.43906379,34.37941715],[132.43928342,34.37982114],[132.43951882,34.38025294],[132.44009462,34.38130843],[132.44067896,34.38237836],[132.4410796,34.38304607],[132.44163087,34.38389958],[132.44205591,34.38458064],[132.44238789,34.38511925],[132.4426316,34.38551289],[132.44310173,34.38627455],[132.44373362,34.38732011],[132.44430864,34.38823617],[132.44441723,34.38842777],[132.4448865,34.3891669],[132.44532278,34.38987695],[132.44549139,34.39020378],[132.44574,34.39068527],[132.44589534,34.39122921],[132.44594111,34.39148703],[132.4459817,34.39176107],[132.44603416,34.39211361],[132.44608806,34.39253783],[132.44620755,34.39347813],[132.4462925,34.39414971],[132.44637082,34.39476751]]},"properties":{"任意ID":"190","区分":"第２次緊急輸送道路","枝ID":"1","行政区域":"34100","資料名称":"広島県緊急輸送道路ネットワーク計画","資料年月":"2020 06","路線名称":"横川江波線","道路種別":"市町村道（認定道路）"}},{"type":"Feature","geometry":{"type":"LineString","coordinates":[[132.41396123,34.38283646],[132.41459148,34.382715662],[132.415227114,34.382605876],[132.41617664,34.38240199],[132.416992762,34.382276521],[132.41799722,34.382111843],[132.41873533,34.38187158],[132.419849189,34.381398239],[132.420775173,34.380982624],[132.422038593,34.380418014],[132.423105829,34.380041608],[132.423741463,34.379814196],[132.424942103,34.379469156],[132.425993645,34.379084908],[132.4271437,34.37881055],[132.428661736,34.378261519],[132.430019323,34.377885113],[132.431573094,34.377367554],[132.433377979,34.376701001],[132.434798345,34.376214809],[132.436477673,34.375610991],[132.437348726,34.375289477],[132.438776939,34.374803285],[132.439765702,34.374505297],[132.440778008,34.374207309],[132.441923717,34.373964213],[132.443179289,34.373791693],[132.444372083,34.373595648],[132.445502098,34.373399603],[132.446946006,34.373172191],[132.44817761,34.37297906],[132.449127562,34.372827152],[132.450124173,34.372756576],[132.451073699,34.373007513],[132.45274518,34.373281976],[132.45441062,34.37357992],[132.455805637,34.373846586],[132.456637454,34.374003422],[132.457453575,34.374293568],[132.458214766,34.374662133],[132.459062277,34.375022856],[132.45967476,34.37528571]]},"properties":{"任意ID":"191","区分":"第２次緊急輸送道路","枝ID":"1","行政区域":"34100","資料名称":"広島県緊急輸送道路ネットワーク計画","資料年月":"2020 06","路線名称":"霞庚午線","道路種別":"市町村道（認定道路）"}},{"type":"Feature","geometry":{"type":"LineString","coordinates":[[132.4645679,34.37403798],[132.465685421,34.373921083],[132.466988077,34.373717196],[132.468329969,34.373544677],[132.469499221,34.373379999],[132.470448747,34.373262372],[132.47126837,34.37316896]]},"properties":{"任意ID":"191","区分":"第２次緊急輸送道路","枝ID":"2","行政区域":"34100","資料名称":"広島県緊急輸送道路ネットワーク計画","資料年月":"2020 06","路線名称":"霞庚午線","道路種別":"市町村道（認定道路）"}},{"type":"Feature","geometry":{"type":"LineString","coordinates":[[132.518268189,34.49579756],[132.518221936,34.495520241],[132.518102451,34.495111966],[132.517929004,34.494653619],[132.517797956,34.494287711],[132.51758982,34.493671446],[132.517424082,34.493186137],[132.517250635,34.492662312],[132.517100315,34.492126932],[132.517081043,34.491899684],[132.517092606,34.491710953],[132.517179329,34.491225644],[132.517387465,34.490671006],[132.517742067,34.490062444],[132.518050417,34.489392256],[132.518435854,34.488691255],[132.518990883,34.487659011],[132.51956133,34.486603657],[132.520008437,34.485617633],[132.520447835,34.484654719],[132.520833272,34.483784245],[132.521372884,34.482628748],[132.521789156,34.48163502],[132.522182302,34.48070292],[132.522637118,34.479701489],[132.522922341,34.479000487],[132.523037972,34.478476662],[132.523045681,34.477706331],[132.523022555,34.477197912],[132.52296693,34.4765967]]},"properties":{"任意ID":"192","区分":"第２次緊急輸送道路","枝ID":"1","行政区域":"34100","資料名称":"広島県緊急輸送道路ネットワーク計画","資料年月":"2020 06","路線名称":"高陽可部線","道路種別":"市町村道（認定道路）"}},{"type":"Feature","geometry":{"type":"LineString","coordinates":[[132.42343387,34.39153037],[132.4239161,34.39192582],[132.42413334,34.39219611],[132.42460769,34.39278078],[132.42491738,34.39316919],[132.42509806,34.39339582],[132.42536738,34.39372273],[132.42577,34.3942125],[132.42617257,34.39469379],[132.42653726,34.39512731],[132.42742395,34.39621147],[132.4276245,34.39635344],[132.42843557,34.39688839],[132.42892303,34.3971879]]},"properties":{"任意ID":"193","区分":"第２次緊急輸送道路","枝ID":"1","行政区域":"34100","資料名称":"広島県緊急輸送道路ネットワーク計画","資料年月":"2020 06","路線名称":"西3区82号線","道路種別":"市町村道（認定道路）"}},{"type":"Feature","geometry":{"type":"LineString","coordinates":[[132.40139353,34.37191319],[132.401030229,34.372516716],[132.400340405,34.373780503],[132.399549982,34.37504429],[132.3989895,34.376164465],[132.398601474,34.377097943],[132.398543988,34.377442613],[132.39845776,34.377873449],[132.398385904,34.378433536],[132.398414646,34.379022346],[132.398572731,34.379697323],[132.39910447,34.381133444],[132.39963621,34.382282341],[132.400081721,34.383431239],[132.400455376,34.384608858],[132.400972744,34.3858152],[132.40179191,34.387366211],[132.402036222,34.387998104],[132.402108079,34.388242245],[132.402093708,34.388486386],[132.40200748,34.388917222],[132.401806281,34.38936242],[132.401490112,34.389635283],[132.401058972,34.389965591],[132.400627832,34.390267176],[132.400081721,34.390726735],[132.399794294,34.390985237],[132.39953561,34.391243739],[132.399463754,34.391559685],[132.399276926,34.392220301],[132.399176327,34.393196864],[132.399046985,34.39410162],[132.398817044,34.394891487],[132.39834279,34.395767521],[132.397796679,34.396772806],[132.39757126,34.39751236]]},"properties":{"任意ID":"194","区分":"第２次緊急輸送道路","枝ID":"1","行政区域":"34100","資料名称":"広島県緊急輸送道路ネットワーク計画","資料年月":"2020 06","路線名称":"草津沼田線","道路種別":"市町村道（認定道路）"}},{"type":"Feature","geometry":{"type":"LineString","coordinates":[[132.44265795,34.35888684],[132.44369256,34.36154623],[132.44492033,34.36462399],[132.44498834,34.3647935],[132.44533692,34.36567646],[132.44538306,34.36579333],[132.44543334,34.36591364],[132.44548058,34.36603114],[132.44573525,34.36666666],[132.44580511,34.366841],[132.44586556,34.36701789],[132.44592466,34.36716348],[132.44613421,34.36767564],[132.44633578,34.36818681],[132.44637929,34.36829647],[132.4464318,34.36843021],[132.44661012,34.3688715],[132.44674646,34.36921443],[132.44684792,34.36946928],[132.44695307,34.36968242],[132.44707452,34.36995667],[132.44755312,34.37126345],[132.44782716,34.3719447],[132.44801368,34.37247309],[132.44817761,34.37297906],[132.4483597,34.37342024],[132.44849648,34.37382415],[132.44885462,34.37475343],[132.44895131,34.375],[132.44922872,34.37570745],[132.44937538,34.37609444],[132.44941953,34.37628833],[132.44944308,34.37650686],[132.44944613,34.37683119],[132.44942013,34.37750622],[132.44933057,34.37803547],[132.44917584,34.37887725],[132.44912287,34.37916322],[132.44904167,34.379675],[132.44898078,34.38004728],[132.44894,34.38026083],[132.44881087,34.38098727],[132.44871585,34.38192812],[132.44871526,34.38199966],[132.44870889,34.38278424],[132.44871372,34.38333333],[132.44871594,34.3835859],[132.4487225,34.38438974],[132.44871495,34.38513275],[132.44871583,34.38565645],[132.44871112,34.38609253],[132.44871583,34.38691812],[132.44874861,34.38715167],[132.4488175,34.38736889],[132.44894603,34.38770095],[132.44907551,34.38797632],[132.44943043,34.38852057],[132.44980207,34.38909225],[132.45,34.38940239],[132.45046712,34.3901343],[132.45082193,34.39065762],[132.45109557,34.39100523]]},"properties":{"任意ID":"195","区分":"第２次緊急輸送道路","枝ID":"1","行政区域":"34100","資料名称":"広島県緊急輸送道路ネットワーク計画","資料年月":"2020 06","路線名称":"中島吉島線","道路種別":"市町村道（認定道路）"}},{"type":"Feature","geometry":{"type":"LineString","coordinates":[[132.42892303,34.3971879],[132.43027887,34.39657093],[132.43214035,34.39570122],[132.432225777,34.395661],[132.43253535,34.39551525],[132.43333334,34.39514322],[132.43378473,34.39493601],[132.43478157,34.39448948],[132.43538933,34.39425047],[132.43613391,34.39406481],[132.43730309,34.3938534],[132.43815652,34.39369909],[132.44005499,34.39331134],[132.44091447,34.39313634],[132.44163852,34.39299607],[132.44291949,34.39273998],[132.44376685,34.39257293],[132.44444382,34.39243813],[132.44498902,34.39232525],[132.4453705,34.39224808],[132.44603416,34.39211361],[132.44694807,34.39192582],[132.44731,34.39186334],[132.44764249,34.39179578],[132.44837554,34.39165453],[132.44919761,34.39148212],[132.45,34.39129928],[132.45069139,34.39111417],[132.45109557,34.39100523],[132.45198167,34.3907825],[132.45248506,34.39064089],[132.45268095,34.39058805],[132.45328653,34.39043399],[132.45434584,34.3901661],[132.45455199,34.39010868],[132.45583103,34.38976785],[132.45738507,34.38937934],[132.45779374,34.38927872],[132.45831054,34.38914305],[132.45852699,34.38908332],[132.45907827,34.3889395],[132.46044315,34.38858546],[132.461868,34.38822029],[132.46299297,34.38791778],[132.46435789,34.387566],[132.46504245,34.38738834],[132.46590203,34.38716671],[132.46614,34.38711],[132.46663033,34.3869851],[132.46759819,34.38672797],[132.46802111,34.38662027],[132.46837391,34.38651333],[132.46894881,34.38626686],[132.46914612,34.38617861],[132.46959111,34.38597222],[132.47013619,34.38572359],[132.47026696,34.38566073]]},"properties":{"任意ID":"196","区分":"第２次緊急輸送道路","枝ID":"1","行政区域":"34100","資料名称":"広島県緊急輸送道路ネットワーク計画","資料年月":"2020 06","路線名称":"比治山庚午線","道路種別":"市町村道（認定道路）"}},{"type":"Feature","geometry":{"type":"LineString","coordinates":[[132.45967476,34.37528571],[132.459701834,34.375795273],[132.460109895,34.376940176],[132.460643514,34.378539903],[132.461098658,34.379857325],[132.461679361,34.381598205],[132.461961864,34.38249217],[132.461867696,34.382868577],[132.461569498,34.383715491],[132.46123991,34.384703558],[132.461098811,34.385283835],[132.461067269,34.385613207],[132.461365468,34.386538539],[132.461695055,34.38758934],[132.461868,34.38822029],[132.462291452,34.389565474],[132.462683818,34.390851529],[132.46306049,34.392121901],[132.463547024,34.393705944],[132.464112032,34.395368406],[132.464661344,34.397250438],[132.464802596,34.397752313],[132.465210657,34.399085419],[132.465744276,34.400794931],[132.465964001,34.401688896],[132.466058169,34.402457393],[132.465916917,34.403414092],[132.46554389,34.40441971]]},"properties":{"任意ID":"197","区分":"第２次緊急輸送道路","枝ID":"1","行政区域":"34100","資料名称":"広島県緊急輸送道路ネットワーク計画","資料年月":"2020 06","路線名称":"御幸橋三篠線","道路種別":"市町村道（認定道路）"}},{"type":"Feature","geometry":{"type":"LineString","coordinates":[[132.480171923,34.386026919],[132.47886114,34.38616765],[132.47850861,34.38619778],[132.47776306,34.38630475],[132.47747188,34.38634353],[132.47721001,34.38631648],[132.47694532,34.38628377],[132.47661322,34.38621001],[132.47575091,34.38600687],[132.47533391,34.38591117],[132.47495636,34.38582186],[132.47454167,34.38571519],[132.47364512,34.38548143],[132.47313771,34.38534913],[132.47275518,34.3852494],[132.47232356,34.38513686],[132.47214085,34.3851018],[132.47198783,34.38507844],[132.47180229,34.38506739],[132.47163357,34.38507641],[132.4715011,34.3850945],[132.47130574,34.3851348],[132.4712526,34.38514781],[132.47114079,34.38519423],[132.47102873,34.38524664],[132.47047129,34.38556171],[132.47039878,34.38559736],[132.47026696,34.38566073]]},"properties":{"任意ID":"198","区分":"第２次緊急輸送道路","枝ID":"1","行政区域":"34100","資料名称":"広島県緊急輸送道路ネットワーク計画","資料年月":"2020 06","路線名称":"比治山東雲線","道路種別":"市町村道（認定道路）"}},{"type":"Feature","geometry":{"type":"LineString","coordinates":[[132.480171923,34.386026919],[132.480301366,34.386279618],[132.480517897,34.386750751],[132.480739186,34.38715288],[132.480920501,34.387571189],[132.481013776,34.387767257],[132.481093726,34.387864339],[132.481331672,34.38836117],[132.48139449,34.388500131],[132.48149492,34.38877575],[132.48212787,34.39004262],[132.48243567,34.39059489],[132.48257491,34.39084232]]},"properties":{"任意ID":"199","区分":"第２次緊急輸送道路","枝ID":"1","行政区域":"34100","資料名称":"広島県緊急輸送道路ネットワーク計画","資料年月":"2020 06","路線名称":"段原蟹屋線","道路種別":"市町村道（認定道路）"}},{"type":"Feature","geometry":{"type":"LineString","coordinates":[[132.427648215,34.388918168],[132.427917198,34.38924394],[132.428179475,34.389660415],[132.42840223,34.390005084],[132.42883337,34.390586713],[132.429138761,34.391049862],[132.429483673,34.391556095],[132.429799843,34.392015654],[132.430130383,34.392493164],[132.43039266,34.392909639],[132.43065853,34.393315344],[132.430956735,34.39374618],[132.43130524,34.394266774],[132.431542367,34.394647346],[132.431980692,34.39529001],[132.432225777,34.395661],[132.432577103,34.396205538],[132.432957943,34.396797938],[132.433405251,34.397404699],[132.433929805,34.398216108],[132.434461544,34.398991613],[132.435043583,34.399867647],[132.435589694,34.400743681],[132.435941791,34.401217601],[132.436394488,34.401741785],[132.436760957,34.402115177],[132.43722084,34.402531652],[132.437659166,34.402940947],[132.438011263,34.403278435],[132.438413661,34.403594382],[132.438417065,34.403596862],[132.438758573,34.403845703],[132.439240012,34.404204733],[132.43975738,34.4045135],[132.440116664,34.404700195],[132.44045439,34.404894072],[132.441187328,34.40534645],[132.441905895,34.405798828],[132.442595719,34.406208123],[132.443156201,34.406559972],[132.443580155,34.406875919],[132.444090337,34.407278033],[132.444535849,34.407680147],[132.44481609,34.407924288],[132.445283158,34.408146886],[132.445549028,34.408391027],[132.445958611,34.408965476],[132.446368194,34.409597369],[132.446741849,34.410171818],[132.447000533,34.410538028],[132.447553829,34.411327895],[132.448056826,34.412045956],[132.44853108,34.412828642],[132.44896222,34.413625689],[132.449141861,34.414113971],[132.449364617,34.414760225],[132.449429288,34.414925379],[132.449738272,34.415298771],[132.450356239,34.415945025],[132.450593366,34.416189166],[132.45123289,34.416749253],[132.451958643,34.417381147],[132.452605353,34.41801304],[132.453065235,34.418544405],[132.453496375,34.419147576],[132.453697574,34.419650218],[132.453769431,34.419944623],[132.453841287,34.420231847],[132.454028115,34.420655503],[132.454344284,34.421186868],[132.454660453,34.421617705],[132.455034108,34.42204136],[132.455400577,34.422479377],[132.455838903,34.422859949],[132.456169443,34.42310409],[132.456499984,34.423326689],[132.456844896,34.423477482],[132.457419749,34.42370008],[132.457779033,34.423850873],[132.45823173,34.424001666],[132.458634127,34.424087833],[132.458935925,34.424145278],[132.459244909,34.424217084],[132.459891619,34.424317613]]},"properties":{"任意ID":"200","区分":"第２次緊急輸送道路","枝ID":"1","行政区域":"34100","資料名称":"広島県緊急輸送道路ネットワーク計画","資料年月":"2020 06","路線名称":"緊急用河川敷道路","道路種別":"その他道路"}},{"type":"Feature","geometry":{"type":"LineString","coordinates":[[132.48339381,34.39685653],[132.484895,34.39726598],[132.48523416,34.39735028],[132.485504,34.39740938],[132.48630667,34.3976036],[132.48617083,34.39806583],[132.4861575,34.39819529],[132.48643291,34.39888294],[132.48651413,34.39905236],[132.48669389,34.39942333],[132.48674167,34.39951834],[132.48700639,34.39991834],[132.48707264,34.4],[132.48721667,34.4001775],[132.48745496,34.4004431],[132.48771935,34.40074688],[132.48788251,34.40092112],[132.48794993,34.40096634],[132.48873778,34.401665],[132.48896167,34.40186167],[132.48928111,34.40221139],[132.48943027,34.4024475],[132.48952527,34.40261083],[132.48967617,34.40293573],[132.4897144,34.40308222],[132.48969528,34.40359639],[132.48968139,34.40392889],[132.48974278,34.40405305],[132.48984472,34.40414305],[132.49007493,34.40425553],[132.49032167,34.40434943],[132.49071996,34.40451458],[132.49113473,34.40469473],[132.4914401,34.40481892],[132.49158249,34.40485805],[132.49166667,34.40485805],[132.49205833,34.40485805],[132.49223581,34.40490778],[132.49241111,34.40499889],[132.49250609,34.4050722],[132.49255361,34.40512306],[132.49263896,34.40520467],[132.49275756,34.40530311],[132.49289334,34.40539361],[132.49312417,34.40550611],[132.49353166,34.40573722],[132.4936875,34.40585556],[132.49383621,34.40600684],[132.49412504,34.4063545],[132.49457084,34.40689201],[132.494844264,34.407212322],[132.495097552,34.407439307],[132.495371666,34.40756875],[132.496207333,34.407892357],[132.496727007,34.408124592],[132.496913557,34.408177892],[132.497147696,34.408242613],[132.497328535,34.40824642],[132.497892848,34.408248086],[132.498260474,34.408251655],[132.49849961,34.408269501],[132.4985744,34.40834305]]},"properties":{"任意ID":"201","区分":"第３次緊急輸送道路","枝ID":"1","行政区域":"34100","資料名称":"広島県緊急輸送道路ネットワーク計画","資料年月":"2020 06","路線名称":"中山尾長線（県道264号）","道路種別":"一般都道府県道"}},{"type":"Feature","geometry":{"type":"LineString","coordinates":[[132.4985744,34.40834305],[132.49841481,34.40900629],[132.49819106,34.40990608],[132.49813528,34.410135],[132.49810433,34.41035724],[132.49807723,34.41055334],[132.49806056,34.41080305],[132.49805288,34.41104094],[132.49804667,34.4112275],[132.49800611,34.41143583],[132.49793806,34.41163888],[132.4978025,34.41192055],[132.49750227,34.41231217],[132.49745768,34.41236043],[132.49734472,34.41256],[132.49730718,34.4127049],[132.49729696,34.41277024],[132.49731667,34.41287305],[132.49736806,34.41309278],[132.49747681,34.41342183],[132.49761806,34.41389333],[132.49765361,34.41433557],[132.49766113,34.41444299],[132.49768917,34.41483473],[132.49774639,34.41515583],[132.4978175,34.41556945],[132.49783623,34.41587195],[132.49784611,34.41603277],[132.49784611,34.41631111],[132.49777607,34.4166356],[132.49763917,34.41696695],[132.49747639,34.41725083],[132.49718419,34.4177919],[132.49600417,34.41990833],[132.49548632,34.42077869],[132.49543,34.42089389],[132.49534167,34.42102334],[132.49519223,34.42118139],[132.49505639,34.42135583],[132.49500889,34.42164889],[132.49496778,34.42178362],[132.49479133,34.42219421],[132.49476332,34.42229685],[132.49463138,34.42257644],[132.494545,34.42286639],[132.49453324,34.4230064],[132.4945136,34.42324315],[132.49447444,34.42355667],[132.49438029,34.42417608],[132.49428833,34.42433528],[132.49413723,34.42467],[132.49405892,34.42475608],[132.49390972,34.42481889],[132.49374277,34.42484305],[132.49345873,34.42485347],[132.49318557,34.4248636],[132.49310723,34.42490444],[132.4930375,34.42503917],[132.49295621,34.42520174],[132.49278172,34.42553835],[132.49266482,34.42576381],[132.49232556,34.42642],[132.49226223,34.42653972],[132.49211388,34.42682],[132.49191878,34.4272141],[132.49182935,34.42739491],[132.49163721,34.4277542],[132.49143334,34.42820472],[132.49135863,34.42841299],[132.4913175,34.4287],[132.49130611,34.42902365],[132.49132194,34.42914885],[132.4913175,34.42958472],[132.49126334,34.42979861],[132.49119473,34.42993945],[132.49109834,34.43010068],[132.49097694,34.4301575],[132.49084667,34.43022417],[132.49060389,34.43032222],[132.49038658,34.43041799],[132.49026389,34.43045723],[132.4899849,34.4305981],[132.48976749,34.43072806],[132.48937244,34.43103816],[132.48916928,34.43127581],[132.48895094,34.4315204],[132.48862017,34.43196614],[132.48851368,34.43211315],[132.48836084,34.43236695],[132.48830565,34.43250975],[132.48820403,34.43278393],[132.48810875,34.4330148],[132.48798937,34.43333333],[132.48783028,34.43375777],[132.48768111,34.43413],[132.48755872,34.43447331],[132.48729361,34.43511555],[132.48717769,34.43536902],[132.48709699,34.43551669],[132.48702833,34.43561083],[132.48681762,34.43584155],[132.48664111,34.43599973],[132.48647557,34.43611518],[132.48622622,34.43628151],[132.48577592,34.43660775],[132.48496889,34.43723917],[132.48446588,34.43769468],[132.4843025,34.43790305],[132.48417361,34.43815139],[132.4839749,34.43860194],[132.4839373,34.43868719],[132.48380472,34.4389878]]},"properties":{"任意ID":"202","区分":"第３次緊急輸送道路","枝ID":"1","行政区域":"34100","資料名称":"広島県緊急輸送道路ネットワーク計画","資料年月":"2020 06","路線名称":"府中祇園線（県道152号）","道路種別":"一般都道府県道"}},{"type":"Feature","geometry":{"type":"LineString","coordinates":[[132.575781557,34.391223742],[132.574969205,34.391002041],[132.57471855,34.390932233],[132.574457374,34.390819374],[132.574245609,34.390727676],[132.574019727,34.390650086],[132.573772669,34.390565441],[132.573447964,34.390480797],[132.573144435,34.390410261],[132.572805612,34.390290348],[132.572482672,34.390177489],[132.572157966,34.390001147],[132.571829732,34.389888288],[132.571473262,34.389814225],[132.571159145,34.389800117],[132.570760322,34.389874181],[132.570548558,34.389976459],[132.570262676,34.390195123],[132.569980324,34.390463163],[132.569793265,34.390565441],[132.569542678,34.390671247],[132.569309737,34.390692408],[132.568970914,34.390688881],[132.568625033,34.390664193],[132.568353268,34.390710042],[132.567996799,34.390844062],[132.567777975,34.391069779],[132.567580329,34.39128139],[132.567266212,34.391711664],[132.567082683,34.391951489],[132.566669742,34.392198368],[132.566341508,34.392367656],[132.56616049,34.39243776]]},"properties":{"任意ID":"207","区分":"第１次緊急輸送道路","枝ID":"1","行政区域":"34100","資料名称":"広島県緊急輸送道路ネットワーク計画","資料年月":"2020 06","路線名称":"押出線","道路種別":"市町村道（認定道路）"}},{"type":"Feature","geometry":{"type":"LineString","coordinates":[[132.575781557,34.391223742],[132.576805211,34.391322109],[132.577618476,34.391485548],[132.578320841,34.391812426],[132.578936951,34.392200593],[132.579429838,34.392680695],[132.579626993,34.393119937],[132.57955306,34.393528535],[132.579331261,34.393814553],[132.578863017,34.394059711],[132.578456385,34.39422315],[132.578209941,34.394386589],[132.578086719,34.394641963],[132.578074397,34.394917766],[132.578172979,34.395132279],[132.578481049,34.395448942],[132.579996751,34.396684949],[132.58074844,34.397420424]]},"properties":{"任意ID":"207","区分":"第１次緊急輸送道路","枝ID":"2","行政区域":"34100","資料名称":"広島県緊急輸送道路ネットワーク計画","資料年月":"2020 06","路線名称":"押出線","道路種別":"市町村道（認定道路）"}},{"type":"Feature","geometry":{"type":"LineString","coordinates":[[132.39142063,34.3771944],[132.392296943,34.377813787],[132.394697052,34.379465763],[132.395806536,34.380272978],[132.396214102,34.381042648],[132.396304672,34.381718457],[132.396191459,34.382619534],[132.395648038,34.383933605],[132.394954748,34.385470531]]},"properties":{"任意ID":"208","区分":"第１次緊急輸送道路","枝ID":"1","行政区域":"34100","資料名称":"広島県緊急輸送道路ネットワーク計画","資料年月":"2020 06","路線名称":"西5区15号線","道路種別":"市町村道（認定道路）"}},{"type":"Feature","geometry":{"type":"LineString","coordinates":[[132.58074844,34.397420424],[132.580949779,34.397356689],[132.581173985,34.397332597],[132.581464623,34.397387663],[132.581593334,34.397466821],[132.581759413,34.397656113],[132.581979467,34.398086319],[132.582141394,34.398289377],[132.582311625,34.398385743],[132.582564895,34.398458018],[132.582809861,34.398454576],[132.583104651,34.398347885],[132.583507392,34.398172361],[132.583698384,34.398144828],[132.583914288,34.398168919],[132.584142648,34.398241194],[132.585089305,34.398695492],[132.585541873,34.39889855],[132.586762573,34.399466423],[132.587210993,34.39969013],[132.587576373,34.399958579],[132.588236555,34.400701977]]},"properties":{"任意ID":"209","区分":"第１次緊急輸送道路","枝ID":"1","行政区域":"34100","資料名称":"広島県緊急輸送道路ネットワーク計画","資料年月":"2020 06","路線名称":"安芸1区133号線","道路種別":"市町村道（認定道路）"}},{"type":"Feature","geometry":{"type":"LineString","coordinates":[[132.607001216,34.419721692],[132.607581988,34.419972926],[132.607971751,34.420026758],[132.608693533,34.420158348],[132.609660721,34.420469379],[132.610555731,34.420660782],[132.611190899,34.42073854],[132.611631187,34.420732559],[132.612179744,34.420690689],[132.613370692,34.420571062],[132.613383348,34.420977622]]},"properties":{"任意ID":"210","区分":"第１次緊急輸送道路","枝ID":"1","行政区域":"34100","資料名称":"広島県緊急輸送道路ネットワーク計画","資料年月":"2020 06","路線名称":"安芸1区中野瀬野線","道路種別":"市町村道（認定道路）"}},{"type":"Feature","geometry":{"type":"LineString","coordinates":[[132.613383348,34.420977622],[132.61343093,34.4225062]]},"properties":{"任意ID":"211","区分":"第１次緊急輸送道路","枝ID":"1","行政区域":"34100","資料名称":"広島県緊急輸送道路ネットワーク計画","資料年月":"2020 06","路線名称":"安芸1区瀬野線","道路種別":"市町村道（認定道路）"}},{"type":"Feature","geometry":{"type":"LineString","coordinates":[[132.613383348,34.420977622],[132.621070135,34.417003194],[132.62806575,34.416860426],[132.633633689,34.418859174],[132.636917345,34.4227139],[132.641200375,34.427996304],[132.648338758,34.430994425],[132.655477141,34.43313594],[132.659046333,34.438132808],[132.661302843,34.438954511]]},"properties":{"任意ID":"226","区分":"未指定","枝ID":"1","行政区域":"34100","資料名称":"広島県緊急輸送道路ネットワーク計画","資料年月":"2020 06","路線名称":"-","道路種別":"9"}},{"type":"Feature","geometry":{"type":"LineString","coordinates":[[132.50454193,34.4043247],[132.4985744,34.40834305],[132.492461592,34.408134281],[132.483717359,34.407380467],[132.478139141,34.40466674],[132.476875048,34.398931475],[132.47602306,34.39501945]]},"properties":{"任意ID":"231","区分":"未指定","枝ID":"1","行政区域":"34100","資料名称":"広島県緊急輸送道路ネットワーク計画","資料年月":"2020 06","路線名称":"-","道路種別":"9"}},{"type":"Feature","geometry":{"type":"LineString","coordinates":[[132.485066899,34.387187253],[132.48445458,34.38624018],[132.48366522,34.385116846]]},"properties":{"任意ID":"213","区分":"未指定","枝ID":"1","行政区域":"34100","資料名称":"広島県緊急輸送道路ネットワーク計画","資料年月":"2020 06","路線名称":"東雲大州線","道路種別":"市町村道（認定道路）"}},{"type":"Feature","geometry":{"type":"LineString","coordinates":[[132.486432864,34.379696855],[132.486312701,34.379828915],[132.486242507,34.379960975],[132.4861854,34.380091845],[132.486014079,34.380466412],[132.485664298,34.381230219],[132.485451467,34.381710239],[132.485237554,34.382140773],[132.484691927,34.383372476],[132.484359909,34.384078319],[132.484149902,34.384549287],[132.48402128,34.384794057],[132.483868995,34.384960619],[132.48366522,34.385116846],[132.483654843,34.385124802],[132.48329913,34.385248637],[132.48281015,34.385380697],[132.482331879,34.385527034],[132.481967821,34.385616263],[132.481242561,34.385789726],[132.480689337,34.385932494],[132.480498218,34.385970922],[132.480171923,34.386026919]]},"properties":{"任意ID":"198","区分":"未指定","枝ID":"2","行政区域":"34100","資料名称":"広島県緊急輸送道路ネットワーク計画","資料年月":"2020 06","路線名称":"比治山東雲線","道路種別":"市町村道（認定道路）"}},{"type":"Feature","geometry":{"type":"LineString","coordinates":[[132.485066899,34.387187253],[132.485764067,34.388161327],[132.485676687,34.388182726],[132.485699284,34.388212199],[132.485802138,34.388256505],[132.486254236,34.388937031],[132.486292307,34.388989379],[132.486876377,34.389380648]]},"properties":{"任意ID":"214","区分":"未指定","枝ID":"1","行政区域":"34100","資料名称":"広島県緊急輸送道路ネットワーク計画","資料年月":"2020 06","路線名称":"南1区79号線","道路種別":"市町村道（認定道路）"}},{"type":"Feature","geometry":{"type":"LineString","coordinates":[[132.486432864,34.379696855],[132.486391847,34.379675779],[132.486172937,34.379661503],[132.485930231,34.379611534],[132.485680388,34.379544909],[132.484571559,34.379199887],[132.484188466,34.379083294],[132.481791714,34.37833527],[132.481443406,34.378254582]]},"properties":{"任意ID":"11","区分":"未指定","枝ID":"3","行政区域":"34100","資料名称":"広島県緊急輸送道路ネットワーク計画","資料年月":"2020 06","路線名称":"一般国道2号","道路種別":"一般国道"}},{"type":"Feature","geometry":{"type":"LineString","coordinates":[[132.481443406,34.378254582],[132.481696208,34.377704364]]},"properties":{"任意ID":"215","区分":"未指定","枝ID":"1","行政区域":"34100","資料名称":"広島県緊急輸送道路ネットワーク計画","資料年月":"2020 06","路線名称":"南4区197号線","道路種別":"市町村道（認定道路）"}},{"type":"Feature","geometry":{"type":"LineString","coordinates":[[132.481696208,34.377704364],[132.481060014,34.376785121],[132.479965859,34.375222013],[132.47908403,34.373939722],[132.478534375,34.373158069],[132.478348777,34.372868964]]},"properties":{"任意ID":"216","区分":"未指定","枝ID":"1","行政区域":"34100","資料名称":"広島県緊急輸送道路ネットワーク計画","資料年月":"2020 06","路線名称":"南4区219号線","道路種別":"市町村道（認定道路）"}},{"type":"Feature","geometry":{"type":"LineString","coordinates":[[132.478348777,34.372868964],[132.47825066,34.372790811],[132.478136446,34.372721331],[132.477979401,34.372641381],[132.477805225,34.372568093],[132.477572038,34.37248624],[132.477277936,34.372425326],[132.477028759,34.372411715],[132.476933105,34.37240886],[132.476506438,34.372447556],[132.47605434,34.372507042],[132.475527884,34.372575452]]},"properties":{"任意ID":"217","区分":"未指定","枝ID":"1","行政区域":"34100","資料名称":"広島県緊急輸送道路ネットワーク計画","資料年月":"2020 06","路線名称":"南4区861号線","道路種別":"市町村道（認定道路）"}},{"type":"Feature","geometry":{"type":"LineString","coordinates":[[132.475527884,34.372575452],[132.475096607,34.372623041],[132.474701022,34.372688476],[132.474260345,34.372778777],[132.474039531,34.372816848],[132.473262875,34.37293487],[132.472800308,34.372999591],[132.47206515,34.373105382],[132.471703472,34.373145357],[132.47126837,34.37316896]]},"properties":{"任意ID":"218","区分":"未指定","枝ID":"1","行政区域":"34100","資料名称":"広島県緊急輸送道路ネットワーク計画","資料年月":"2020 06","路線名称":"南4区427号線","道路種別":"市町村道（認定道路）"}}],"name":"34100_hiroshima-shi_city_2022_emergency_route","type":"FeatureCollection"}