{"features":[{"type":"Feature","geometry":{"type":"Point","coordinates":[132.42289297,34.37631243]},"properties":{"供用済面積":"105897","供用開始年":"1941","公園名":"広島県総合グランド","公園種別":"運動公園","所在地市区町村名":"広島市","所在地都道府県名":"広島県","管理市区町村":" ","管理都道府県・整備局":"広島県","都市計画決定":"2"}},{"type":"Feature","geometry":{"type":"Point","coordinates":[132.56519371,34.43453555]},"properties":{"供用済面積":"656000","供用開始年":"1983","公園名":"広島緑化植物公園","公園種別":"広域公園","所在地市区町村名":"広島市","所在地都道府県名":"広島県","管理市区町村":" ","管理都道府県・整備局":"広島県","都市計画決定":"2"}},{"type":"Feature","geometry":{"type":"Point","coordinates":[132.46742702,34.40013013]},"properties":{"供用済面積":"46797","供用開始年":"1940","公園名":"広島県縮景園","公園種別":"特殊公園（風致公園、動植物公園、歴史公園、墓園）","所在地市区町村名":"広島市","所在地都道府県名":"広島県","管理市区町村":" ","管理都道府県・整備局":"広島県","都市計画決定":"2"}},{"type":"Feature","geometry":{"type":"Point","coordinates":[132.44525171,34.3956982]},"properties":{"供用済面積":"2340","供用開始年":"1976","公園名":"榎町公園","公園種別":"街区公園","所在地市区町村名":"広島市","所在地都道府県名":"広島県","管理市区町村":"広島市","管理都道府県・整備局":"広島県","都市計画決定":"0"}},{"type":"Feature","geometry":{"type":"Point","coordinates":[132.43861805,34.37028503]},"properties":{"供用済面積":"1163","供用開始年":"1976","公園名":"江波東公園","公園種別":"街区公園","所在地市区町村名":"広島市","所在地都道府県名":"広島県","管理市区町村":"広島市","管理都道府県・整備局":"広島県","都市計画決定":"0"}},{"type":"Feature","geometry":{"type":"Point","coordinates":[132.43864767,34.37291033]},"properties":{"供用済面積":"1687","供用開始年":"1978","公園名":"江波北公園","公園種別":"街区公園","所在地市区町村名":"広島市","所在地都道府県名":"広島県","管理市区町村":"広島市","管理都道府県・整備局":"広島県","都市計画決定":"0"}},{"type":"Feature","geometry":{"type":"Point","coordinates":[132.427849621,34.36462299]},"properties":{"供用済面積":"1000","供用開始年":"1987","公園名":"江波栄町公園","公園種別":"街区公園","所在地市区町村名":"広島市","所在地都道府県名":"広島県","管理市区町村":"広島市","管理都道府県・整備局":"広島県","都市計画決定":"0"}},{"type":"Feature","geometry":{"type":"Point","coordinates":[132.45525321,34.39258283]},"properties":{"供用済面積":"1085","供用開始年":"1976","公園名":"大手町第一公園","公園種別":"街区公園","所在地市区町村名":"広島市","所在地都道府県名":"広島県","管理市区町村":"広島市","管理都道府県・整備局":"広島県","都市計画決定":"0"}},{"type":"Feature","geometry":{"type":"Point","coordinates":[132.45227089,34.38745553]},"properties":{"供用済面積":"2697","供用開始年":"1976","公園名":"大手町第二公園","公園種別":"街区公園","所在地市区町村名":"広島市","所在地都道府県名":"広島県","管理市区町村":"広島市","管理都道府県・整備局":"広島県","都市計画決定":"0"}},{"type":"Feature","geometry":{"type":"Point","coordinates":[132.45202435,34.38220687]},"properties":{"供用済面積":"1775","供用開始年":"1976","公園名":"大手町第三公園","公園種別":"街区公園","所在地市区町村名":"広島市","所在地都道府県名":"広島県","管理市区町村":"広島市","管理都道府県・整備局":"広島県","都市計画決定":"0"}},{"type":"Feature","geometry":{"type":"Point","coordinates":[132.46876769,34.39705839]},"properties":{"供用済面積":"993","供用開始年":"1976","公園名":"上幟町公園","公園種別":"街区公園","所在地市区町村名":"広島市","所在地都道府県名":"広島県","管理市区町村":"広島市","管理都道府県・整備局":"広島県","都市計画決定":"0"}},{"type":"Feature","geometry":{"type":"Point","coordinates":[132.44584499,34.38800429]},"properties":{"供用済面積":"3867","供用開始年":"1976","公園名":"河原町公園","公園種別":"街区公園","所在地市区町村名":"広島市","所在地都道府県名":"広島県","管理市区町村":"広島市","管理都道府県・整備局":"広島県","都市計画決定":"0"}},{"type":"Feature","geometry":{"type":"Point","coordinates":[132.456521679,34.38516096]},"properties":{"供用済面積":"3652","供用開始年":"1976","公園名":"国泰寺公園","公園種別":"街区公園","所在地市区町村名":"広島市","所在地都道府県名":"広島県","管理市区町村":"広島市","管理都道府県・整備局":"広島県","都市計画決定":"0"}},{"type":"Feature","geometry":{"type":"Point","coordinates":[132.44439186,34.36557796]},"properties":{"供用済面積":"1000","供用開始年":"1976","公園名":"光南公園","公園種別":"街区公園","所在地市区町村名":"広島市","所在地都道府県名":"広島県","管理市区町村":"広島市","管理都道府県・整備局":"広島県","都市計画決定":"0"}},{"type":"Feature","geometry":{"type":"Point","coordinates":[132.4426455,34.36839652]},"properties":{"供用済面積":"1016","供用開始年":"1976","公園名":"光南西公園","公園種別":"街区公園","所在地市区町村名":"広島市","所在地都道府県名":"広島県","管理市区町村":"広島市","管理都道府県・整備局":"広島県","都市計画決定":"0"}},{"type":"Feature","geometry":{"type":"Point","coordinates":[132.46320796,34.39693308]},"properties":{"供用済面積":"1120","供用開始年":"1976","公園名":"京口門公園","公園種別":"街区公園","所在地市区町村名":"広島市","所在地都道府県名":"広島県","管理市区町村":"広島市","管理都道府県・整備局":"広島県","都市計画決定":"0"}},{"type":"Feature","geometry":{"type":"Point","coordinates":[132.45454147,34.37898801]},"properties":{"供用済面積":"3174","供用開始年":"1976","公園名":"千田第一公園","公園種別":"街区公園","所在地市区町村名":"広島市","所在地都道府県名":"広島県","管理市区町村":"広島市","管理都道府県・整備局":"広島県","都市計画決定":"0"}},{"type":"Feature","geometry":{"type":"Point","coordinates":[132.45090433,34.39973342]},"properties":{"供用済面積":"4748","供用開始年":"1976","公園名":"空鞘公園","公園種別":"街区公園","所在地市区町村名":"広島市","所在地都道府県名":"広島県","管理市区町村":"広島市","管理都道府県・整備局":"広島県","都市計画決定":"0"}},{"type":"Feature","geometry":{"type":"Point","coordinates":[132.46665163,34.3843938]},"properties":{"供用済面積":"4324","供用開始年":"1976","公園名":"鶴見公園","公園種別":"街区公園","所在地市区町村名":"広島市","所在地都道府県名":"広島県","管理市区町村":"広島市","管理都道府県・整備局":"広島県","都市計画決定":"0"}},{"type":"Feature","geometry":{"type":"Point","coordinates":[132.46114694,34.40706877]},"properties":{"供用済面積":"1876","供用開始年":"1976","公園名":"西白島公園","公園種別":"街区公園","所在地市区町村名":"広島市","所在地都道府県名":"広島県","管理市区町村":"広島市","管理都道府県・整備局":"広島県","都市計画決定":"0"}},{"type":"Feature","geometry":{"type":"Point","coordinates":[132.44416031,34.39877681]},"properties":{"供用済面積":"1623","供用開始年":"1976","公園名":"西十日市公園","公園種別":"街区公園","所在地市区町村名":"広島市","所在地都道府県名":"広島県","管理市区町村":"広島市","管理都道府県・整備局":"広島県","都市計画決定":"0"}},{"type":"Feature","geometry":{"type":"Point","coordinates":[132.46589243,34.39417994]},"properties":{"供用済面積":"3032","供用開始年":"1976","公園名":"幟町公園","公園種別":"街区公園","所在地市区町村名":"広島市","所在地都道府県名":"広島県","管理市区町村":"広島市","管理都道府県・整備局":"広島県","都市計画決定":"0"}},{"type":"Feature","geometry":{"type":"Point","coordinates":[132.46493975,34.4089472]},"properties":{"供用済面積":"4386","供用開始年":"1983","公園名":"白島中町公園","公園種別":"街区公園","所在地市区町村名":"広島市","所在地都道府県名":"広島県","管理市区町村":"広島市","管理都道府県・整備局":"広島県","都市計画決定":"0"}},{"type":"Feature","geometry":{"type":"Point","coordinates":[132.46900777,34.3936188]},"properties":{"供用済面積":"842","供用開始年":"1976","公園名":"橋本町公園","公園種別":"街区公園","所在地市区町村名":"広島市","所在地都道府県名":"広島県","管理市区町村":"広島市","管理都道府県・整備局":"広島県","都市計画決定":"0"}},{"type":"Feature","geometry":{"type":"Point","coordinates":[132.46773967,34.38786117]},"properties":{"供用済面積":"2974","供用開始年":"1976","公園名":"平塚公園","公園種別":"街区公園","所在地市区町村名":"広島市","所在地都道府県名":"広島県","管理市区町村":"広島市","管理都道府県・整備局":"広島県","都市計画決定":"0"}},{"type":"Feature","geometry":{"type":"Point","coordinates":[132.46133166,34.37801589]},"properties":{"供用済面積":"4822","供用開始年":"1983","公園名":"平野公園","公園種別":"街区公園","所在地市区町村名":"広島市","所在地都道府県名":"広島県","管理市区町村":"広島市","管理都道府県・整備局":"広島県","都市計画決定":"0"}},{"type":"Feature","geometry":{"type":"Point","coordinates":[132.44743279,34.40218472]},"properties":{"供用済面積":"4594","供用開始年":"1983","公園名":"広瀬北町公園","公園種別":"街区公園","所在地市区町村名":"広島市","所在地都道府県名":"広島県","管理市区町村":"広島市","管理都道府県・整備局":"広島県","都市計画決定":"0"}},{"type":"Feature","geometry":{"type":"Point","coordinates":[132.46038734,34.39105933]},"properties":{"供用済面積":"5070","供用開始年":"1976","公園名":"袋町公園","公園種別":"街区公園","所在地市区町村名":"広島市","所在地都道府県名":"広島県","管理市区町村":"広島市","管理都道府県・整備局":"広島県","都市計画決定":"0"}},{"type":"Feature","geometry":{"type":"Point","coordinates":[132.43866924,34.38481348]},"properties":{"供用済面積":"7358","供用開始年":"1976","公園名":"舟入公園","公園種別":"街区公園","所在地市区町村名":"広島市","所在地都道府県名":"広島県","管理市区町村":"広島市","管理都道府県・整備局":"広島県","都市計画決定":"0"}},{"type":"Feature","geometry":{"type":"Point","coordinates":[132.44115218,34.37679557]},"properties":{"供用済面積":"1798","供用開始年":"1977","公園名":"舟入東公園","公園種別":"街区公園","所在地市区町村名":"広島市","所在地都道府県名":"広島県","管理市区町村":"広島市","管理都道府県・整備局":"広島県","都市計画決定":"0"}},{"type":"Feature","geometry":{"type":"Point","coordinates":[132.44384883,34.38923737]},"properties":{"供用済面積":"2654","供用開始年":"1976","公園名":"舟入第一公園","公園種別":"街区公園","所在地市区町村名":"広島市","所在地都道府県名":"広島県","管理市区町村":"広島市","管理都道府県・整備局":"広島県","都市計画決定":"0"}},{"type":"Feature","geometry":{"type":"Point","coordinates":[132.4381395,34.38006982]},"properties":{"供用済面積":"3024","供用開始年":"1976","公園名":"舟入第二公園","公園種別":"街区公園","所在地市区町村名":"広島市","所在地都道府県名":"広島県","管理市区町村":"広島市","管理都道府県・整備局":"広島県","都市計画決定":"0"}},{"type":"Feature","geometry":{"type":"Point","coordinates":[132.44318295,34.38147712]},"properties":{"供用済面積":"3822","供用開始年":"1976","公園名":"舟入第三公園","公園種別":"街区公園","所在地市区町村名":"広島市","所在地都道府県名":"広島県","管理市区町村":"広島市","管理都道府県・整備局":"広島県","都市計画決定":"0"}},{"type":"Feature","geometry":{"type":"Point","coordinates":[132.43782843,34.38166133]},"properties":{"供用済面積":"617","供用開始年":"1976","公園名":"舟入第四公園","公園種別":"街区公園","所在地市区町村名":"広島市","所在地都道府県名":"広島県","管理市区町村":"広島市","管理都道府県・整備局":"広島県","都市計画決定":"0"}},{"type":"Feature","geometry":{"type":"Point","coordinates":[132.43567855,34.37519132]},"properties":{"供用済面積":"1729","供用開始年":"1976","公園名":"舟入第五公園","公園種別":"街区公園","所在地市区町村名":"広島市","所在地都道府県名":"広島県","管理市区町村":"広島市","管理都道府県・整備局":"広島県","都市計画決定":"0"}},{"type":"Feature","geometry":{"type":"Point","coordinates":[132.4368908,34.37680074]},"properties":{"供用済面積":"1891","供用開始年":"1980","公園名":"舟入第六公園","公園種別":"街区公園","所在地市区町村名":"広島市","所在地都道府県名":"広島県","管理市区町村":"広島市","管理都道府県・整備局":"広島県","都市計画決定":"0"}},{"type":"Feature","geometry":{"type":"Point","coordinates":[132.450057141,34.39451604]},"properties":{"供用済面積":"3737","供用開始年":"1976","公園名":"本川公園","公園種別":"街区公園","所在地市区町村名":"広島市","所在地都道府県名":"広島県","管理市区町村":"広島市","管理都道府県・整備局":"広島県","都市計画決定":"0"}},{"type":"Feature","geometry":{"type":"Point","coordinates":[132.459041731,34.3717204]},"properties":{"供用済面積":"3300","供用開始年":"1976","公園名":"南千田公園","公園種別":"街区公園","所在地市区町村名":"広島市","所在地都道府県名":"広島県","管理市区町村":"広島市","管理都道府県・整備局":"広島県","都市計画決定":"0"}},{"type":"Feature","geometry":{"type":"Point","coordinates":[132.45554153,34.37452558]},"properties":{"供用済面積":"1246","供用開始年":"1981","公園名":"南千田西町公園","公園種別":"街区公園","所在地市区町村名":"広島市","所在地都道府県名":"広島県","管理市区町村":"広島市","管理都道府県・整備局":"広島県","都市計画決定":"0"}},{"type":"Feature","geometry":{"type":"Point","coordinates":[132.44767962,34.38011008]},"properties":{"供用済面積":"1227","供用開始年":"1976","公園名":"吉島第一公園","公園種別":"街区公園","所在地市区町村名":"広島市","所在地都道府県名":"広島県","管理市区町村":"広島市","管理都道府県・整備局":"広島県","都市計画決定":"0"}},{"type":"Feature","geometry":{"type":"Point","coordinates":[132.45326015,34.36725328]},"properties":{"供用済面積":"871","供用開始年":"1976","公園名":"吉島新町第四公園","公園種別":"街区公園","所在地市区町村名":"広島市","所在地都道府県名":"広島県","管理市区町村":"広島市","管理都道府県・整備局":"広島県","都市計画決定":"0"}},{"type":"Feature","geometry":{"type":"Point","coordinates":[132.44658083,34.3713649]},"properties":{"供用済面積":"1266","供用開始年":"1976","公園名":"吉島西公園","公園種別":"街区公園","所在地市区町村名":"広島市","所在地都道府県名":"広島県","管理市区町村":"広島市","管理都道府県・整備局":"広島県","都市計画決定":"0"}},{"type":"Feature","geometry":{"type":"Point","coordinates":[132.445381719,34.3762061]},"properties":{"供用済面積":"1470","供用開始年":"1998","公園名":"吉島西第二公園","公園種別":"街区公園","所在地市区町村名":"広島市","所在地都道府県名":"広島県","管理市区町村":"広島市","管理都道府県・整備局":"広島県","都市計画決定":"0"}},{"type":"Feature","geometry":{"type":"Point","coordinates":[132.43303175,34.36757344]},"properties":{"供用済面積":"150","供用開始年":"2008","公園名":"江波二本松第一公園","公園種別":"街区公園","所在地市区町村名":"広島市","所在地都道府県名":"広島県","管理市区町村":"広島市","管理都道府県・整備局":"広島県","都市計画決定":"0"}},{"type":"Feature","geometry":{"type":"Point","coordinates":[132.43524983,34.36413149]},"properties":{"供用済面積":"257","供用開始年":"2008","公園名":"江波南第一公園","公園種別":"街区公園","所在地市区町村名":"広島市","所在地都道府県名":"広島県","管理市区町村":"広島市","管理都道府県・整備局":"広島県","都市計画決定":"0"}},{"type":"Feature","geometry":{"type":"Point","coordinates":[132.44776721,34.36808142]},"properties":{"供用済面積":"553","供用開始年":"1999","公園名":"光南第一公園","公園種別":"街区公園","所在地市区町村名":"広島市","所在地都道府県名":"広島県","管理市区町村":"広島市","管理都道府県・整備局":"広島県","都市計画決定":"0"}},{"type":"Feature","geometry":{"type":"Point","coordinates":[132.44898543,34.37408605]},"properties":{"供用済面積":"1000","供用開始年":"1976","公園名":"吉島第三公園","公園種別":"街区公園","所在地市区町村名":"広島市","所在地都道府県名":"広島県","管理市区町村":"広島市","管理都道府県・整備局":"広島県","都市計画決定":"0"}},{"type":"Feature","geometry":{"type":"Point","coordinates":[132.44682766,34.37495217]},"properties":{"供用済面積":"785","供用開始年":"2001","公園名":"吉島西第三公園","公園種別":"街区公園","所在地市区町村名":"広島市","所在地都道府県名":"広島県","管理市区町村":"広島市","管理都道府県・整備局":"広島県","都市計画決定":"0"}},{"type":"Feature","geometry":{"type":"Point","coordinates":[132.45006829,34.36855972]},"properties":{"供用済面積":"330","供用開始年":"1980","公園名":"吉島新町第一公園","公園種別":"街区公園","所在地市区町村名":"広島市","所在地都道府県名":"広島県","管理市区町村":"広島市","管理都道府県・整備局":"広島県","都市計画決定":"0"}},{"type":"Feature","geometry":{"type":"Point","coordinates":[132.45178813,34.36800386]},"properties":{"供用済面積":"727","供用開始年":"1980","公園名":"吉島新町第二公園","公園種別":"街区公園","所在地市区町村名":"広島市","所在地都道府県名":"広島県","管理市区町村":"広島市","管理都道府県・整備局":"広島県","都市計画決定":"0"}},{"type":"Feature","geometry":{"type":"Point","coordinates":[132.4505301,34.36757726]},"properties":{"供用済面積":"373","供用開始年":"1980","公園名":"吉島新町第三公園","公園種別":"街区公園","所在地市区町村名":"広島市","所在地都道府県名":"広島県","管理市区町村":"広島市","管理都道府県・整備局":"広島県","都市計画決定":"0"}},{"type":"Feature","geometry":{"type":"Point","coordinates":[132.43247126,34.37100011]},"properties":{"供用済面積":"35287","供用開始年":"1956","公園名":"江波皿山公園","公園種別":"近隣公園","所在地市区町村名":"広島市","所在地都道府県名":"広島県","管理市区町村":"広島市","管理都道府県・整備局":"広島県","都市計画決定":"0"}},{"type":"Feature","geometry":{"type":"Point","coordinates":[132.43453647,34.36580908]},"properties":{"供用済面積":"33286","供用開始年":"1976","公園名":"江波山公園","公園種別":"近隣公園","所在地市区町村名":"広島市","所在地都道府県名":"広島県","管理市区町村":"広島市","管理都道府県・整備局":"広島県","都市計画決定":"0"}},{"type":"Feature","geometry":{"type":"Point","coordinates":[132.45827076,34.3819124]},"properties":{"供用済面積":"30479","供用開始年":"1997","公園名":"東千田公園","公園種別":"近隣公園","所在地市区町村名":"広島市","所在地都道府県名":"広島県","管理市区町村":"広島市","管理都道府県・整備局":"広島県","都市計画決定":"0"}},{"type":"Feature","geometry":{"type":"Point","coordinates":[132.45051069,34.37783733]},"properties":{"供用済面積":"19284","供用開始年":"1976","公園名":"吉島公園","公園種別":"近隣公園","所在地市区町村名":"広島市","所在地都道府県名":"広島県","管理市区町村":"広島市","管理都道府県・整備局":"広島県","都市計画決定":"0"}},{"type":"Feature","geometry":{"type":"Point","coordinates":[132.45180207,34.37136975]},"properties":{"供用済面積":"12383","供用開始年":"1986","公園名":"吉島東公園","公園種別":"近隣公園","所在地市区町村名":"広島市","所在地都道府県名":"広島県","管理市区町村":"広島市","管理都道府県・整備局":"広島県","都市計画決定":"0"}},{"type":"Feature","geometry":{"type":"Point","coordinates":[132.45547465,34.37587807]},"properties":{"供用済面積":"39531","供用開始年":"1990","公園名":"千田公園","公園種別":"地区公園（カントリーパーク）","所在地市区町村名":"広島市","所在地都道府県名":"広島県","管理市区町村":"広島市","管理都道府県・整備局":"広島県","都市計画決定":"0"}},{"type":"Feature","geometry":{"type":"Point","coordinates":[132.45235206,34.39261568]},"properties":{"供用済面積":"122100","供用開始年":"1976","公園名":"平和記念公園","公園種別":"総合公園","所在地市区町村名":"広島市","所在地都道府県名":"広島県","管理市区町村":"広島市","管理都道府県・整備局":"広島県","都市計画決定":"0"}},{"type":"Feature","geometry":{"type":"Point","coordinates":[132.45392419,34.40140719]},"properties":{"供用済面積":"416000","供用開始年":"1976","公園名":"中央公園","公園種別":"総合公園","所在地市区町村名":"広島市","所在地都道府県名":"広島県","管理市区町村":"広島市","管理都道府県・整備局":"広島県","都市計画決定":"0"}},{"type":"Feature","geometry":{"type":"Point","coordinates":[132.47037895,34.39730877]},"properties":{"供用済面積":"160700","供用開始年":"1971","公園名":"東部河岸緑地","公園種別":"特殊公園（風致公園、動植物公園、歴史公園、墓園）","所在地市区町村名":"広島市","所在地都道府県名":"広島県","管理市区町村":"広島市","管理都道府県・整備局":"広島県","都市計画決定":"0"}},{"type":"Feature","geometry":{"type":"Point","coordinates":[132.45150309,34.38906597]},"properties":{"供用済面積":"119800","供用開始年":"1994","公園名":"西部河岸緑地","公園種別":"特殊公園（風致公園、動植物公園、歴史公園、墓園）","所在地市区町村名":"広島市","所在地都道府県名":"広島県","管理市区町村":"広島市","管理都道府県・整備局":"広島県","都市計画決定":"0"}},{"type":"Feature","geometry":{"type":"Point","coordinates":[132.43598944,34.3750946]},"properties":{"供用済面積":"1100","供用開始年":"1977","公園名":"天満東緑地","公園種別":"都市緑地","所在地市区町村名":"広島市","所在地都道府県名":"広島県","管理市区町村":"広島市","管理都道府県・整備局":"広島県","都市計画決定":"0"}},{"type":"Feature","geometry":{"type":"Point","coordinates":[132.43319605,34.37302106]},"properties":{"供用済面積":"543","供用開始年":"1978","公園名":"江波緑地","公園種別":"都市緑地","所在地市区町村名":"広島市","所在地都道府県名":"広島県","管理市区町村":"広島市","管理都道府県・整備局":"広島県","都市計画決定":"0"}},{"type":"Feature","geometry":{"type":"Point","coordinates":[132.43850918,34.37996104]},"properties":{"供用済面積":"500","供用開始年":"1980","公園名":"舟入緑地","公園種別":"都市緑地","所在地市区町村名":"広島市","所在地都道府県名":"広島県","管理市区町村":"広島市","管理都道府県・整備局":"広島県","都市計画決定":"0"}},{"type":"Feature","geometry":{"type":"Point","coordinates":[132.43956893,34.36849129]},"properties":{"供用済面積":"1500","供用開始年":"9999","公園名":"江波丸子山緑地","公園種別":"都市緑地","所在地市区町村名":"広島市","所在地都道府県名":"広島県","管理市区町村":"広島市","管理都道府県・整備局":"広島県","都市計画決定":"0"}},{"type":"Feature","geometry":{"type":"Point","coordinates":[132.47381644,34.41144019]},"properties":{"供用済面積":"2000","供用開始年":"1941","公園名":"牛田公園","公園種別":"街区公園","所在地市区町村名":"広島市","所在地都道府県名":"広島県","管理市区町村":"広島市","管理都道府県・整備局":"広島県","都市計画決定":"0"}},{"type":"Feature","geometry":{"type":"Point","coordinates":[132.48168631,34.4173789]},"properties":{"供用済面積":"2811","供用開始年":"1983","公園名":"牛田早稲田第一公園","公園種別":"街区公園","所在地市区町村名":"広島市","所在地都道府県名":"広島県","管理市区町村":"広島市","管理都道府県・整備局":"広島県","都市計画決定":"0"}},{"type":"Feature","geometry":{"type":"Point","coordinates":[132.48035662,34.41385949]},"properties":{"供用済面積":"1864","供用開始年":"1983","公園名":"牛田早稲田第二公園","公園種別":"街区公園","所在地市区町村名":"広島市","所在地都道府県名":"広島県","管理市区町村":"広島市","管理都道府県・整備局":"広島県","都市計画決定":"0"}},{"type":"Feature","geometry":{"type":"Point","coordinates":[132.48339023,34.41635766]},"properties":{"供用済面積":"1030","供用開始年":"1985","公園名":"牛田早稲田第三公園","公園種別":"街区公園","所在地市区町村名":"広島市","所在地都道府県名":"広島県","管理市区町村":"広島市","管理都道府県・整備局":"広島県","都市計画決定":"0"}},{"type":"Feature","geometry":{"type":"Point","coordinates":[132.48159077,34.41649339]},"properties":{"供用済面積":"1003","供用開始年":"1985","公園名":"牛田早稲田第四公園","公園種別":"街区公園","所在地市区町村名":"広島市","所在地都道府県名":"広島県","管理市区町村":"広島市","管理都道府県・整備局":"広島県","都市計画決定":"0"}},{"type":"Feature","geometry":{"type":"Point","coordinates":[132.52783541,34.43797822]},"properties":{"供用済面積":"1268","供用開始年":"1983","公園名":"馬木第一公園","公園種別":"街区公園","所在地市区町村名":"広島市","所在地都道府県名":"広島県","管理市区町村":"広島市","管理都道府県・整備局":"広島県","都市計画決定":"0"}},{"type":"Feature","geometry":{"type":"Point","coordinates":[132.53623397,34.44424399]},"properties":{"供用済面積":"1700","供用開始年":"1994","公園名":"馬木第二公園","公園種別":"街区公園","所在地市区町村名":"広島市","所在地都道府県名":"広島県","管理市区町村":"広島市","管理都道府県・整備局":"広島県","都市計画決定":"0"}},{"type":"Feature","geometry":{"type":"Point","coordinates":[132.5309168,34.43975408]},"properties":{"供用済面積":"1253","供用開始年":"1996","公園名":"馬木第五公園","公園種別":"街区公園","所在地市区町村名":"広島市","所在地都道府県名":"広島県","管理市区町村":"広島市","管理都道府県・整備局":"広島県","都市計画決定":"0"}},{"type":"Feature","geometry":{"type":"Point","coordinates":[132.489521151,34.39579064]},"properties":{"供用済面積":"3259","供用開始年":"1976","公園名":"尾長公園","公園種別":"街区公園","所在地市区町村名":"広島市","所在地都道府県名":"広島県","管理市区町村":"広島市","管理都道府県・整備局":"広島県","都市計画決定":"0"}},{"type":"Feature","geometry":{"type":"Point","coordinates":[132.4906072,34.40024015]},"properties":{"供用済面積":"1560","供用開始年":"1987","公園名":"尾長第一公園","公園種別":"街区公園","所在地市区町村名":"広島市","所在地都道府県名":"広島県","管理市区町村":"広島市","管理都道府県・整備局":"広島県","都市計画決定":"0"}},{"type":"Feature","geometry":{"type":"Point","coordinates":[132.48391892,34.43125484]},"properties":{"供用済面積":"2635","供用開始年":"1976","公園名":"桜が丘公園","公園種別":"街区公園","所在地市区町村名":"広島市","所在地都道府県名":"広島県","管理市区町村":"広島市","管理都道府県・整備局":"広島県","都市計画決定":"0"}},{"type":"Feature","geometry":{"type":"Point","coordinates":[132.51007963,34.42441124]},"properties":{"供用済面積":"1036","供用開始年":"1981","公園名":"つつじが丘公園","公園種別":"街区公園","所在地市区町村名":"広島市","所在地都道府県名":"広島県","管理市区町村":"広島市","管理都道府県・整備局":"広島県","都市計画決定":"0"}},{"type":"Feature","geometry":{"type":"Point","coordinates":[132.49856401,34.42574333]},"properties":{"供用済面積":"6340","供用開始年":"1976","公園名":"東浄第一公園","公園種別":"街区公園","所在地市区町村名":"広島市","所在地都道府県名":"広島県","管理市区町村":"広島市","管理都道府県・整備局":"広島県","都市計画決定":"0"}},{"type":"Feature","geometry":{"type":"Point","coordinates":[132.49629104,34.41854557]},"properties":{"供用済面積":"3114","供用開始年":"1993","公園名":"中山上第一公園","公園種別":"街区公園","所在地市区町村名":"広島市","所在地都道府県名":"広島県","管理市区町村":"広島市","管理都道府県・整備局":"広島県","都市計画決定":"0"}},{"type":"Feature","geometry":{"type":"Point","coordinates":[132.49817212,34.42103403]},"properties":{"供用済面積":"1513","供用開始年":"1985","公園名":"中山新町第一公園","公園種別":"街区公園","所在地市区町村名":"広島市","所在地都道府県名":"広島県","管理市区町村":"広島市","管理都道府県・整備局":"広島県","都市計画決定":"0"}},{"type":"Feature","geometry":{"type":"Point","coordinates":[132.5078869,34.4131538]},"properties":{"供用済面積":"1214","供用開始年":"1997","公園名":"温品第六公園","公園種別":"街区公園","所在地市区町村名":"広島市","所在地都道府県名":"広島県","管理市区町村":"広島市","管理都道府県・整備局":"広島県","都市計画決定":"0"}},{"type":"Feature","geometry":{"type":"Point","coordinates":[132.4814793,34.40050386]},"properties":{"供用済面積":"3306","供用開始年":"1966","公園名":"光町公園","公園種別":"街区公園","所在地市区町村名":"広島市","所在地都道府県名":"広島県","管理市区町村":"広島市","管理都道府県・整備局":"広島県","都市計画決定":"0"}},{"type":"Feature","geometry":{"type":"Point","coordinates":[132.540680481,34.45354568]},"properties":{"供用済面積":"2381","供用開始年":"1986","公園名":"福田第一公園","公園種別":"街区公園","所在地市区町村名":"広島市","所在地都道府県名":"広島県","管理市区町村":"広島市","管理都道府県・整備局":"広島県","都市計画決定":"0"}},{"type":"Feature","geometry":{"type":"Point","coordinates":[132.47093879,34.40095461]},"properties":{"供用済面積":"830","供用開始年":"1980","公園名":"二葉の里公園","公園種別":"街区公園","所在地市区町村名":"広島市","所在地都道府県名":"広島県","管理市区町村":"広島市","管理都道府県・整備局":"広島県","都市計画決定":"0"}},{"type":"Feature","geometry":{"type":"Point","coordinates":[132.47988884,34.43619105]},"properties":{"供用済面積":"2008","供用開始年":"1989","公園名":"戸坂千足第一公園","公園種別":"街区公園","所在地市区町村名":"広島市","所在地都道府県名":"広島県","管理市区町村":"広島市","管理都道府県・整備局":"広島県","都市計画決定":"0"}},{"type":"Feature","geometry":{"type":"Point","coordinates":[132.48907906,34.43805443]},"properties":{"供用済面積":"1801","供用開始年":"1989","公園名":"戸坂千足第二公園","公園種別":"街区公園","所在地市区町村名":"広島市","所在地都道府県名":"広島県","管理市区町村":"広島市","管理都道府県・整備局":"広島県","都市計画決定":"0"}},{"type":"Feature","geometry":{"type":"Point","coordinates":[132.48353801,34.43812688]},"properties":{"供用済面積":"965","供用開始年":"1979","公園名":"戸坂千足公園","公園種別":"街区公園","所在地市区町村名":"広島市","所在地都道府県名":"広島県","管理市区町村":"広島市","管理都道府県・整備局":"広島県","都市計画決定":"0"}},{"type":"Feature","geometry":{"type":"Point","coordinates":[132.48985557,34.4238683]},"properties":{"供用済面積":"3718","供用開始年":"1981","公園名":"戸坂南公園","公園種別":"街区公園","所在地市区町村名":"広島市","所在地都道府県名":"広島県","管理市区町村":"広島市","管理都道府県・整備局":"広島県","都市計画決定":"0"}},{"type":"Feature","geometry":{"type":"Point","coordinates":[132.48979983,34.42658945]},"properties":{"供用済面積":"1219","供用開始年":"1981","公園名":"戸坂南第二公園","公園種別":"街区公園","所在地市区町村名":"広島市","所在地都道府県名":"広島県","管理市区町村":"広島市","管理都道府県・整備局":"広島県","都市計画決定":"0"}},{"type":"Feature","geometry":{"type":"Point","coordinates":[132.49636071,34.39185919]},"properties":{"供用済面積":"2446","供用開始年":"1976","公園名":"矢賀新町公園","公園種別":"街区公園","所在地市区町村名":"広島市","所在地都道府県名":"広島県","管理市区町村":"広島市","管理都道府県・整備局":"広島県","都市計画決定":"0"}},{"type":"Feature","geometry":{"type":"Point","coordinates":[132.496218879,34.39751075]},"properties":{"供用済面積":"1442","供用開始年":"1983","公園名":"矢賀第一公園","公園種別":"街区公園","所在地市区町村名":"広島市","所在地都道府県名":"広島県","管理市区町村":"広島市","管理都道府県・整備局":"広島県","都市計画決定":"0"}},{"type":"Feature","geometry":{"type":"Point","coordinates":[132.55017106,34.45259489]},"properties":{"供用済面積":"3261","供用開始年":"1983","公園名":"大和台第一公園","公園種別":"街区公園","所在地市区町村名":"広島市","所在地都道府県名":"広島県","管理市区町村":"広島市","管理都道府県・整備局":"広島県","都市計画決定":"0"}},{"type":"Feature","geometry":{"type":"Point","coordinates":[132.54871238,34.45328261]},"properties":{"供用済面積":"878","供用開始年":"1983","公園名":"大和台第二公園","公園種別":"街区公園","所在地市区町村名":"広島市","所在地都道府県名":"広島県","管理市区町村":"広島市","管理都道府県・整備局":"広島県","都市計画決定":"0"}},{"type":"Feature","geometry":{"type":"Point","coordinates":[132.54967422,34.45151935]},"properties":{"供用済面積":"647","供用開始年":"1988","公園名":"大和台第三公園","公園種別":"街区公園","所在地市区町村名":"広島市","所在地都道府県名":"広島県","管理市区町村":"広島市","管理都道府県・整備局":"広島県","都市計画決定":"0"}},{"type":"Feature","geometry":{"type":"Point","coordinates":[132.54850855,34.45067134]},"properties":{"供用済面積":"646","供用開始年":"1988","公園名":"大和台第四公園","公園種別":"街区公園","所在地市区町村名":"広島市","所在地都道府県名":"広島県","管理市区町村":"広島市","管理都道府県・整備局":"広島県","都市計画決定":"0"}},{"type":"Feature","geometry":{"type":"Point","coordinates":[132.48794463,34.40129759]},"properties":{"供用済面積":"897","供用開始年":"1985","公園名":"山根町第二公園","公園種別":"街区公園","所在地市区町村名":"広島市","所在地都道府県名":"広島県","管理市区町村":"広島市","管理都道府県・整備局":"広島県","都市計画決定":"0"}},{"type":"Feature","geometry":{"type":"Point","coordinates":[132.47490346,34.41519568]},"properties":{"供用済面積":"480","供用開始年":"1987","公園名":"牛田旭第一公園","公園種別":"街区公園","所在地市区町村名":"広島市","所在地都道府県名":"広島県","管理市区町村":"広島市","管理都道府県・整備局":"広島県","都市計画決定":"0"}},{"type":"Feature","geometry":{"type":"Point","coordinates":[132.47442791,34.42580779]},"properties":{"供用済面積":"642","供用開始年":"1980","公園名":"牛田新町第一公園","公園種別":"街区公園","所在地市区町村名":"広島市","所在地都道府県名":"広島県","管理市区町村":"広島市","管理都道府県・整備局":"広島県","都市計画決定":"0"}},{"type":"Feature","geometry":{"type":"Point","coordinates":[132.47665836,34.43069298]},"properties":{"供用済面積":"2773","供用開始年":"1989","公園名":"牛田新町第二公園","公園種別":"街区公園","所在地市区町村名":"広島市","所在地都道府県名":"広島県","管理市区町村":"広島市","管理都道府県・整備局":"広島県","都市計画決定":"0"}},{"type":"Feature","geometry":{"type":"Point","coordinates":[132.47191819,34.42522068]},"properties":{"供用済面積":"775","供用開始年":"1999","公園名":"牛田新町第三公園","公園種別":"街区公園","所在地市区町村名":"広島市","所在地都道府県名":"広島県","管理市区町村":"広島市","管理都道府県・整備局":"広島県","都市計画決定":"0"}},{"type":"Feature","geometry":{"type":"Point","coordinates":[132.48069917,34.40765253]},"properties":{"供用済面積":"229","供用開始年":"2003","公園名":"牛田東第一公園","公園種別":"街区公園","所在地市区町村名":"広島市","所在地都道府県名":"広島県","管理市区町村":"広島市","管理都道府県・整備局":"広島県","都市計画決定":"0"}},{"type":"Feature","geometry":{"type":"Point","coordinates":[132.47917724,34.40742928]},"properties":{"供用済面積":"529","供用開始年":"1993","公園名":"牛田東第二公園","公園種別":"街区公園","所在地市区町村名":"広島市","所在地都道府県名":"広島県","管理市区町村":"広島市","管理都道府県・整備局":"広島県","都市計画決定":"0"}},{"type":"Feature","geometry":{"type":"Point","coordinates":[132.482625861,34.41476504]},"properties":{"供用済面積":"1040","供用開始年":"1994","公園名":"牛田東第三公園","公園種別":"街区公園","所在地市区町村名":"広島市","所在地都道府県名":"広島県","管理市区町村":"広島市","管理都道府県・整備局":"広島県","都市計画決定":"0"}},{"type":"Feature","geometry":{"type":"Point","coordinates":[132.47145316,34.40810724]},"properties":{"供用済面積":"540","供用開始年":"1993","公園名":"牛田本町第一公園","公園種別":"街区公園","所在地市区町村名":"広島市","所在地都道府県名":"広島県","管理市区町村":"広島市","管理都道府県・整備局":"広島県","都市計画決定":"0"}},{"type":"Feature","geometry":{"type":"Point","coordinates":[132.46679878,34.4140704]},"properties":{"供用済面積":"643","供用開始年":"2002","公園名":"牛田本町第二公園","公園種別":"街区公園","所在地市区町村名":"広島市","所在地都道府県名":"広島県","管理市区町村":"広島市","管理都道府県・整備局":"広島県","都市計画決定":"0"}},{"type":"Feature","geometry":{"type":"Point","coordinates":[132.48006374,34.41773371]},"properties":{"供用済面積":"406","供用開始年":"1989","公園名":"牛田早稲田第五公園","公園種別":"街区公園","所在地市区町村名":"広島市","所在地都道府県名":"広島県","管理市区町村":"広島市","管理都道府県・整備局":"広島県","都市計画決定":"0"}},{"type":"Feature","geometry":{"type":"Point","coordinates":[132.48269448,34.4183867]},"properties":{"供用済面積":"202","供用開始年":"1989","公園名":"牛田早稲田第六公園","公園種別":"街区公園","所在地市区町村名":"広島市","所在地都道府県名":"広島県","管理市区町村":"広島市","管理都道府県・整備局":"広島県","都市計画決定":"0"}},{"type":"Feature","geometry":{"type":"Point","coordinates":[132.53818182,34.43773242]},"properties":{"供用済面積":"440","供用開始年":"1993","公園名":"馬木第三公園","公園種別":"街区公園","所在地市区町村名":"広島市","所在地都道府県名":"広島県","管理市区町村":"広島市","管理都道府県・整備局":"広島県","都市計画決定":"0"}},{"type":"Feature","geometry":{"type":"Point","coordinates":[132.53925281,34.43704056]},"properties":{"供用済面積":"280","供用開始年":"1993","公園名":"馬木第四公園","公園種別":"街区公園","所在地市区町村名":"広島市","所在地都道府県名":"広島県","管理市区町村":"広島市","管理都道府県・整備局":"広島県","都市計画決定":"0"}},{"type":"Feature","geometry":{"type":"Point","coordinates":[132.53180569,34.4450402]},"properties":{"供用済面積":"1209","供用開始年":"2005","公園名":"馬木ハイツ公園","公園種別":"街区公園","所在地市区町村名":"広島市","所在地都道府県名":"広島県","管理市区町村":"広島市","管理都道府県・整備局":"広島県","都市計画決定":"0"}},{"type":"Feature","geometry":{"type":"Point","coordinates":[132.48882366,34.39965585]},"properties":{"供用済面積":"488","供用開始年":"1989","公園名":"尾長第二公園","公園種別":"街区公園","所在地市区町村名":"広島市","所在地都道府県名":"広島県","管理市区町村":"広島市","管理都道府県・整備局":"広島県","都市計画決定":"0"}},{"type":"Feature","geometry":{"type":"Point","coordinates":[132.51492094,34.42459216]},"properties":{"供用済面積":"1483","供用開始年":"1988","公園名":"上温品第一公園","公園種別":"街区公園","所在地市区町村名":"広島市","所在地都道府県名":"広島県","管理市区町村":"広島市","管理都道府県・整備局":"広島県","都市計画決定":"0"}},{"type":"Feature","geometry":{"type":"Point","coordinates":[132.52076724,34.42674908]},"properties":{"供用済面積":"843","供用開始年":"1993","公園名":"上温品第二公園","公園種別":"街区公園","所在地市区町村名":"広島市","所在地都道府県名":"広島県","管理市区町村":"広島市","管理都道府県・整備局":"広島県","都市計画決定":"0"}},{"type":"Feature","geometry":{"type":"Point","coordinates":[132.5172823,34.42695643]},"properties":{"供用済面積":"470","供用開始年":"1993","公園名":"上温品第三公園","公園種別":"街区公園","所在地市区町村名":"広島市","所在地都道府県名":"広島県","管理市区町村":"広島市","管理都道府県・整備局":"広島県","都市計画決定":"0"}},{"type":"Feature","geometry":{"type":"Point","coordinates":[132.5131199,34.42118347]},"properties":{"供用済面積":"2165","供用開始年":"2000","公園名":"上温品第四公園","公園種別":"街区公園","所在地市区町村名":"広島市","所在地都道府県名":"広島県","管理市区町村":"広島市","管理都道府県・整備局":"広島県","都市計画決定":"0"}},{"type":"Feature","geometry":{"type":"Point","coordinates":[132.51818162,34.42606746]},"properties":{"供用済面積":"414","供用開始年":"2003","公園名":"上温品第五公園","公園種別":"街区公園","所在地市区町村名":"広島市","所在地都道府県名":"広島県","管理市区町村":"広島市","管理都道府県・整備局":"広島県","都市計画決定":"0"}},{"type":"Feature","geometry":{"type":"Point","coordinates":[132.54375781,34.44616958]},"properties":{"供用済面積":"747","供用開始年":"2001","公園名":"観音原第一公園","公園種別":"街区公園","所在地市区町村名":"広島市","所在地都道府県名":"広島県","管理市区町村":"広島市","管理都道府県・整備局":"広島県","都市計画決定":"0"}},{"type":"Feature","geometry":{"type":"Point","coordinates":[132.53209153,34.44711416]},"properties":{"供用済面積":"1842","供用開始年":"1998","公園名":"桜台公園","公園種別":"街区公園","所在地市区町村名":"広島市","所在地都道府県名":"広島県","管理市区町村":"広島市","管理都道府県・整備局":"広島県","都市計画決定":"0"}},{"type":"Feature","geometry":{"type":"Point","coordinates":[132.49777869,34.42294449]},"properties":{"供用済面積":"542","供用開始年":"1989","公園名":"鈴が丘公園","公園種別":"街区公園","所在地市区町村名":"広島市","所在地都道府県名":"広島県","管理市区町村":"広島市","管理都道府県・整備局":"広島県","都市計画決定":"0"}},{"type":"Feature","geometry":{"type":"Point","coordinates":[132.502263079,34.4199087]},"properties":{"供用済面積":"3619","供用開始年":"1999","公園名":"清風台第一公園","公園種別":"街区公園","所在地市区町村名":"広島市","所在地都道府県名":"広島県","管理市区町村":"広島市","管理都道府県・整備局":"広島県","都市計画決定":"0"}},{"type":"Feature","geometry":{"type":"Point","coordinates":[132.50260628,34.42272896]},"properties":{"供用済面積":"3083","供用開始年":"1999","公園名":"清風台第二公園","公園種別":"街区公園","所在地市区町村名":"広島市","所在地都道府県名":"広島県","管理市区町村":"広島市","管理都道府県・整備局":"広島県","都市計画決定":"0"}},{"type":"Feature","geometry":{"type":"Point","coordinates":[132.50548471,34.42228739]},"properties":{"供用済面積":"3730","供用開始年":"1999","公園名":"清風台第三公園","公園種別":"街区公園","所在地市区町村名":"広島市","所在地都道府県名":"広島県","管理市区町村":"広島市","管理都道府県・整備局":"広島県","都市計画決定":"0"}},{"type":"Feature","geometry":{"type":"Point","coordinates":[132.51101532,34.4080251]},"properties":{"供用済面積":"1083","供用開始年":"1974","公園名":"長伝寺公園","公園種別":"街区公園","所在地市区町村名":"広島市","所在地都道府県名":"広島県","管理市区町村":"広島市","管理都道府県・整備局":"広島県","都市計画決定":"0"}},{"type":"Feature","geometry":{"type":"Point","coordinates":[132.51034145,34.40562999]},"properties":{"供用済面積":"685","供用開始年":"1974","公園名":"鶴が台公園","公園種別":"街区公園","所在地市区町村名":"広島市","所在地都道府県名":"広島県","管理市区町村":"広島市","管理都道府県・整備局":"広島県","都市計画決定":"0"}},{"type":"Feature","geometry":{"type":"Point","coordinates":[132.481662421,34.40613595]},"properties":{"供用済面積":"332","供用開始年":"2000","公園名":"天神公園","公園種別":"街区公園","所在地市区町村名":"広島市","所在地都道府県名":"広島県","管理市区町村":"広島市","管理都道府県・整備局":"広島県","都市計画決定":"0"}},{"type":"Feature","geometry":{"type":"Point","coordinates":[132.49560611,34.42365521]},"properties":{"供用済面積":"1105","供用開始年":"1976","公園名":"東浄公園","公園種別":"街区公園","所在地市区町村名":"広島市","所在地都道府県名":"広島県","管理市区町村":"広島市","管理都道府県・整備局":"広島県","都市計画決定":"0"}},{"type":"Feature","geometry":{"type":"Point","coordinates":[132.49670818,34.4306046]},"properties":{"供用済面積":"900","供用開始年":"1976","公園名":"東浄第二公園","公園種別":"街区公園","所在地市区町村名":"広島市","所在地都道府県名":"広島県","管理市区町村":"広島市","管理都道府県・整備局":"広島県","都市計画決定":"0"}},{"type":"Feature","geometry":{"type":"Point","coordinates":[132.49141637,34.40543779]},"properties":{"供用済面積":"1601","供用開始年":"1976","公園名":"中山公園","公園種別":"街区公園","所在地市区町村名":"広島市","所在地都道府県名":"広島県","管理市区町村":"広島市","管理都道府県・整備局":"広島県","都市計画決定":"0"}},{"type":"Feature","geometry":{"type":"Point","coordinates":[132.49870134,34.41883718]},"properties":{"供用済面積":"3556","供用開始年":"1994","公園名":"中山上第二公園","公園種別":"街区公園","所在地市区町村名":"広島市","所在地都道府県名":"広島県","管理市区町村":"広島市","管理都道府県・整備局":"広島県","都市計画決定":"0"}},{"type":"Feature","geometry":{"type":"Point","coordinates":[132.49884511,34.41902415]},"properties":{"供用済面積":"578","供用開始年":"2004","公園名":"中山上第三公園","公園種別":"街区公園","所在地市区町村名":"広島市","所在地都道府県名":"広島県","管理市区町村":"広島市","管理都道府県・整備局":"広島県","都市計画決定":"0"}},{"type":"Feature","geometry":{"type":"Point","coordinates":[132.49600843,34.4112428]},"properties":{"供用済面積":"1201","供用開始年":"1999","公園名":"中山中町第一公園","公園種別":"街区公園","所在地市区町村名":"広島市","所在地都道府県名":"広島県","管理市区町村":"広島市","管理都道府県・整備局":"広島県","都市計画決定":"0"}},{"type":"Feature","geometry":{"type":"Point","coordinates":[132.50147386,34.42140524]},"properties":{"供用済面積":"1775","供用開始年":"1994","公園名":"中山新町第二公園","公園種別":"街区公園","所在地市区町村名":"広島市","所在地都道府県名":"広島県","管理市区町村":"広島市","管理都道府県・整備局":"広島県","都市計画決定":"0"}},{"type":"Feature","geometry":{"type":"Point","coordinates":[132.49520057,34.40835365]},"properties":{"供用済面積":"689","供用開始年":"2003","公園名":"中山西第一公園","公園種別":"街区公園","所在地市区町村名":"広島市","所在地都道府県名":"広島県","管理市区町村":"広島市","管理都道府県・整備局":"広島県","都市計画決定":"0"}},{"type":"Feature","geometry":{"type":"Point","coordinates":[132.49137589,34.41003746]},"properties":{"供用済面積":"2152","供用開始年":"2003","公園名":"中山西第二公園","公園種別":"街区公園","所在地市区町村名":"広島市","所在地都道府県名":"広島県","管理市区町村":"広島市","管理都道府県・整備局":"広島県","都市計画決定":"0"}},{"type":"Feature","geometry":{"type":"Point","coordinates":[132.49525116,34.40651378]},"properties":{"供用済面積":"1138","供用開始年":"1989","公園名":"中山南第一公園","公園種別":"街区公園","所在地市区町村名":"広島市","所在地都道府県名":"広島県","管理市区町村":"広島市","管理都道府県・整備局":"広島県","都市計画決定":"0"}},{"type":"Feature","geometry":{"type":"Point","coordinates":[132.49653213,34.4071216]},"properties":{"供用済面積":"310","供用開始年":"1992","公園名":"中山南第二公園","公園種別":"街区公園","所在地市区町村名":"広島市","所在地都道府県名":"広島県","管理市区町村":"広島市","管理都道府県・整備局":"広島県","都市計画決定":"0"}},{"type":"Feature","geometry":{"type":"Point","coordinates":[132.49706961,34.40683247]},"properties":{"供用済面積":"469","供用開始年":"1992","公園名":"中山南第三公園","公園種別":"街区公園","所在地市区町村名":"広島市","所在地都道府県名":"広島県","管理市区町村":"広島市","管理都道府県・整備局":"広島県","都市計画決定":"0"}},{"type":"Feature","geometry":{"type":"Point","coordinates":[132.49708256,34.40777869]},"properties":{"供用済面積":"278","供用開始年":"1993","公園名":"中山南第四公園","公園種別":"街区公園","所在地市区町村名":"広島市","所在地都道府県名":"広島県","管理市区町村":"広島市","管理都道府県・整備局":"広島県","都市計画決定":"0"}},{"type":"Feature","geometry":{"type":"Point","coordinates":[132.49724445,34.40558662]},"properties":{"供用済面積":"954","供用開始年":"1994","公園名":"中山南第五公園","公園種別":"街区公園","所在地市区町村名":"広島市","所在地都道府県名":"広島県","管理市区町村":"広島市","管理都道府県・整備局":"広島県","都市計画決定":"0"}},{"type":"Feature","geometry":{"type":"Point","coordinates":[132.51077757,34.4199454]},"properties":{"供用済面積":"326","供用開始年":"1987","公園名":"温品第一公園","公園種別":"街区公園","所在地市区町村名":"広島市","所在地都道府県名":"広島県","管理市区町村":"広島市","管理都道府県・整備局":"広島県","都市計画決定":"0"}},{"type":"Feature","geometry":{"type":"Point","coordinates":[132.50796974,34.40674376]},"properties":{"供用済面積":"311","供用開始年":"1986","公園名":"温品第二公園","公園種別":"街区公園","所在地市区町村名":"広島市","所在地都道府県名":"広島県","管理市区町村":"広島市","管理都道府県・整備局":"広島県","都市計画決定":"0"}},{"type":"Feature","geometry":{"type":"Point","coordinates":[132.50515173,34.40953761]},"properties":{"供用済面積":"233","供用開始年":"1988","公園名":"温品第三公園","公園種別":"街区公園","所在地市区町村名":"広島市","所在地都道府県名":"広島県","管理市区町村":"広島市","管理都道府県・整備局":"広島県","都市計画決定":"0"}},{"type":"Feature","geometry":{"type":"Point","coordinates":[132.50706315,34.40758813]},"properties":{"供用済面積":"777","供用開始年":"1993","公園名":"温品第四公園","公園種別":"街区公園","所在地市区町村名":"広島市","所在地都道府県名":"広島県","管理市区町村":"広島市","管理都道府県・整備局":"広島県","都市計画決定":"0"}},{"type":"Feature","geometry":{"type":"Point","coordinates":[132.51107805,34.41149786]},"properties":{"供用済面積":"746","供用開始年":"1996","公園名":"温品第五公園","公園種別":"街区公園","所在地市区町村名":"広島市","所在地都道府県名":"広島県","管理市区町村":"広島市","管理都道府県・整備局":"広島県","都市計画決定":"0"}},{"type":"Feature","geometry":{"type":"Point","coordinates":[132.50909347,34.40731303]},"properties":{"供用済面積":"336","供用開始年":"2003","公園名":"温品第七公園","公園種別":"街区公園","所在地市区町村名":"広島市","所在地都道府県名":"広島県","管理市区町村":"広島市","管理都道府県・整備局":"広島県","都市計画決定":"0"}},{"type":"Feature","geometry":{"type":"Point","coordinates":[132.49259767,34.39642786]},"properties":{"供用済面積":"2583","供用開始年":"1994","公園名":"東山第一公園","公園種別":"街区公園","所在地市区町村名":"広島市","所在地都道府県名":"広島県","管理市区町村":"広島市","管理都道府県・整備局":"広島県","都市計画決定":"0"}},{"type":"Feature","geometry":{"type":"Point","coordinates":[132.492355169,34.39769258]},"properties":{"供用済面積":"1549","供用開始年":"1994","公園名":"東山第二公園","公園種別":"街区公園","所在地市区町村名":"広島市","所在地都道府県名":"広島県","管理市区町村":"広島市","管理都道府県・整備局":"広島県","都市計画決定":"0"}},{"type":"Feature","geometry":{"type":"Point","coordinates":[132.478495419,34.40222622]},"properties":{"供用済面積":"304","供用開始年":"1981","公園名":"光が丘第一公園","公園種別":"街区公園","所在地市区町村名":"広島市","所在地都道府県名":"広島県","管理市区町村":"広島市","管理都道府県・整備局":"広島県","都市計画決定":"0"}},{"type":"Feature","geometry":{"type":"Point","coordinates":[132.48016493,34.40278476]},"properties":{"供用済面積":"1570","供用開始年":"1998","公園名":"光が丘山根公園","公園種別":"街区公園","所在地市区町村名":"広島市","所在地都道府県名":"広島県","管理市区町村":"広島市","管理都道府県・整備局":"広島県","都市計画決定":"0"}},{"type":"Feature","geometry":{"type":"Point","coordinates":[132.54369618,34.45559785]},"properties":{"供用済面積":"260","供用開始年":"1993","公園名":"福田第二公園","公園種別":"街区公園","所在地市区町村名":"広島市","所在地都道府県名":"広島県","管理市区町村":"広島市","管理都道府県・整備局":"広島県","都市計画決定":"0"}},{"type":"Feature","geometry":{"type":"Point","coordinates":[132.54557516,34.45248332]},"properties":{"供用済面積":"877","供用開始年":"1994","公園名":"福田第三公園","公園種別":"街区公園","所在地市区町村名":"広島市","所在地都道府県名":"広島県","管理市区町村":"広島市","管理都道府県・整備局":"広島県","都市計画決定":"0"}},{"type":"Feature","geometry":{"type":"Point","coordinates":[132.54622665,34.45550035]},"properties":{"供用済面積":"268","供用開始年":"1995","公園名":"福田第四公園","公園種別":"街区公園","所在地市区町村名":"広島市","所在地都道府県名":"広島県","管理市区町村":"広島市","管理都道府県・整備局":"広島県","都市計画決定":"0"}},{"type":"Feature","geometry":{"type":"Point","coordinates":[132.48698459,34.42889614]},"properties":{"供用済面積":"1888","供用開始年":"2002","公園名":"戸坂出江第一公園","公園種別":"街区公園","所在地市区町村名":"広島市","所在地都道府県名":"広島県","管理市区町村":"広島市","管理都道府県・整備局":"広島県","都市計画決定":"0"}},{"type":"Feature","geometry":{"type":"Point","coordinates":[132.49111616,34.42842934]},"properties":{"供用済面積":"1483","供用開始年":"2001","公園名":"戸坂大上第一公園","公園種別":"街区公園","所在地市区町村名":"広島市","所在地都道府県名":"広島県","管理市区町村":"広島市","管理都道府県・整備局":"広島県","都市計画決定":"0"}},{"type":"Feature","geometry":{"type":"Point","coordinates":[132.48530249,34.4291212]},"properties":{"供用済面積":"346","供用開始年":"2002","公園名":"戸坂長尾台第一公園","公園種別":"街区公園","所在地市区町村名":"広島市","所在地都道府県名":"広島県","管理市区町村":"広島市","管理都道府県・整備局":"広島県","都市計画決定":"0"}},{"type":"Feature","geometry":{"type":"Point","coordinates":[132.48278301,34.42861277]},"properties":{"供用済面積":"1211","供用開始年":"2002","公園名":"戸坂長尾台第二公園","公園種別":"街区公園","所在地市区町村名":"広島市","所在地都道府県名":"広島県","管理市区町村":"広島市","管理都道府県・整備局":"広島県","都市計画決定":"0"}},{"type":"Feature","geometry":{"type":"Point","coordinates":[132.49369834,34.43119078]},"properties":{"供用済面積":"600","供用開始年":"1996","公園名":"戸坂数甲第一公園","公園種別":"街区公園","所在地市区町村名":"広島市","所在地都道府県名":"広島県","管理市区町村":"広島市","管理都道府県・整備局":"広島県","都市計画決定":"0"}},{"type":"Feature","geometry":{"type":"Point","coordinates":[132.49485051,34.43225651]},"properties":{"供用済面積":"272","供用開始年":"1998","公園名":"戸坂数甲第二公園","公園種別":"街区公園","所在地市区町村名":"広島市","所在地都道府県名":"広島県","管理市区町村":"広島市","管理都道府県・整備局":"広島県","都市計画決定":"0"}},{"type":"Feature","geometry":{"type":"Point","coordinates":[132.48072667,34.43327125]},"properties":{"供用済面積":"138","供用開始年":"1979","公園名":"戸坂くるめ木公園","公園種別":"街区公園","所在地市区町村名":"広島市","所在地都道府県名":"広島県","管理市区町村":"広島市","管理都道府県・整備局":"広島県","都市計画決定":"0"}},{"type":"Feature","geometry":{"type":"Point","coordinates":[132.47926641,34.43005673]},"properties":{"供用済面積":"751","供用開始年":"1998","公園名":"戸坂くるめ木第二公園","公園種別":"街区公園","所在地市区町村名":"広島市","所在地都道府県名":"広島県","管理市区町村":"広島市","管理都道府県・整備局":"広島県","都市計画決定":"0"}},{"type":"Feature","geometry":{"type":"Point","coordinates":[132.49586837,34.42936432]},"properties":{"供用済面積":"611","供用開始年":"2009","公園名":"戸坂新町第二公園","公園種別":"街区公園","所在地市区町村名":"広島市","所在地都道府県名":"広島県","管理市区町村":"広島市","管理都道府県・整備局":"広島県","都市計画決定":"0"}},{"type":"Feature","geometry":{"type":"Point","coordinates":[132.49079943,34.44175161]},"properties":{"供用済面積":"900","供用開始年":"1998","公園名":"戸坂惣田第一公園","公園種別":"街区公園","所在地市区町村名":"広島市","所在地都道府県名":"広島県","管理市区町村":"広島市","管理都道府県・整備局":"広島県","都市計画決定":"0"}},{"type":"Feature","geometry":{"type":"Point","coordinates":[132.493903011,34.43497724]},"properties":{"供用済面積":"700","供用開始年":"1976","公園名":"戸坂山根公園","公園種別":"街区公園","所在地市区町村名":"広島市","所在地都道府県名":"広島県","管理市区町村":"広島市","管理都道府県・整備局":"広島県","都市計画決定":"0"}},{"type":"Feature","geometry":{"type":"Point","coordinates":[132.49122222,34.43723973]},"properties":{"供用済面積":"1700","供用開始年":"1998","公園名":"戸坂山根第二公園","公園種別":"街区公園","所在地市区町村名":"広島市","所在地都道府県名":"広島県","管理市区町村":"広島市","管理都道府県・整備局":"広島県","都市計画決定":"0"}},{"type":"Feature","geometry":{"type":"Point","coordinates":[132.48910132,34.43358946]},"properties":{"供用済面積":"844","供用開始年":"2005","公園名":"戸坂山根第三公園","公園種別":"街区公園","所在地市区町村名":"広島市","所在地都道府県名":"広島県","管理市区町村":"広島市","管理都道府県・整備局":"広島県","都市計画決定":"0"}},{"type":"Feature","geometry":{"type":"Point","coordinates":[132.49568382,34.39435604]},"properties":{"供用済面積":"842","供用開始年":"2003","公園名":"矢賀新町第二公園","公園種別":"街区公園","所在地市区町村名":"広島市","所在地都道府県名":"広島県","管理市区町村":"広島市","管理都道府県・整備局":"広島県","都市計画決定":"0"}},{"type":"Feature","geometry":{"type":"Point","coordinates":[132.48590397,34.40221308]},"properties":{"供用済面積":"745","供用開始年":"1994","公園名":"山根町第三公園","公園種別":"街区公園","所在地市区町村名":"広島市","所在地都道府県名":"広島県","管理市区町村":"広島市","管理都道府県・整備局":"広島県","都市計画決定":"0"}},{"type":"Feature","geometry":{"type":"Point","coordinates":[132.47933928,34.39744256]},"properties":{"供用済面積":"838","供用開始年":"1955","公園名":"若草第一公園","公園種別":"街区公園","所在地市区町村名":"広島市","所在地都道府県名":"広島県","管理市区町村":"広島市","管理都道府県・整備局":"広島県","都市計画決定":"0"}},{"type":"Feature","geometry":{"type":"Point","coordinates":[132.48528878,34.39821136]},"properties":{"供用済面積":"138","供用開始年":"2009","公園名":"若草第二公園","公園種別":"街区公園","所在地市区町村名":"広島市","所在地都道府県名":"広島県","管理市区町村":"広島市","管理都道府県・整備局":"広島県","都市計画決定":"0"}},{"type":"Feature","geometry":{"type":"Point","coordinates":[132.46557891,34.41696213]},"properties":{"供用済面積":"17729","供用開始年":"1994","公園名":"新牛田公園","公園種別":"近隣公園","所在地市区町村名":"広島市","所在地都道府県名":"広島県","管理市区町村":"広島市","管理都道府県・整備局":"広島県","都市計画決定":"0"}},{"type":"Feature","geometry":{"type":"Point","coordinates":[132.53383186,34.44693345]},"properties":{"供用済面積":"11500","供用開始年":"1986","公園名":"福木公園","公園種別":"近隣公園","所在地市区町村名":"広島市","所在地都道府県名":"広島県","管理市区町村":"広島市","管理都道府県・整備局":"広島県","都市計画決定":"0"}},{"type":"Feature","geometry":{"type":"Point","coordinates":[132.46904756,34.41652834]},"properties":{"供用済面積":"126930","供用開始年":"1997","公園名":"牛田総合公園","公園種別":"総合公園","所在地市区町村名":"広島市","所在地都道府県名":"広島県","管理市区町村":"広島市","管理都道府県・整備局":"広島県","都市計画決定":"0"}},{"type":"Feature","geometry":{"type":"Point","coordinates":[132.46919933,34.4278838]},"properties":{"供用済面積":"226334","供用開始年":"1976","公園名":"太田川緑地","公園種別":"運動公園","所在地市区町村名":"広島市","所在地都道府県名":"広島県","管理市区町村":"広島市","管理都道府県・整備局":"広島県","都市計画決定":"0"}},{"type":"Feature","geometry":{"type":"Point","coordinates":[132.47627812,34.40662441]},"properties":{"供用済面積":"2000","供用開始年":"9999","公園名":"二葉山緑地","公園種別":"特殊公園（風致公園、動植物公園、歴史公園、墓園）","所在地市区町村名":"広島市","所在地都道府県名":"広島県","管理市区町村":"広島市","管理都道府県・整備局":"広島県","都市計画決定":"0"}},{"type":"Feature","geometry":{"type":"Point","coordinates":[132.46799779,34.42305183]},"properties":{"供用済面積":"24000","供用開始年":"9999","公園名":"浅野山緑地","公園種別":"特殊公園（風致公園、動植物公園、歴史公園、墓園）","所在地市区町村名":"広島市","所在地都道府県名":"広島県","管理市区町村":"広島市","管理都道府県・整備局":"広島県","都市計画決定":"0"}},{"type":"Feature","geometry":{"type":"Point","coordinates":[132.49503868,34.40365335]},"properties":{"供用済面積":"112000","供用開始年":"9999","公園名":"高天原墓園","公園種別":"特殊公園（風致公園、動植物公園、歴史公園、墓園）","所在地市区町村名":"広島市","所在地都道府県名":"広島県","管理市区町村":"広島市","管理都道府県・整備局":"広島県","都市計画決定":"0"}},{"type":"Feature","geometry":{"type":"Point","coordinates":[132.50908274,34.36999562]},"properties":{"供用済面積":"517","供用開始年":"1979","公園名":"青崎第一公園","公園種別":"街区公園","所在地市区町村名":"広島市","所在地都道府県名":"広島県","管理市区町村":"広島市","管理都道府県・整備局":"広島県","都市計画決定":"0"}},{"type":"Feature","geometry":{"type":"Point","coordinates":[132.4759254,34.3731579]},"properties":{"供用済面積":"823","供用開始年":"1976","公園名":"旭町第一公園","公園種別":"街区公園","所在地市区町村名":"広島市","所在地都道府県名":"広島県","管理市区町村":"広島市","管理都道府県・整備局":"広島県","都市計画決定":"0"}},{"type":"Feature","geometry":{"type":"Point","coordinates":[132.46373297,34.36060735]},"properties":{"供用済面積":"2494","供用開始年":"1976","公園名":"宇品第二公園","公園種別":"街区公園","所在地市区町村名":"広島市","所在地都道府県名":"広島県","管理市区町村":"広島市","管理都道府県・整備局":"広島県","都市計画決定":"0"}},{"type":"Feature","geometry":{"type":"Point","coordinates":[132.46532153,34.35848]},"properties":{"供用済面積":"2371","供用開始年":"1976","公園名":"宇品第三公園","公園種別":"街区公園","所在地市区町村名":"広島市","所在地都道府県名":"広島県","管理市区町村":"広島市","管理都道府県・整備局":"広島県","都市計画決定":"0"}},{"type":"Feature","geometry":{"type":"Point","coordinates":[132.46879207,34.3587724]},"properties":{"供用済面積":"1318","供用開始年":"1970","公園名":"宇品第四公園","公園種別":"街区公園","所在地市区町村名":"広島市","所在地都道府県名":"広島県","管理市区町村":"広島市","管理都道府県・整備局":"広島県","都市計画決定":"0"}},{"type":"Feature","geometry":{"type":"Point","coordinates":[132.45992043,34.35654484]},"properties":{"供用済面積":"1000","供用開始年":"1997","公園名":"宇品第六公園","公園種別":"街区公園","所在地市区町村名":"広島市","所在地都道府県名":"広島県","管理市区町村":"広島市","管理都道府県・整備局":"広島県","都市計画決定":"0"}},{"type":"Feature","geometry":{"type":"Point","coordinates":[132.47263952,34.36425834]},"properties":{"供用済面積":"1220","供用開始年":"1986","公園名":"宇品東第一公園","公園種別":"街区公園","所在地市区町村名":"広島市","所在地都道府県名":"広島県","管理市区町村":"広島市","管理都道府県・整備局":"広島県","都市計画決定":"0"}},{"type":"Feature","geometry":{"type":"Point","coordinates":[132.46808633,34.36359098]},"properties":{"供用済面積":"1466","供用開始年":"1990","公園名":"宇品東第二公園","公園種別":"街区公園","所在地市区町村名":"広島市","所在地都道府県名":"広島県","管理市区町村":"広島市","管理都道府県・整備局":"広島県","都市計画決定":"0"}},{"type":"Feature","geometry":{"type":"Point","coordinates":[132.48821092,34.36870114]},"properties":{"供用済面積":"1000","供用開始年":"1976","公園名":"黄金山公園","公園種別":"街区公園","所在地市区町村名":"広島市","所在地都道府県名":"広島県","管理市区町村":"広島市","管理都道府県・整備局":"広島県","都市計画決定":"0"}},{"type":"Feature","geometry":{"type":"Point","coordinates":[132.49638643,34.38818406]},"properties":{"供用済面積":"5289","供用開始年":"1976","公園名":"大州公園","公園種別":"街区公園","所在地市区町村名":"広島市","所在地都道府県名":"広島県","管理市区町村":"広島市","管理都道府県・整備局":"広島県","都市計画決定":"0"}},{"type":"Feature","geometry":{"type":"Point","coordinates":[132.49336918,34.38577826]},"properties":{"供用済面積":"3650","供用開始年":"1976","公園名":"大州第一公園","公園種別":"街区公園","所在地市区町村名":"広島市","所在地都道府県名":"広島県","管理市区町村":"広島市","管理都道府県・整備局":"広島県","都市計画決定":"0"}},{"type":"Feature","geometry":{"type":"Point","coordinates":[132.49123171,34.38862226]},"properties":{"供用済面積":"2383","供用開始年":"1980","公園名":"大州第二公園","公園種別":"街区公園","所在地市区町村名":"広島市","所在地都道府県名":"広島県","管理市区町村":"広島市","管理都道府県・整備局":"広島県","都市計画決定":"0"}},{"type":"Feature","geometry":{"type":"Point","coordinates":[132.48389854,34.37256651]},"properties":{"供用済面積":"1973","供用開始年":"1979","公園名":"北大河公園","公園種別":"街区公園","所在地市区町村名":"広島市","所在地都道府県名":"広島県","管理市区町村":"広島市","管理都道府県・整備局":"広島県","都市計画決定":"0"}},{"type":"Feature","geometry":{"type":"Point","coordinates":[132.49065872,34.38401491]},"properties":{"供用済面積":"3593","供用開始年":"1976","公園名":"東雲第一公園","公園種別":"街区公園","所在地市区町村名":"広島市","所在地都道府県名":"広島県","管理市区町村":"広島市","管理都道府県・整備局":"広島県","都市計画決定":"0"}},{"type":"Feature","geometry":{"type":"Point","coordinates":[132.49037217,34.38073915]},"properties":{"供用済面積":"4958","供用開始年":"1976","公園名":"東雲第二公園","公園種別":"街区公園","所在地市区町村名":"広島市","所在地都道府県名":"広島県","管理市区町村":"広島市","管理都道府県・整備局":"広島県","都市計画決定":"0"}},{"type":"Feature","geometry":{"type":"Point","coordinates":[132.49525369,34.37842186]},"properties":{"供用済面積":"1448","供用開始年":"1988","公園名":"東雲第三公園","公園種別":"街区公園","所在地市区町村名":"広島市","所在地都道府県名":"広島県","管理市区町村":"広島市","管理都道府県・整備局":"広島県","都市計画決定":"0"}},{"type":"Feature","geometry":{"type":"Point","coordinates":[132.48719101,34.38146853]},"properties":{"供用済面積":"5752","供用開始年":"1976","公園名":"東雲本町公園","公園種別":"街区公園","所在地市区町村名":"広島市","所在地都道府県名":"広島県","管理市区町村":"広島市","管理都道府県・整備局":"広島県","都市計画決定":"0"}},{"type":"Feature","geometry":{"type":"Point","coordinates":[132.46358403,34.36986683]},"properties":{"供用済面積":"2793","供用開始年":"1976","公園名":"千田廟公園","公園種別":"街区公園","所在地市区町村名":"広島市","所在地都道府県名":"広島県","管理市区町村":"広島市","管理都道府県・整備局":"広島県","都市計画決定":"0"}},{"type":"Feature","geometry":{"type":"Point","coordinates":[132.48131436,34.3633458]},"properties":{"供用済面積":"1394","供用開始年":"1976","公園名":"丹那公園","公園種別":"街区公園","所在地市区町村名":"広島市","所在地都道府県名":"広島県","管理市区町村":"広島市","管理都道府県・整備局":"広島県","都市計画決定":"0"}},{"type":"Feature","geometry":{"type":"Point","coordinates":[132.48597277,34.36671013]},"properties":{"供用済面積":"1730","供用開始年":"1984","公園名":"丹那新町公園","公園種別":"街区公園","所在地市区町村名":"広島市","所在地都道府県名":"広島県","管理市区町村":"広島市","管理都道府県・整備局":"広島県","都市計画決定":"0"}},{"type":"Feature","geometry":{"type":"Point","coordinates":[132.47812105,34.36556021]},"properties":{"供用済面積":"2665","供用開始年":"1976","公園名":"丹那西公園","公園種別":"街区公園","所在地市区町村名":"広島市","所在地都道府県名":"広島県","管理市区町村":"広島市","管理都道府県・整備局":"広島県","都市計画決定":"0"}},{"type":"Feature","geometry":{"type":"Point","coordinates":[132.44993175,34.35461134]},"properties":{"供用済面積":"1200","供用開始年":"1976","公園名":"出島公園","公園種別":"街区公園","所在地市区町村名":"広島市","所在地都道府県名":"広島県","管理市区町村":"広島市","管理都道府県・整備局":"広島県","都市計画決定":"0"}},{"type":"Feature","geometry":{"type":"Point","coordinates":[132.48083678,34.37525239]},"properties":{"供用済面積":"1424","供用開始年":"1976","公園名":"西霞町公園","公園種別":"街区公園","所在地市区町村名":"広島市","所在地都道府県名":"広島県","管理市区町村":"広島市","管理都道府県・整備局":"広島県","都市計画決定":"0"}},{"type":"Feature","geometry":{"type":"Point","coordinates":[132.48170289,34.39224656]},"properties":{"供用済面積":"1811","供用開始年":"1984","公園名":"西蟹屋第一公園","公園種別":"街区公園","所在地市区町村名":"広島市","所在地都道府県名":"広島県","管理市区町村":"広島市","管理都道府県・整備局":"広島県","都市計画決定":"0"}},{"type":"Feature","geometry":{"type":"Point","coordinates":[132.48278554,34.37449673]},"properties":{"供用済面積":"2188","供用開始年":"1976","公園名":"西本浦公園","公園種別":"街区公園","所在地市区町村名":"広島市","所在地都道府県名":"広島県","管理市区町村":"広島市","管理都道府県・整備局":"広島県","都市計画決定":"0"}},{"type":"Feature","geometry":{"type":"Point","coordinates":[132.49276201,34.37044822]},"properties":{"供用済面積":"1189","供用開始年":"1979","公園名":"仁保公園","公園種別":"街区公園","所在地市区町村名":"広島市","所在地都道府県名":"広島県","管理市区町村":"広島市","管理都道府県・整備局":"広島県","都市計画決定":"0"}},{"type":"Feature","geometry":{"type":"Point","coordinates":[132.4949122,34.37587047]},"properties":{"供用済面積":"4363","供用開始年":"1976","公園名":"仁保新町公園","公園種別":"街区公園","所在地市区町村名":"広島市","所在地都道府県名":"広島県","管理市区町村":"広島市","管理都道府県・整備局":"広島県","都市計画決定":"0"}},{"type":"Feature","geometry":{"type":"Point","coordinates":[132.49484897,34.37400185]},"properties":{"供用済面積":"2265","供用開始年":"1973","公園名":"仁保新町第一公園","公園種別":"街区公園","所在地市区町村名":"広島市","所在地都道府県名":"広島県","管理市区町村":"広島市","管理都道府県・整備局":"広島県","都市計画決定":"0"}},{"type":"Feature","geometry":{"type":"Point","coordinates":[132.49268114,34.3616012]},"properties":{"供用済面積":"3005","供用開始年":"1976","公園名":"日宇那公園","公園種別":"街区公園","所在地市区町村名":"広島市","所在地都道府県名":"広島県","管理市区町村":"広島市","管理都道府県・整備局":"広島県","都市計画決定":"0"}},{"type":"Feature","geometry":{"type":"Point","coordinates":[132.499731,34.36808798]},"properties":{"供用済面積":"5966","供用開始年":"1976","公園名":"柞木公園","公園種別":"街区公園","所在地市区町村名":"広島市","所在地都道府県名":"広島県","管理市区町村":"広島市","管理都道府県・整備局":"広島県","都市計画決定":"0"}},{"type":"Feature","geometry":{"type":"Point","coordinates":[132.51218903,34.37266712]},"properties":{"供用済面積":"1659","供用開始年":"1976","公園名":"堀越公園","公園種別":"街区公園","所在地市区町村名":"広島市","所在地都道府県名":"広島県","管理市区町村":"広島市","管理都道府県・整備局":"広島県","都市計画決定":"0"}},{"type":"Feature","geometry":{"type":"Point","coordinates":[132.48941539,34.37475037]},"properties":{"供用済面積":"2836","供用開始年":"1976","公園名":"本浦公園","公園種別":"街区公園","所在地市区町村名":"広島市","所在地都道府県名":"広島県","管理市区町村":"広島市","管理都道府県・整備局":"広島県","都市計画決定":"0"}},{"type":"Feature","geometry":{"type":"Point","coordinates":[132.48685913,34.37223632]},"properties":{"供用済面積":"1531","供用開始年":"1976","公園名":"本浦第一公園","公園種別":"街区公園","所在地市区町村名":"広島市","所在地都道府県名":"広島県","管理市区町村":"広島市","管理都道府県・整備局":"広島県","都市計画決定":"0"}},{"type":"Feature","geometry":{"type":"Point","coordinates":[132.47245891,34.39013563]},"properties":{"供用済面積":"6018","供用開始年":"1976","公園名":"松川公園","公園種別":"街区公園","所在地市区町村名":"広島市","所在地都道府県名":"広島県","管理市区町村":"広島市","管理都道府県・整備局":"広島県","都市計画決定":"0"}},{"type":"Feature","geometry":{"type":"Point","coordinates":[132.46747266,34.36790605]},"properties":{"供用済面積":"1700","供用開始年":"1976","公園名":"翠町第一公園","公園種別":"街区公園","所在地市区町村名":"広島市","所在地都道府県名":"広島県","管理市区町村":"広島市","管理都道府県・整備局":"広島県","都市計画決定":"0"}},{"type":"Feature","geometry":{"type":"Point","coordinates":[132.4724751,34.37252544]},"properties":{"供用済面積":"4072","供用開始年":"1976","公園名":"翠町第二公園","公園種別":"街区公園","所在地市区町村名":"広島市","所在地都道府県名":"広島県","管理市区町村":"広島市","管理都道府県・整備局":"広島県","都市計画決定":"0"}},{"type":"Feature","geometry":{"type":"Point","coordinates":[132.46876455,34.37203262]},"properties":{"供用済面積":"1217","供用開始年":"1983","公園名":"翠町第三公園","公園種別":"街区公園","所在地市区町村名":"広島市","所在地都道府県名":"広島県","管理市区町村":"広島市","管理都道府県・整備局":"広島県","都市計画決定":"0"}},{"type":"Feature","geometry":{"type":"Point","coordinates":[132.48476871,34.38958532]},"properties":{"供用済面積":"1168","供用開始年":"1976","公園名":"南蟹屋公園","公園種別":"街区公園","所在地市区町村名":"広島市","所在地都道府県名":"広島県","管理市区町村":"広島市","管理都道府県・整備局":"広島県","都市計画決定":"0"}},{"type":"Feature","geometry":{"type":"Point","coordinates":[132.46550568,34.37713169]},"properties":{"供用済面積":"1630","供用開始年":"1976","公園名":"皆実町公園","公園種別":"街区公園","所在地市区町村名":"広島市","所在地都道府県名":"広島県","管理市区町村":"広島市","管理都道府県・整備局":"広島県","都市計画決定":"0"}},{"type":"Feature","geometry":{"type":"Point","coordinates":[132.469744959,34.37428357]},"properties":{"供用済面積":"793","供用開始年":"1976","公園名":"皆実町第一公園","公園種別":"街区公園","所在地市区町村名":"広島市","所在地都道府県名":"広島県","管理市区町村":"広島市","管理都道府県・整備局":"広島県","都市計画決定":"0"}},{"type":"Feature","geometry":{"type":"Point","coordinates":[132.469998161,34.37617232]},"properties":{"供用済面積":"623","供用開始年":"1980","公園名":"皆実町第二公園","公園種別":"街区公園","所在地市区町村名":"広島市","所在地都道府県名":"広島県","管理市区町村":"広島市","管理都道府県・整備局":"広島県","都市計画決定":"0"}},{"type":"Feature","geometry":{"type":"Point","coordinates":[132.47078333,34.37791363]},"properties":{"供用済面積":"1488","供用開始年":"1983","公園名":"皆実町第四公園","公園種別":"街区公園","所在地市区町村名":"広島市","所在地都道府県名":"広島県","管理市区町村":"広島市","管理都道府県・整備局":"広島県","都市計画決定":"0"}},{"type":"Feature","geometry":{"type":"Point","coordinates":[132.50531877,34.36602018]},"properties":{"供用済面積":"954","供用開始年":"1976","公園名":"向洋公園","公園種別":"街区公園","所在地市区町村名":"広島市","所在地都道府県名":"広島県","管理市区町村":"広島市","管理都道府県・整備局":"広島県","都市計画決定":"0"}},{"type":"Feature","geometry":{"type":"Point","coordinates":[132.47622895,34.3691496]},"properties":{"供用済面積":"1259","供用開始年":"1976","公園名":"山城町公園","公園種別":"街区公園","所在地市区町村名":"広島市","所在地都道府県名":"広島県","管理市区町村":"広島市","管理都道府県・整備局":"広島県","都市計画決定":"0"}},{"type":"Feature","geometry":{"type":"Point","coordinates":[132.47406163,34.3695685]},"properties":{"供用済面積":"879","供用開始年":"1976","公園名":"旭町公園","公園種別":"街区公園","所在地市区町村名":"広島市","所在地都道府県名":"広島県","管理市区町村":"広島市","管理都道府県・整備局":"広島県","都市計画決定":"0"}},{"type":"Feature","geometry":{"type":"Point","coordinates":[132.51093235,34.37173692]},"properties":{"供用済面積":"825","供用開始年":"1981","公園名":"阿弥陀公園","公園種別":"街区公園","所在地市区町村名":"広島市","所在地都道府県名":"広島県","管理市区町村":"広島市","管理都道府県・整備局":"広島県","都市計画決定":"0"}},{"type":"Feature","geometry":{"type":"Point","coordinates":[132.46215453,34.35457026]},"properties":{"供用済面積":"482","供用開始年":"1984","公園名":"宇品海岸第一公園","公園種別":"街区公園","所在地市区町村名":"広島市","所在地都道府県名":"広島県","管理市区町村":"広島市","管理都道府県・整備局":"広島県","都市計画決定":"0"}},{"type":"Feature","geometry":{"type":"Point","coordinates":[132.46367636,34.35466177]},"properties":{"供用済面積":"654","供用開始年":"1985","公園名":"宇品海岸第二公園","公園種別":"街区公園","所在地市区町村名":"広島市","所在地都道府県名":"広島県","管理市区町村":"広島市","管理都道府県・整備局":"広島県","都市計画決定":"0"}},{"type":"Feature","geometry":{"type":"Point","coordinates":[132.46534304,34.35619343]},"properties":{"供用済面積":"6411","供用開始年":"1980","公園名":"宇品第五公園","公園種別":"街区公園","所在地市区町村名":"広島市","所在地都道府県名":"広島県","管理市区町村":"広島市","管理都道府県・整備局":"広島県","都市計画決定":"0"}},{"type":"Feature","geometry":{"type":"Point","coordinates":[132.48427067,34.38763156]},"properties":{"供用済面積":"900","供用開始年":"1976","公園名":"上東雲町海岸公園","公園種別":"街区公園","所在地市区町村名":"広島市","所在地都道府県名":"広島県","管理市区町村":"広島市","管理都道府県・整備局":"広島県","都市計画決定":"0"}},{"type":"Feature","geometry":{"type":"Point","coordinates":[132.4867237,34.36413999]},"properties":{"供用済面積":"669","供用開始年":"1996","公園名":"楠那公園","公園種別":"街区公園","所在地市区町村名":"広島市","所在地都道府県名":"広島県","管理市区町村":"広島市","管理都道府県・整備局":"広島県","都市計画決定":"0"}},{"type":"Feature","geometry":{"type":"Point","coordinates":[132.49678913,34.37822576]},"properties":{"供用済面積":"217","供用開始年":"2005","公園名":"東雲第四公園","公園種別":"街区公園","所在地市区町村名":"広島市","所在地都道府県名":"広島県","管理市区町村":"広島市","管理都道府県・整備局":"広島県","都市計画決定":"0"}},{"type":"Feature","geometry":{"type":"Point","coordinates":[132.48260341,34.36786005]},"properties":{"供用済面積":"150","供用開始年":"1993","公園名":"丹那第二公園","公園種別":"街区公園","所在地市区町村名":"広島市","所在地都道府県名":"広島県","管理市区町村":"広島市","管理都道府県・整備局":"広島県","都市計画決定":"0"}},{"type":"Feature","geometry":{"type":"Point","coordinates":[132.48090356,34.36740008]},"properties":{"供用済面積":"1528","供用開始年":"1993","公園名":"丹那第三公園","公園種別":"街区公園","所在地市区町村名":"広島市","所在地都道府県名":"広島県","管理市区町村":"広島市","管理都道府県・整備局":"広島県","都市計画決定":"0"}},{"type":"Feature","geometry":{"type":"Point","coordinates":[132.4768664,34.3666937]},"properties":{"供用済面積":"178","供用開始年":"1993","公園名":"丹那第四公園","公園種別":"街区公園","所在地市区町村名":"広島市","所在地都道府県名":"広島県","管理市区町村":"広島市","管理都道府県・整備局":"広島県","都市計画決定":"0"}},{"type":"Feature","geometry":{"type":"Point","coordinates":[132.47871803,34.36767935]},"properties":{"供用済面積":"2551","供用開始年":"1994","公園名":"丹那第五公園","公園種別":"街区公園","所在地市区町村名":"広島市","所在地都道府県名":"広島県","管理市区町村":"広島市","管理都道府県・整備局":"広島県","都市計画決定":"0"}},{"type":"Feature","geometry":{"type":"Point","coordinates":[132.47519689,34.3900535]},"properties":{"供用済面積":"540","供用開始年":"1997","公園名":"段原第一公園","公園種別":"街区公園","所在地市区町村名":"広島市","所在地都道府県名":"広島県","管理市区町村":"広島市","管理都道府県・整備局":"広島県","都市計画決定":"0"}},{"type":"Feature","geometry":{"type":"Point","coordinates":[132.475844459,34.38763045]},"properties":{"供用済面積":"999","供用開始年":"1998","公園名":"段原第二公園","公園種別":"街区公園","所在地市区町村名":"広島市","所在地都道府県名":"広島県","管理市区町村":"広島市","管理都道府県・整備局":"広島県","都市計画決定":"0"}},{"type":"Feature","geometry":{"type":"Point","coordinates":[132.47552067,34.38649696]},"properties":{"供用済面積":"500","供用開始年":"1994","公園名":"段原第三公園","公園種別":"街区公園","所在地市区町村名":"広島市","所在地都道府県名":"広島県","管理市区町村":"広島市","管理都道府県・整備局":"広島県","都市計画決定":"0"}},{"type":"Feature","geometry":{"type":"Point","coordinates":[132.47910252,34.3893389]},"properties":{"供用済面積":"500","供用開始年":"1997","公園名":"段原第四公園","公園種別":"街区公園","所在地市区町村名":"広島市","所在地都道府県名":"広島県","管理市区町村":"広島市","管理都道府県・整備局":"広島県","都市計画決定":"0"}},{"type":"Feature","geometry":{"type":"Point","coordinates":[132.47897665,34.38783448]},"properties":{"供用済面積":"2501","供用開始年":"1998","公園名":"段原第五公園","公園種別":"街区公園","所在地市区町村名":"広島市","所在地都道府県名":"広島県","管理市区町村":"広島市","管理都道府県・整備局":"広島県","都市計画決定":"0"}},{"type":"Feature","geometry":{"type":"Point","coordinates":[132.47972135,34.38659388]},"properties":{"供用済面積":"498","供用開始年":"1995","公園名":"段原第六公園","公園種別":"街区公園","所在地市区町村名":"広島市","所在地都道府県名":"広島県","管理市区町村":"広島市","管理都道府県・整備局":"広島県","都市計画決定":"0"}},{"type":"Feature","geometry":{"type":"Point","coordinates":[132.47599785,34.38156315]},"properties":{"供用済面積":"523","供用開始年":"1996","公園名":"段原南第一公園","公園種別":"街区公園","所在地市区町村名":"広島市","所在地都道府県名":"広島県","管理市区町村":"広島市","管理都道府県・整備局":"広島県","都市計画決定":"0"}},{"type":"Feature","geometry":{"type":"Point","coordinates":[132.47663621,34.38387884]},"properties":{"供用済面積":"1001","供用開始年":"1998","公園名":"段原南第二公園","公園種別":"街区公園","所在地市区町村名":"広島市","所在地都道府県名":"広島県","管理市区町村":"広島市","管理都道府県・整備局":"広島県","都市計画決定":"0"}},{"type":"Feature","geometry":{"type":"Point","coordinates":[132.47517489,34.3828756]},"properties":{"供用済面積":"413","供用開始年":"1998","公園名":"段原南第三公園","公園種別":"街区公園","所在地市区町村名":"広島市","所在地都道府県名":"広島県","管理市区町村":"広島市","管理都道府県・整備局":"広島県","都市計画決定":"0"}},{"type":"Feature","geometry":{"type":"Point","coordinates":[132.47925121,34.38565081]},"properties":{"供用済面積":"457","供用開始年":"1992","公園名":"段原南第四公園","公園種別":"街区公園","所在地市区町村名":"広島市","所在地都道府県名":"広島県","管理市区町村":"広島市","管理都道府県・整備局":"広島県","都市計画決定":"0"}},{"type":"Feature","geometry":{"type":"Point","coordinates":[132.47807524,34.38363221]},"properties":{"供用済面積":"501","供用開始年":"1990","公園名":"段原南第五公園","公園種別":"街区公園","所在地市区町村名":"広島市","所在地都道府県名":"広島県","管理市区町村":"広島市","管理都道府県・整備局":"広島県","都市計画決定":"0"}},{"type":"Feature","geometry":{"type":"Point","coordinates":[132.4769,34.37975]},"properties":{"供用済面積":"500","供用開始年":"1990","公園名":"出汐第一公園","公園種別":"街区公園","所在地市区町村名":"広島市","所在地都道府県名":"広島県","管理市区町村":"広島市","管理都道府県・整備局":"広島県","都市計画決定":"0"}},{"type":"Feature","geometry":{"type":"Point","coordinates":[132.4753001,34.37891899]},"properties":{"供用済面積":"1001","供用開始年":"1992","公園名":"出汐第二公園","公園種別":"街区公園","所在地市区町村名":"広島市","所在地都道府県名":"広島県","管理市区町村":"広島市","管理都道府県・整備局":"広島県","都市計画決定":"0"}},{"type":"Feature","geometry":{"type":"Point","coordinates":[132.48028635,34.3907188]},"properties":{"供用済面積":"1283","供用開始年":"1997","公園名":"西蟹屋第二公園","公園種別":"街区公園","所在地市区町村名":"広島市","所在地都道府県名":"広島県","管理市区町村":"広島市","管理都道府県・整備局":"広島県","都市計画決定":"0"}},{"type":"Feature","geometry":{"type":"Point","coordinates":[132.49479989,34.36938451]},"properties":{"供用済面積":"1325","供用開始年":"1986","公園名":"仁保第一公園","公園種別":"街区公園","所在地市区町村名":"広島市","所在地都道府県名":"広島県","管理市区町村":"広島市","管理都道府県・整備局":"広島県","都市計画決定":"0"}},{"type":"Feature","geometry":{"type":"Point","coordinates":[132.49466229,34.3677352]},"properties":{"供用済面積":"1621","供用開始年":"1986","公園名":"仁保第二公園","公園種別":"街区公園","所在地市区町村名":"広島市","所在地都道府県名":"広島県","管理市区町村":"広島市","管理都道府県・整備局":"広島県","都市計画決定":"0"}},{"type":"Feature","geometry":{"type":"Point","coordinates":[132.4972574,34.36983002]},"properties":{"供用済面積":"1162","供用開始年":"1990","公園名":"仁保中渕公園","公園種別":"街区公園","所在地市区町村名":"広島市","所在地都道府県名":"広島県","管理市区町村":"広島市","管理都道府県・整備局":"広島県","都市計画決定":"0"}},{"type":"Feature","geometry":{"type":"Point","coordinates":[132.49439283,34.36543452]},"properties":{"供用済面積":"6514","供用開始年":"1993","公園名":"仁保南第一公園","公園種別":"街区公園","所在地市区町村名":"広島市","所在地都道府県名":"広島県","管理市区町村":"広島市","管理都道府県・整備局":"広島県","都市計画決定":"0"}},{"type":"Feature","geometry":{"type":"Point","coordinates":[132.497428,34.36628165]},"properties":{"供用済面積":"846","供用開始年":"1993","公園名":"仁保南第二公園","公園種別":"街区公園","所在地市区町村名":"広島市","所在地都道府県名":"広島県","管理市区町村":"広島市","管理都道府県・整備局":"広島県","都市計画決定":"0"}},{"type":"Feature","geometry":{"type":"Point","coordinates":[132.49800858,34.36445234]},"properties":{"供用済面積":"2283","供用開始年":"1993","公園名":"仁保南第三公園","公園種別":"街区公園","所在地市区町村名":"広島市","所在地都道府県名":"広島県","管理市区町村":"広島市","管理都道府県・整備局":"広島県","都市計画決定":"0"}},{"type":"Feature","geometry":{"type":"Point","coordinates":[132.496305479,34.36421579]},"properties":{"供用済面積":"1810","供用開始年":"1993","公園名":"仁保南第四公園","公園種別":"街区公園","所在地市区町村名":"広島市","所在地都道府県名":"広島県","管理市区町村":"広島市","管理都道府県・整備局":"広島県","都市計画決定":"0"}},{"type":"Feature","geometry":{"type":"Point","coordinates":[132.49502978,34.36280172]},"properties":{"供用済面積":"1037","供用開始年":"1993","公園名":"仁保南第五公園","公園種別":"街区公園","所在地市区町村名":"広島市","所在地都道府県名":"広島県","管理市区町村":"広島市","管理都道府県・整備局":"広島県","都市計画決定":"0"}},{"type":"Feature","geometry":{"type":"Point","coordinates":[132.50964683,34.37230777]},"properties":{"供用済面積":"6100","供用開始年":"1994","公園名":"東青崎公園","公園種別":"街区公園","所在地市区町村名":"広島市","所在地都道府県名":"広島県","管理市区町村":"広島市","管理都道府県・整備局":"広島県","都市計画決定":"0"}},{"type":"Feature","geometry":{"type":"Point","coordinates":[132.484527899,34.37671114]},"properties":{"供用済面積":"473","供用開始年":"1994","公園名":"東霞公園","公園種別":"街区公園","所在地市区町村名":"広島市","所在地都道府県名":"広島県","管理市区町村":"広島市","管理都道府県・整備局":"広島県","都市計画決定":"0"}},{"type":"Feature","geometry":{"type":"Point","coordinates":[132.51468337,34.37366221]},"properties":{"供用済面積":"554","供用開始年":"1998","公園名":"堀越第一公園","公園種別":"街区公園","所在地市区町村名":"広島市","所在地都道府県名":"広島県","管理市区町村":"広島市","管理都道府県・整備局":"広島県","都市計画決定":"0"}},{"type":"Feature","geometry":{"type":"Point","coordinates":[132.48121774,34.36895361]},"properties":{"供用済面積":"403","供用開始年":"1993","公園名":"南大河第一公園","公園種別":"街区公園","所在地市区町村名":"広島市","所在地都道府県名":"広島県","管理市区町村":"広島市","管理都道府県・整備局":"広島県","都市計画決定":"0"}},{"type":"Feature","geometry":{"type":"Point","coordinates":[132.483766259,34.36912359]},"properties":{"供用済面積":"1570","供用開始年":"1998","公園名":"南大河第二公園","公園種別":"街区公園","所在地市区町村名":"広島市","所在地都道府県名":"広島県","管理市区町村":"広島市","管理都道府県・整備局":"広島県","都市計画決定":"0"}},{"type":"Feature","geometry":{"type":"Point","coordinates":[132.505159411,34.37103571]},"properties":{"供用済面積":"527","供用開始年":"1989","公園名":"向洋本町第一公園","公園種別":"街区公園","所在地市区町村名":"広島市","所在地都道府県名":"広島県","管理市区町村":"広島市","管理都道府県・整備局":"広島県","都市計画決定":"0"}},{"type":"Feature","geometry":{"type":"Point","coordinates":[132.50235414,34.36162584]},"properties":{"供用済面積":"2453","供用開始年":"2000","公園名":"向洋西公園","公園種別":"街区公園","所在地市区町村名":"広島市","所在地都道府県名":"広島県","管理市区町村":"広島市","管理都道府県・整備局":"広島県","都市計画決定":"0"}},{"type":"Feature","geometry":{"type":"Point","coordinates":[132.51247032,34.36617131]},"properties":{"供用済面積":"2785","供用開始年":"1989","公園名":"洋光台第一公園","公園種別":"街区公園","所在地市区町村名":"広島市","所在地都道府県名":"広島県","管理市区町村":"広島市","管理都道府県・整備局":"広島県","都市計画決定":"0"}},{"type":"Feature","geometry":{"type":"Point","coordinates":[132.50968579,34.36387147]},"properties":{"供用済面積":"1303","供用開始年":"1989","公園名":"洋光台第二公園","公園種別":"街区公園","所在地市区町村名":"広島市","所在地都道府県名":"広島県","管理市区町村":"広島市","管理都道府県・整備局":"広島県","都市計画決定":"0"}},{"type":"Feature","geometry":{"type":"Point","coordinates":[132.50612418,34.36213016]},"properties":{"供用済面積":"1426","供用開始年":"1989","公園名":"洋光台第三公園","公園種別":"街区公園","所在地市区町村名":"広島市","所在地都道府県名":"広島県","管理市区町村":"広島市","管理都道府県・整備局":"広島県","都市計画決定":"0"}},{"type":"Feature","geometry":{"type":"Point","coordinates":[132.4714285,34.36673015]},"properties":{"供用済面積":"15348","供用開始年":"1976","公園名":"宇品第一公園","公園種別":"近隣公園","所在地市区町村名":"広島市","所在地都道府県名":"広島県","管理市区町村":"広島市","管理都道府県・整備局":"広島県","都市計画決定":"0"}},{"type":"Feature","geometry":{"type":"Point","coordinates":[132.46184,34.36642]},"properties":{"供用済面積":"9614","供用開始年":"1986","公園名":"宇品西公園","公園種別":"近隣公園","所在地市区町村名":"広島市","所在地都道府県名":"広島県","管理市区町村":"広島市","管理都道府県・整備局":"広島県","都市計画決定":"0"}},{"type":"Feature","geometry":{"type":"Point","coordinates":[132.44335049,34.35231765]},"properties":{"供用済面積":"18600","供用開始年":"1985","公園名":"出島西公園","公園種別":"近隣公園","所在地市区町村名":"広島市","所在地都道府県名":"広島県","管理市区町村":"広島市","管理都道府県・整備局":"広島県","都市計画決定":"0"}},{"type":"Feature","geometry":{"type":"Point","coordinates":[132.47348,34.37998]},"properties":{"供用済面積":"10570","供用開始年":"1978","公園名":"比治山下公園","公園種別":"近隣公園","所在地市区町村名":"広島市","所在地都道府県名":"広島県","管理市区町村":"広島市","管理都道府県・整備局":"広島県","都市計画決定":"0"}},{"type":"Feature","geometry":{"type":"Point","coordinates":[132.49903221,34.37526471]},"properties":{"供用済面積":"27265","供用開始年":"1976","公園名":"渕崎公園","公園種別":"近隣公園","所在地市区町村名":"広島市","所在地都道府県名":"広島県","管理市区町村":"広島市","管理都道府県・整備局":"広島県","都市計画決定":"0"}},{"type":"Feature","geometry":{"type":"Point","coordinates":[132.44016863,34.30849096]},"properties":{"供用済面積":"69725","供用開始年":"1986","公園名":"似島臨海公園","公園種別":"総合公園","所在地市区町村名":"広島市","所在地都道府県名":"広島県","管理市区町村":"広島市","管理都道府県・整備局":"広島県","都市計画決定":"0"}},{"type":"Feature","geometry":{"type":"Point","coordinates":[132.47319918,34.38447946]},"properties":{"供用済面積":"261467","供用開始年":"1976","公園名":"比治山公園","公園種別":"総合公園","所在地市区町村名":"広島市","所在地都道府県名":"広島県","管理市区町村":"広島市","管理都道府県・整備局":"広島県","都市計画決定":"0"}},{"type":"Feature","geometry":{"type":"Point","coordinates":[132.49016171,34.36598732]},"properties":{"供用済面積":"203102","供用開始年":"1976","公園名":"黄金山緑地","公園種別":"特殊公園（風致公園、動植物公園、歴史公園、墓園）","所在地市区町村名":"広島市","所在地都道府県名":"広島県","管理市区町村":"広島市","管理都道府県・整備局":"広島県","都市計画決定":"0"}},{"type":"Feature","geometry":{"type":"Point","coordinates":[132.46029057,34.34469671]},"properties":{"供用済面積":"30400","供用開始年":"1976","公園名":"元宇品公園","公園種別":"特殊公園（風致公園、動植物公園、歴史公園、墓園）","所在地市区町村名":"広島市","所在地都道府県名":"広島県","管理市区町村":"広島市","管理都道府県・整備局":"広島県","都市計画決定":"0"}},{"type":"Feature","geometry":{"type":"Point","coordinates":[132.49717362,34.37374106]},"properties":{"供用済面積":"2506","供用開始年":"1996","公園名":"仁保緑地","公園種別":"都市緑地","所在地市区町村名":"広島市","所在地都道府県名":"広島県","管理市区町村":"広島市","管理都道府県・整備局":"広島県","都市計画決定":"0"}},{"type":"Feature","geometry":{"type":"Point","coordinates":[132.49120641,34.36198929]},"properties":{"供用済面積":"2100","供用開始年":"9999","公園名":"日宇那緑地","公園種別":"都市緑地","所在地市区町村名":"広島市","所在地都道府県名":"広島県","管理市区町村":"広島市","管理都道府県・整備局":"広島県","都市計画決定":"0"}},{"type":"Feature","geometry":{"type":"Point","coordinates":[132.46841878,34.36770806]},"properties":{"供用済面積":"1000","供用開始年":"9999","公園名":"翠町緑地","公園種別":"都市緑地","所在地市区町村名":"広島市","所在地都道府県名":"広島県","管理市区町村":"広島市","管理都道府県・整備局":"広島県","都市計画決定":"0"}},{"type":"Feature","geometry":{"type":"Point","coordinates":[132.46395633,34.37315806]},"properties":{"供用済面積":"408","供用開始年":"1985","公園名":"皆実町緑地","公園種別":"都市緑地","所在地市区町村名":"広島市","所在地都道府県名":"広島県","管理市区町村":"広島市","管理都道府県・整備局":"広島県","都市計画決定":"0"}},{"type":"Feature","geometry":{"type":"Point","coordinates":[132.38693584,34.3731661]},"properties":{"供用済面積":"827","供用開始年":"1976","公園名":"井口公園","公園種別":"街区公園","所在地市区町村名":"広島市","所在地都道府県名":"広島県","管理市区町村":"広島市","管理都道府県・整備局":"広島県","都市計画決定":"0"}},{"type":"Feature","geometry":{"type":"Point","coordinates":[132.4497051,34.41243093]},"properties":{"供用済面積":"3522","供用開始年":"1976","公園名":"打越公園","公園種別":"街区公園","所在地市区町村名":"広島市","所在地都道府県名":"広島県","管理市区町村":"広島市","管理都道府県・整備局":"広島県","都市計画決定":"0"}},{"type":"Feature","geometry":{"type":"Point","coordinates":[132.45844625,34.41948341]},"properties":{"供用済面積":"1000","供用開始年":"1981","公園名":"大芝第一公園","公園種別":"街区公園","所在地市区町村名":"広島市","所在地都道府県名":"広島県","管理市区町村":"広島市","管理都道府県・整備局":"広島県","都市計画決定":"0"}},{"type":"Feature","geometry":{"type":"Point","coordinates":[132.42740977,34.41502567]},"properties":{"供用済面積":"4492","供用開始年":"1979","公園名":"大迫公園","公園種別":"街区公園","所在地市区町村名":"広島市","所在地都道府県名":"広島県","管理市区町村":"広島市","管理都道府県・整備局":"広島県","都市計画決定":"0"}},{"type":"Feature","geometry":{"type":"Point","coordinates":[132.429695349,34.41654435]},"properties":{"供用済面積":"2243","供用開始年":"1980","公園名":"大迫第一公園","公園種別":"街区公園","所在地市区町村名":"広島市","所在地都道府県名":"広島県","管理市区町村":"広島市","管理都道府県・整備局":"広島県","都市計画決定":"0"}},{"type":"Feature","geometry":{"type":"Point","coordinates":[132.45424615,34.42023066]},"properties":{"供用済面積":"1330","供用開始年":"1976","公園名":"大宮第一公園","公園種別":"街区公園","所在地市区町村名":"広島市","所在地都道府県名":"広島県","管理市区町村":"広島市","管理都道府県・整備局":"広島県","都市計画決定":"0"}},{"type":"Feature","geometry":{"type":"Point","coordinates":[132.45733827,34.42233337]},"properties":{"供用済面積":"1310","供用開始年":"1976","公園名":"大宮第二公園","公園種別":"街区公園","所在地市区町村名":"広島市","所在地都道府県名":"広島県","管理市区町村":"広島市","管理都道府県・整備局":"広島県","都市計画決定":"0"}},{"type":"Feature","geometry":{"type":"Point","coordinates":[132.43744858,34.39868761]},"properties":{"供用済面積":"1000","供用開始年":"1976","公園名":"小河内町公園","公園種別":"街区公園","所在地市区町村名":"広島市","所在地都道府県名":"広島県","管理市区町村":"広島市","管理都道府県・整備局":"広島県","都市計画決定":"0"}},{"type":"Feature","geometry":{"type":"Point","coordinates":[132.439425009,34.40202908]},"properties":{"供用済面積":"1603","供用開始年":"2004","公園名":"小河内町第一公園","公園種別":"街区公園","所在地市区町村名":"広島市","所在地都道府県名":"広島県","管理市区町村":"広島市","管理都道府県・整備局":"広島県","都市計画決定":"0"}},{"type":"Feature","geometry":{"type":"Point","coordinates":[132.43984593,34.39482073]},"properties":{"供用済面積":"1035","供用開始年":"1976","公園名":"観音公園","公園種別":"街区公園","所在地市区町村名":"広島市","所在地都道府県名":"広島県","管理市区町村":"広島市","管理都道府県・整備局":"広島県","都市計画決定":"0"}},{"type":"Feature","geometry":{"type":"Point","coordinates":[132.42590102,34.37311682]},"properties":{"供用済面積":"1597","供用開始年":"1984","公園名":"観音新町第一公園","公園種別":"街区公園","所在地市区町村名":"広島市","所在地都道府県名":"広島県","管理市区町村":"広島市","管理都道府県・整備局":"広島県","都市計画決定":"0"}},{"type":"Feature","geometry":{"type":"Point","coordinates":[132.437779789,34.38875572]},"properties":{"供用済面積":"2584","供用開始年":"1976","公園名":"観音本町公園","公園種別":"街区公園","所在地市区町村名":"広島市","所在地都道府県名":"広島県","管理市区町村":"広島市","管理都道府県・整備局":"広島県","都市計画決定":"0"}},{"type":"Feature","geometry":{"type":"Point","coordinates":[132.43623171,34.38744153]},"properties":{"供用済面積":"1286","供用開始年":"1976","公園名":"観音本町第一公園","公園種別":"街区公園","所在地市区町村名":"広島市","所在地都道府県名":"広島県","管理市区町村":"広島市","管理都道府県・整備局":"広島県","都市計画決定":"0"}},{"type":"Feature","geometry":{"type":"Point","coordinates":[132.4047641,34.38069971]},"properties":{"供用済面積":"543","供用開始年":"1976","公園名":"草津第一公園","公園種別":"街区公園","所在地市区町村名":"広島市","所在地都道府県名":"広島県","管理市区町村":"広島市","管理都道府県・整備局":"広島県","都市計画決定":"0"}},{"type":"Feature","geometry":{"type":"Point","coordinates":[132.407491971,34.38277614]},"properties":{"供用済面積":"1110","供用開始年":"1976","公園名":"草津第二公園","公園種別":"街区公園","所在地市区町村名":"広島市","所在地都道府県名":"広島県","管理市区町村":"広島市","管理都道府県・整備局":"広島県","都市計画決定":"0"}},{"type":"Feature","geometry":{"type":"Point","coordinates":[132.40379276,34.37550208]},"properties":{"供用済面積":"1241","供用開始年":"1998","公園名":"草津新町第一公園","公園種別":"街区公園","所在地市区町村名":"広島市","所在地都道府県名":"広島県","管理市区町村":"広島市","管理都道府県・整備局":"広島県","都市計画決定":"0"}},{"type":"Feature","geometry":{"type":"Point","coordinates":[132.42552406,34.41414673]},"properties":{"供用済面積":"1066","供用開始年":"1976","公園名":"国迫公園","公園種別":"街区公園","所在地市区町村名":"広島市","所在地都道府県名":"広島県","管理市区町村":"広島市","管理都道府県・整備局":"広島県","都市計画決定":"0"}},{"type":"Feature","geometry":{"type":"Point","coordinates":[132.41903481,34.41041363]},"properties":{"供用済面積":"1551","供用開始年":"1996","公園名":"己斐上第五公園","公園種別":"街区公園","所在地市区町村名":"広島市","所在地都道府県名":"広島県","管理市区町村":"広島市","管理都道府県・整備局":"広島県","都市計画決定":"0"}},{"type":"Feature","geometry":{"type":"Point","coordinates":[132.42102405,34.40459997]},"properties":{"供用済面積":"1617","供用開始年":"1983","公園名":"己斐中第一公園","公園種別":"街区公園","所在地市区町村名":"広島市","所在地都道府県名":"広島県","管理市区町村":"広島市","管理都道府県・整備局":"広島県","都市計画決定":"0"}},{"type":"Feature","geometry":{"type":"Point","coordinates":[132.4238875,34.40297366]},"properties":{"供用済面積":"1999","供用開始年":"1993","公園名":"己斐中第二公園","公園種別":"街区公園","所在地市区町村名":"広島市","所在地都道府県名":"広島県","管理市区町村":"広島市","管理都道府県・整備局":"広島県","都市計画決定":"0"}},{"type":"Feature","geometry":{"type":"Point","coordinates":[132.43377663,34.40443537]},"properties":{"供用済面積":"1156","供用開始年":"1987","公園名":"己斐東公園","公園種別":"街区公園","所在地市区町村名":"広島市","所在地都道府県名":"広島県","管理市区町村":"広島市","管理都道府県・整備局":"広島県","都市計画決定":"0"}},{"type":"Feature","geometry":{"type":"Point","coordinates":[132.42887055,34.40625947]},"properties":{"供用済面積":"601","供用開始年":"1982","公園名":"己斐東第一公園","公園種別":"街区公園","所在地市区町村名":"広島市","所在地都道府県名":"広島県","管理市区町村":"広島市","管理都道府県・整備局":"広島県","都市計画決定":"0"}},{"type":"Feature","geometry":{"type":"Point","coordinates":[132.4270549,34.4054289]},"properties":{"供用済面積":"468","供用開始年":"1982","公園名":"己斐東第二公園","公園種別":"街区公園","所在地市区町村名":"広島市","所在地都道府県名":"広島県","管理市区町村":"広島市","管理都道府県・整備局":"広島県","都市計画決定":"0"}},{"type":"Feature","geometry":{"type":"Point","coordinates":[132.426750551,34.40396226]},"properties":{"供用済面積":"970","供用開始年":"1982","公園名":"己斐東第三公園","公園種別":"街区公園","所在地市区町村名":"広島市","所在地都道府県名":"広島県","管理市区町村":"広島市","管理都道府県・整備局":"広島県","都市計画決定":"0"}},{"type":"Feature","geometry":{"type":"Point","coordinates":[132.42735278,34.40347863]},"properties":{"供用済面積":"931","供用開始年":"1982","公園名":"己斐東第四公園","公園種別":"街区公園","所在地市区町村名":"広島市","所在地都道府県名":"広島県","管理市区町村":"広島市","管理都道府県・整備局":"広島県","都市計画決定":"0"}},{"type":"Feature","geometry":{"type":"Point","coordinates":[132.42833061,34.40366262]},"properties":{"供用済面積":"1689","供用開始年":"1982","公園名":"己斐東第五公園","公園種別":"街区公園","所在地市区町村名":"広島市","所在地都道府県名":"広島県","管理市区町村":"広島市","管理都道府県・整備局":"広島県","都市計画決定":"0"}},{"type":"Feature","geometry":{"type":"Point","coordinates":[132.42702414,34.39376937]},"properties":{"供用済面積":"995","供用開始年":"1976","公園名":"己斐本町公園","公園種別":"街区公園","所在地市区町村名":"広島市","所在地都道府県名":"広島県","管理市区町村":"広島市","管理都道府県・整備局":"広島県","都市計画決定":"0"}},{"type":"Feature","geometry":{"type":"Point","coordinates":[132.41951897,34.39021365]},"properties":{"供用済面積":"8364","供用開始年":"1976","公園名":"庚午第一公園","公園種別":"街区公園","所在地市区町村名":"広島市","所在地都道府県名":"広島県","管理市区町村":"広島市","管理都道府県・整備局":"広島県","都市計画決定":"0"}},{"type":"Feature","geometry":{"type":"Point","coordinates":[132.41879805,34.38348868]},"properties":{"供用済面積":"2184","供用開始年":"1976","公園名":"庚午第二公園","公園種別":"街区公園","所在地市区町村名":"広島市","所在地都道府県名":"広島県","管理市区町村":"広島市","管理都道府県・整備局":"広島県","都市計画決定":"0"}},{"type":"Feature","geometry":{"type":"Point","coordinates":[132.41429545,34.38436139]},"properties":{"供用済面積":"2070","供用開始年":"1976","公園名":"庚午第三公園","公園種別":"街区公園","所在地市区町村名":"広島市","所在地都道府県名":"広島県","管理市区町村":"広島市","管理都道府県・整備局":"広島県","都市計画決定":"0"}},{"type":"Feature","geometry":{"type":"Point","coordinates":[132.41420236,34.38082456]},"properties":{"供用済面積":"1460","供用開始年":"1976","公園名":"庚午第四公園","公園種別":"街区公園","所在地市区町村名":"広島市","所在地都道府県名":"広島県","管理市区町村":"広島市","管理都道府県・整備局":"広島県","都市計画決定":"0"}},{"type":"Feature","geometry":{"type":"Point","coordinates":[132.41373288,34.37684913]},"properties":{"供用済面積":"1371","供用開始年":"1976","公園名":"庚午第五公園","公園種別":"街区公園","所在地市区町村名":"広島市","所在地都道府県名":"広島県","管理市区町村":"広島市","管理都道府県・整備局":"広島県","都市計画決定":"0"}},{"type":"Feature","geometry":{"type":"Point","coordinates":[132.45175302,34.42339787]},"properties":{"供用済面積":"1112","供用開始年":"1987","公園名":"新庄公園","公園種別":"街区公園","所在地市区町村名":"広島市","所在地都道府県名":"広島県","管理市区町村":"広島市","管理都道府県・整備局":"広島県","都市計画決定":"0"}},{"type":"Feature","geometry":{"type":"Point","coordinates":[132.37787236,34.37403544]},"properties":{"供用済面積":"2227","供用開始年":"1976","公園名":"鈴が台第一公園","公園種別":"街区公園","所在地市区町村名":"広島市","所在地都道府県名":"広島県","管理市区町村":"広島市","管理都道府県・整備局":"広島県","都市計画決定":"0"}},{"type":"Feature","geometry":{"type":"Point","coordinates":[132.41576461,34.39390736]},"properties":{"供用済面積":"1266","供用開始年":"1980","公園名":"高須第一公園","公園種別":"街区公園","所在地市区町村名":"広島市","所在地都道府県名":"広島県","管理市区町村":"広島市","管理都道府県・整備局":"広島県","都市計画決定":"0"}},{"type":"Feature","geometry":{"type":"Point","coordinates":[132.40042719,34.38304206]},"properties":{"供用済面積":"1533","供用開始年":"1986","公園名":"田方第一公園","公園種別":"街区公園","所在地市区町村名":"広島市","所在地都道府県名":"広島県","管理市区町村":"広島市","管理都道府県・整備局":"広島県","都市計画決定":"0"}},{"type":"Feature","geometry":{"type":"Point","coordinates":[132.42719615,34.41166171]},"properties":{"供用済面積":"5440","供用開始年":"1981","公園名":"茶臼台公園","公園種別":"街区公園","所在地市区町村名":"広島市","所在地都道府県名":"広島県","管理市区町村":"広島市","管理都道府県・整備局":"広島県","都市計画決定":"0"}},{"type":"Feature","geometry":{"type":"Point","coordinates":[132.44064729,34.39661854]},"properties":{"供用済面積":"2874","供用開始年":"1951","公園名":"天満公園","公園種別":"街区公園","所在地市区町村名":"広島市","所在地都道府県名":"広島県","管理市区町村":"広島市","管理都道府県・整備局":"広島県","都市計画決定":"0"}},{"type":"Feature","geometry":{"type":"Point","coordinates":[132.44365846,34.4006081]},"properties":{"供用済面積":"2888","供用開始年":"1976","公園名":"中広第一公園","公園種別":"街区公園","所在地市区町村名":"広島市","所在地都道府県名":"広島県","管理市区町村":"広島市","管理都道府県・整備局":"広島県","都市計画決定":"0"}},{"type":"Feature","geometry":{"type":"Point","coordinates":[132.44032958,34.40314614]},"properties":{"供用済面積":"2024","供用開始年":"1976","公園名":"中広第二公園","公園種別":"街区公園","所在地市区町村名":"広島市","所在地都道府県名":"広島県","管理市区町村":"広島市","管理都道府県・整備局":"広島県","都市計画決定":"0"}},{"type":"Feature","geometry":{"type":"Point","coordinates":[132.445827811,34.40395437]},"properties":{"供用済面積":"4012","供用開始年":"1976","公園名":"中広第三公園","公園種別":"街区公園","所在地市区町村名":"広島市","所在地都道府県名":"広島県","管理市区町村":"広島市","管理都道府県・整備局":"広島県","都市計画決定":"0"}},{"type":"Feature","geometry":{"type":"Point","coordinates":[132.421867911,34.4159661]},"properties":{"供用済面積":"2202","供用開始年":"1980","公園名":"日生西公園","公園種別":"街区公園","所在地市区町村名":"広島市","所在地都道府県名":"広島県","管理市区町村":"広島市","管理都道府県・整備局":"広島県","都市計画決定":"0"}},{"type":"Feature","geometry":{"type":"Point","coordinates":[132.424701,34.41091303]},"properties":{"供用済面積":"1118","供用開始年":"1976","公園名":"日生東公園","公園種別":"街区公園","所在地市区町村名":"広島市","所在地都道府県名":"広島県","管理市区町村":"広島市","管理都道府県・整備局":"広島県","都市計画決定":"0"}},{"type":"Feature","geometry":{"type":"Point","coordinates":[132.41537607,34.4057351]},"properties":{"供用済面積":"2092","供用開始年":"1976","公園名":"兵庫谷公園","公園種別":"街区公園","所在地市区町村名":"広島市","所在地都道府県名":"広島県","管理市区町村":"広島市","管理都道府県・整備局":"広島県","都市計画決定":"0"}},{"type":"Feature","geometry":{"type":"Point","coordinates":[132.44229251,34.39001242]},"properties":{"供用済面積":"1411","供用開始年":"1976","公園名":"東観音河岸公園","公園種別":"街区公園","所在地市区町村名":"広島市","所在地都道府県名":"広島県","管理市区町村":"広島市","管理都道府県・整備局":"広島県","都市計画決定":"0"}},{"type":"Feature","geometry":{"type":"Point","coordinates":[132.42947275,34.39015205]},"properties":{"供用済面積":"3279","供用開始年":"1976","公園名":"福島公園","公園種別":"街区公園","所在地市区町村名":"広島市","所在地都道府県名":"広島県","管理市区町村":"広島市","管理都道府県・整備局":"広島県","都市計画決定":"0"}},{"type":"Feature","geometry":{"type":"Point","coordinates":[132.43178982,34.39133482]},"properties":{"供用済面積":"2240","供用開始年":"1976","公園名":"福島第一公園","公園種別":"街区公園","所在地市区町村名":"広島市","所在地都道府県名":"広島県","管理市区町村":"広島市","管理都道府県・整備局":"広島県","都市計画決定":"0"}},{"type":"Feature","geometry":{"type":"Point","coordinates":[132.43265998,34.39322398]},"properties":{"供用済面積":"1642","供用開始年":"1976","公園名":"福島第二公園","公園種別":"街区公園","所在地市区町村名":"広島市","所在地都道府県名":"広島県","管理市区町村":"広島市","管理都道府県・整備局":"広島県","都市計画決定":"0"}},{"type":"Feature","geometry":{"type":"Point","coordinates":[132.43363133,34.3967723]},"properties":{"供用済面積":"694","供用開始年":"1980","公園名":"福島第三公園","公園種別":"街区公園","所在地市区町村名":"広島市","所在地都道府県名":"広島県","管理市区町村":"広島市","管理都道府県・整備局":"広島県","都市計画決定":"0"}},{"type":"Feature","geometry":{"type":"Point","coordinates":[132.40718762,34.38449642]},"properties":{"供用済面積":"1761","供用開始年":"1979","公園名":"古江西町公園","公園種別":"街区公園","所在地市区町村名":"広島市","所在地都道府県名":"広島県","管理市区町村":"広島市","管理都道府県・整備局":"広島県","都市計画決定":"0"}},{"type":"Feature","geometry":{"type":"Point","coordinates":[132.41138647,34.39082968]},"properties":{"供用済面積":"2058","供用開始年":"1976","公園名":"古江東公園","公園種別":"街区公園","所在地市区町村名":"広島市","所在地都道府県名":"広島県","管理市区町村":"広島市","管理都道府県・整備局":"広島県","都市計画決定":"0"}},{"type":"Feature","geometry":{"type":"Point","coordinates":[132.45325052,34.41730863]},"properties":{"供用済面積":"3947","供用開始年":"1976","公園名":"三篠北町公園","公園種別":"街区公園","所在地市区町村名":"広島市","所在地都道府県名":"広島県","管理市区町村":"広島市","管理都道府県・整備局":"広島県","都市計画決定":"0"}},{"type":"Feature","geometry":{"type":"Point","coordinates":[132.45333308,34.41282518]},"properties":{"供用済面積":"1774","供用開始年":"1976","公園名":"三篠町公園","公園種別":"街区公園","所在地市区町村名":"広島市","所在地都道府県名":"広島県","管理市区町村":"広島市","管理都道府県・整備局":"広島県","都市計画決定":"0"}},{"type":"Feature","geometry":{"type":"Point","coordinates":[132.45215016,34.41569669]},"properties":{"供用済面積":"1079","供用開始年":"1976","公園名":"三滝公園","公園種別":"街区公園","所在地市区町村名":"広島市","所在地都道府県名":"広島県","管理市区町村":"広島市","管理都道府県・整備局":"広島県","都市計画決定":"0"}},{"type":"Feature","geometry":{"type":"Point","coordinates":[132.43425992,34.38394043]},"properties":{"供用済面積":"1177","供用開始年":"1976","公園名":"南観音第一公園","公園種別":"街区公園","所在地市区町村名":"広島市","所在地都道府県名":"広島県","管理市区町村":"広島市","管理都道府県・整備局":"広島県","都市計画決定":"0"}},{"type":"Feature","geometry":{"type":"Point","coordinates":[132.42623088,34.3812451]},"properties":{"供用済面積":"1983","供用開始年":"1976","公園名":"南観音第二公園","公園種別":"街区公園","所在地市区町村名":"広島市","所在地都道府県名":"広島県","管理市区町村":"広島市","管理都道府県・整備局":"広島県","都市計画決定":"0"}},{"type":"Feature","geometry":{"type":"Point","coordinates":[132.42994952,34.38003341]},"properties":{"供用済面積":"1983","供用開始年":"1976","公園名":"南観音第三公園","公園種別":"街区公園","所在地市区町村名":"広島市","所在地都道府県名":"広島県","管理市区町村":"広島市","管理都道府県・整備局":"広島県","都市計画決定":"0"}},{"type":"Feature","geometry":{"type":"Point","coordinates":[132.42773646,34.38741524]},"properties":{"供用済面積":"1128","供用開始年":"1981","公園名":"南観音第四公園","公園種別":"街区公園","所在地市区町村名":"広島市","所在地都道府県名":"広島県","管理市区町村":"広島市","管理都道府県・整備局":"広島県","都市計画決定":"0"}},{"type":"Feature","geometry":{"type":"Point","coordinates":[132.42683473,34.38348186]},"properties":{"供用済面積":"1094","供用開始年":"1983","公園名":"南観音第五公園","公園種別":"街区公園","所在地市区町村名":"広島市","所在地都道府県名":"広島県","管理市区町村":"広島市","管理都道府県・整備局":"広島県","都市計画決定":"0"}},{"type":"Feature","geometry":{"type":"Point","coordinates":[132.432876509,34.38117939]},"properties":{"供用済面積":"1010","供用開始年":"1987","公園名":"南観音第六公園","公園種別":"街区公園","所在地市区町村名":"広島市","所在地都道府県名":"広島県","管理市区町村":"広島市","管理都道府県・整備局":"広島県","都市計画決定":"0"}},{"type":"Feature","geometry":{"type":"Point","coordinates":[132.43744589,34.39609056]},"properties":{"供用済面積":"3385","供用開始年":"1976","公園名":"都町公園","公園種別":"街区公園","所在地市区町村名":"広島市","所在地都道府県名":"広島県","管理市区町村":"広島市","管理都道府県・整備局":"広島県","都市計画決定":"0"}},{"type":"Feature","geometry":{"type":"Point","coordinates":[132.41603578,34.41015244]},"properties":{"供用済面積":"1408","供用開始年":"1979","公園名":"明山公園","公園種別":"街区公園","所在地市区町村名":"広島市","所在地都道府県名":"広島県","管理市区町村":"広島市","管理都道府県・整備局":"広島県","都市計画決定":"0"}},{"type":"Feature","geometry":{"type":"Point","coordinates":[132.4131015,34.4090403]},"properties":{"供用済面積":"1426","供用開始年":"1976","公園名":"明山第一公園","公園種別":"街区公園","所在地市区町村名":"広島市","所在地都道府県名":"広島県","管理市区町村":"広島市","管理都道府県・整備局":"広島県","都市計画決定":"0"}},{"type":"Feature","geometry":{"type":"Point","coordinates":[132.41234264,34.40542134]},"properties":{"供用済面積":"1456","供用開始年":"1983","公園名":"もみじヶ丘第一公園","公園種別":"街区公園","所在地市区町村名":"広島市","所在地都道府県名":"広島県","管理市区町村":"広島市","管理都道府県・整備局":"広島県","都市計画決定":"0"}},{"type":"Feature","geometry":{"type":"Point","coordinates":[132.41333422,34.40364718]},"properties":{"供用済面積":"2811","供用開始年":"1983","公園名":"もみじヶ丘第二公園","公園種別":"街区公園","所在地市区町村名":"広島市","所在地都道府県名":"広島県","管理市区町村":"広島市","管理都道府県・整備局":"広島県","都市計画決定":"0"}},{"type":"Feature","geometry":{"type":"Point","coordinates":[132.41082491,34.40374574]},"properties":{"供用済面積":"2409","供用開始年":"1987","公園名":"もみじヶ丘第三公園","公園種別":"街区公園","所在地市区町村名":"広島市","所在地都道府県名":"広島県","管理市区町村":"広島市","管理都道府県・整備局":"広島県","都市計画決定":"0"}},{"type":"Feature","geometry":{"type":"Point","coordinates":[132.43915789,34.40814664]},"properties":{"供用済面積":"1254","供用開始年":"1976","公園名":"山手公園","公園種別":"街区公園","所在地市区町村名":"広島市","所在地都道府県名":"広島県","管理市区町村":"広島市","管理都道府県・整備局":"広島県","都市計画決定":"0"}},{"type":"Feature","geometry":{"type":"Point","coordinates":[132.44857737,34.40756104]},"properties":{"供用済面積":"1881","供用開始年":"1976","公園名":"横川第一公園","公園種別":"街区公園","所在地市区町村名":"広島市","所在地都道府県名":"広島県","管理市区町村":"広島市","管理都道府県・整備局":"広島県","都市計画決定":"0"}},{"type":"Feature","geometry":{"type":"Point","coordinates":[132.45343669,34.40827149]},"properties":{"供用済面積":"4901","供用開始年":"1976","公園名":"横川第二公園","公園種別":"街区公園","所在地市区町村名":"広島市","所在地都道府県名":"広島県","管理市区町村":"広島市","管理都道府県・整備局":"広島県","都市計画決定":"0"}},{"type":"Feature","geometry":{"type":"Point","coordinates":[132.45634922,34.41344819]},"properties":{"供用済面積":"7919","供用開始年":"1976","公園名":"陵北公園","公園種別":"街区公園","所在地市区町村名":"広島市","所在地都道府県名":"広島県","管理市区町村":"広島市","管理都道府県・整備局":"広島県","都市計画決定":"0"}},{"type":"Feature","geometry":{"type":"Point","coordinates":[132.37312702,34.37576779]},"properties":{"供用済面積":"3551","供用開始年":"1986","公園名":"井口第一公園","公園種別":"街区公園","所在地市区町村名":"広島市","所在地都道府県名":"広島県","管理市区町村":"広島市","管理都道府県・整備局":"広島県","都市計画決定":"0"}},{"type":"Feature","geometry":{"type":"Point","coordinates":[132.37927636,34.36762184]},"properties":{"供用済面積":"2107","供用開始年":"1995","公園名":"井口第二公園","公園種別":"街区公園","所在地市区町村名":"広島市","所在地都道府県名":"広島県","管理市区町村":"広島市","管理都道府県・整備局":"広島県","都市計画決定":"0"}},{"type":"Feature","geometry":{"type":"Point","coordinates":[132.37733366,34.36535485]},"properties":{"供用済面積":"2287","供用開始年":"1995","公園名":"井口第三公園","公園種別":"街区公園","所在地市区町村名":"広島市","所在地都道府県名":"広島県","管理市区町村":"広島市","管理都道府県・整備局":"広島県","都市計画決定":"0"}},{"type":"Feature","geometry":{"type":"Point","coordinates":[132.3799355,34.36998982]},"properties":{"供用済面積":"1200","供用開始年":"2003","公園名":"井口第四公園","公園種別":"街区公園","所在地市区町村名":"広島市","所在地都道府県名":"広島県","管理市区町村":"広島市","管理都道府県・整備局":"広島県","都市計画決定":"0"}},{"type":"Feature","geometry":{"type":"Point","coordinates":[132.37692691,34.38103483]},"properties":{"供用済面積":"1630","供用開始年":"1987","公園名":"井口台西第一公園","公園種別":"街区公園","所在地市区町村名":"広島市","所在地都道府県名":"広島県","管理市区町村":"広島市","管理都道府県・整備局":"広島県","都市計画決定":"0"}},{"type":"Feature","geometry":{"type":"Point","coordinates":[132.37648374,34.37825038]},"properties":{"供用済面積":"1576","供用開始年":"1987","公園名":"井口台西第二公園","公園種別":"街区公園","所在地市区町村名":"広島市","所在地都道府県名":"広島県","管理市区町村":"広島市","管理都道府県・整備局":"広島県","都市計画決定":"0"}},{"type":"Feature","geometry":{"type":"Point","coordinates":[132.37517849,34.37702654]},"properties":{"供用済面積":"1624","供用開始年":"1987","公園名":"井口台西第三公園","公園種別":"街区公園","所在地市区町村名":"広島市","所在地都道府県名":"広島県","管理市区町村":"広島市","管理都道府県・整備局":"広島県","都市計画決定":"0"}},{"type":"Feature","geometry":{"type":"Point","coordinates":[132.38185397,34.38101429]},"properties":{"供用済面積":"1708","供用開始年":"1987","公園名":"井口台東第一公園","公園種別":"街区公園","所在地市区町村名":"広島市","所在地都道府県名":"広島県","管理市区町村":"広島市","管理都道府県・整備局":"広島県","都市計画決定":"0"}},{"type":"Feature","geometry":{"type":"Point","coordinates":[132.38197792,34.37803682]},"properties":{"供用済面積":"1679","供用開始年":"1987","公園名":"井口台東第二公園","公園種別":"街区公園","所在地市区町村名":"広島市","所在地都道府県名":"広島県","管理市区町村":"広島市","管理都道府県・整備局":"広島県","都市計画決定":"0"}},{"type":"Feature","geometry":{"type":"Point","coordinates":[132.3834147,34.37722367]},"properties":{"供用済面積":"1721","供用開始年":"1987","公園名":"井口台東第三公園","公園種別":"街区公園","所在地市区町村名":"広島市","所在地都道府県名":"広島県","管理市区町村":"広島市","管理都道府県・整備局":"広島県","都市計画決定":"0"}},{"type":"Feature","geometry":{"type":"Point","coordinates":[132.38564071,34.37900604]},"properties":{"供用済面積":"2165","供用開始年":"1995","公園名":"井口台東第四公園","公園種別":"街区公園","所在地市区町村名":"広島市","所在地都道府県名":"広島県","管理市区町村":"広島市","管理都道府県・整備局":"広島県","都市計画決定":"0"}},{"type":"Feature","geometry":{"type":"Point","coordinates":[132.46168667,34.42159873]},"properties":{"供用済面積":"535","供用開始年":"1998","公園名":"大芝第二公園","公園種別":"街区公園","所在地市区町村名":"広島市","所在地都道府県名":"広島県","管理市区町村":"広島市","管理都道府県・整備局":"広島県","都市計画決定":"0"}},{"type":"Feature","geometry":{"type":"Point","coordinates":[132.42685959,34.37791285]},"properties":{"供用済面積":"691","供用開始年":"1998","公園名":"観音新町第二公園","公園種別":"街区公園","所在地市区町村名":"広島市","所在地都道府県名":"広島県","管理市区町村":"広島市","管理都道府県・整備局":"広島県","都市計画決定":"0"}},{"type":"Feature","geometry":{"type":"Point","coordinates":[132.45795548,34.41041527]},"properties":{"供用済面積":"482","供用開始年":"2001","公園名":"楠木第一公園","公園種別":"街区公園","所在地市区町村名":"広島市","所在地都道府県名":"広島県","管理市区町村":"広島市","管理都道府県・整備局":"広島県","都市計画決定":"0"}},{"type":"Feature","geometry":{"type":"Point","coordinates":[132.419543151,34.41320366]},"properties":{"供用済面積":"2034","供用開始年":"1981","公園名":"己斐上第一公園","公園種別":"街区公園","所在地市区町村名":"広島市","所在地都道府県名":"広島県","管理市区町村":"広島市","管理都道府県・整備局":"広島県","都市計画決定":"0"}},{"type":"Feature","geometry":{"type":"Point","coordinates":[132.41685576,34.41410783]},"properties":{"供用済面積":"1813","供用開始年":"1981","公園名":"己斐上第二公園","公園種別":"街区公園","所在地市区町村名":"広島市","所在地都道府県名":"広島県","管理市区町村":"広島市","管理都道府県・整備局":"広島県","都市計画決定":"0"}},{"type":"Feature","geometry":{"type":"Point","coordinates":[132.41541169,34.40444062]},"properties":{"供用済面積":"1016","供用開始年":"1987","公園名":"己斐上第三公園","公園種別":"街区公園","所在地市区町村名":"広島市","所在地都道府県名":"広島県","管理市区町村":"広島市","管理都道府県・整備局":"広島県","都市計画決定":"0"}},{"type":"Feature","geometry":{"type":"Point","coordinates":[132.4177154,34.40867396]},"properties":{"供用済面積":"619","供用開始年":"1990","公園名":"己斐上第四公園","公園種別":"街区公園","所在地市区町村名":"広島市","所在地都道府県名":"広島県","管理市区町村":"広島市","管理都道府県・整備局":"広島県","都市計画決定":"0"}},{"type":"Feature","geometry":{"type":"Point","coordinates":[132.41844391,34.40230834]},"properties":{"供用済面積":"1502","供用開始年":"1996","公園名":"己斐上第六公園","公園種別":"街区公園","所在地市区町村名":"広島市","所在地都道府県名":"広島県","管理市区町村":"広島市","管理都道府県・整備局":"広島県","都市計画決定":"0"}},{"type":"Feature","geometry":{"type":"Point","coordinates":[132.41519799,34.40608073]},"properties":{"供用済面積":"736","供用開始年":"2000","公園名":"己斐上第七公園","公園種別":"街区公園","所在地市区町村名":"広島市","所在地都道府県名":"広島県","管理市区町村":"広島市","管理都道府県・整備局":"広島県","都市計画決定":"0"}},{"type":"Feature","geometry":{"type":"Point","coordinates":[132.42334306,34.39587418]},"properties":{"供用済面積":"648","供用開始年":"1998","公園名":"己斐西町第一公園","公園種別":"街区公園","所在地市区町村名":"広島市","所在地都道府県名":"広島県","管理市区町村":"広島市","管理都道府県・整備局":"広島県","都市計画決定":"0"}},{"type":"Feature","geometry":{"type":"Point","coordinates":[132.41830788,34.38162677]},"properties":{"供用済面積":"567","供用開始年":"1987","公園名":"庚午西公園","公園種別":"街区公園","所在地市区町村名":"広島市","所在地都道府県名":"広島県","管理市区町村":"広島市","管理都道府県・整備局":"広島県","都市計画決定":"0"}},{"type":"Feature","geometry":{"type":"Point","coordinates":[132.42110702,34.3882169]},"properties":{"供用済面積":"750","供用開始年":"1997","公園名":"庚午第六公園","公園種別":"街区公園","所在地市区町村名":"広島市","所在地都道府県名":"広島県","管理市区町村":"広島市","管理都道府県・整備局":"広島県","都市計画決定":"0"}},{"type":"Feature","geometry":{"type":"Point","coordinates":[132.45017711,34.42308903]},"properties":{"供用済面積":"706","供用開始年":"1989","公園名":"新庄西公園","公園種別":"街区公園","所在地市区町村名":"広島市","所在地都道府県名":"広島県","管理市区町村":"広島市","管理都道府県・整備局":"広島県","都市計画決定":"0"}},{"type":"Feature","geometry":{"type":"Point","coordinates":[132.38379919,34.36958163]},"properties":{"供用済面積":"2442","供用開始年":"1987","公園名":"西部埋立第一公園","公園種別":"街区公園","所在地市区町村名":"広島市","所在地都道府県名":"広島県","管理市区町村":"広島市","管理都道府県・整備局":"広島県","都市計画決定":"0"}},{"type":"Feature","geometry":{"type":"Point","coordinates":[132.38226123,34.36169975]},"properties":{"供用済面積":"5877","供用開始年":"1987","公園名":"西部埋立第三公園","公園種別":"街区公園","所在地市区町村名":"広島市","所在地都道府県名":"広島県","管理市区町村":"広島市","管理都道府県・整備局":"広島県","都市計画決定":"0"}},{"type":"Feature","geometry":{"type":"Point","coordinates":[132.39310794,34.37420759]},"properties":{"供用済面積":"8432","供用開始年":"1987","公園名":"西部埋立第四公園","公園種別":"街区公園","所在地市区町村名":"広島市","所在地都道府県名":"広島県","管理市区町村":"広島市","管理都道府県・整備局":"広島県","都市計画決定":"0"}},{"type":"Feature","geometry":{"type":"Point","coordinates":[132.3991055,34.37589099]},"properties":{"供用済面積":"6278","供用開始年":"1987","公園名":"西部埋立第七公園","公園種別":"街区公園","所在地市区町村名":"広島市","所在地都道府県名":"広島県","管理市区町村":"広島市","管理都道府県・整備局":"広島県","都市計画決定":"0"}},{"type":"Feature","geometry":{"type":"Point","coordinates":[132.39163473,34.37127694]},"properties":{"供用済面積":"2757","供用開始年":"1992","公園名":"西部埋立第九公園","公園種別":"街区公園","所在地市区町村名":"広島市","所在地都道府県名":"広島県","管理市区町村":"広島市","管理都道府県・整備局":"広島県","都市計画決定":"0"}},{"type":"Feature","geometry":{"type":"Point","coordinates":[132.3971198,34.37369382]},"properties":{"供用済面積":"3467","供用開始年":"1992","公園名":"西部埋立第十公園","公園種別":"街区公園","所在地市区町村名":"広島市","所在地都道府県名":"広島県","管理市区町村":"広島市","管理都道府県・整備局":"広島県","都市計画決定":"0"}},{"type":"Feature","geometry":{"type":"Point","coordinates":[132.37884759,34.37305557]},"properties":{"供用済面積":"772","供用開始年":"1976","公園名":"鈴が台公園","公園種別":"街区公園","所在地市区町村名":"広島市","所在地都道府県名":"広島県","管理市区町村":"広島市","管理都道府県・整備局":"広島県","都市計画決定":"0"}},{"type":"Feature","geometry":{"type":"Point","coordinates":[132.38158938,34.37449803]},"properties":{"供用済面積":"815","供用開始年":"1976","公園名":"鈴が台第二公園","公園種別":"街区公園","所在地市区町村名":"広島市","所在地都道府県名":"広島県","管理市区町村":"広島市","管理都道府県・整備局":"広島県","都市計画決定":"0"}},{"type":"Feature","geometry":{"type":"Point","coordinates":[132.38179012,34.37243211]},"properties":{"供用済面積":"791","供用開始年":"1976","公園名":"鈴が台第三公園","公園種別":"街区公園","所在地市区町村名":"広島市","所在地都道府県名":"広島県","管理市区町村":"広島市","管理都道府県・整備局":"広島県","都市計画決定":"0"}},{"type":"Feature","geometry":{"type":"Point","coordinates":[132.37611948,34.3716137]},"properties":{"供用済面積":"1518","供用開始年":"1983","公園名":"鈴が台第四公園","公園種別":"街区公園","所在地市区町村名":"広島市","所在地都道府県名":"広島県","管理市区町村":"広島市","管理都道府県・整備局":"広島県","都市計画決定":"0"}},{"type":"Feature","geometry":{"type":"Point","coordinates":[132.37860249,34.37186832]},"properties":{"供用済面積":"351","供用開始年":"2004","公園名":"鈴が台第五公園","公園種別":"街区公園","所在地市区町村名":"広島市","所在地都道府県名":"広島県","管理市区町村":"広島市","管理都道府県・整備局":"広島県","都市計画決定":"0"}},{"type":"Feature","geometry":{"type":"Point","coordinates":[132.39692048,34.38253301]},"properties":{"供用済面積":"1405","供用開始年":"1987","公園名":"鈴が峰第一公園","公園種別":"街区公園","所在地市区町村名":"広島市","所在地都道府県名":"広島県","管理市区町村":"広島市","管理都道府県・整備局":"広島県","都市計画決定":"0"}},{"type":"Feature","geometry":{"type":"Point","coordinates":[132.39705404,34.38457493]},"properties":{"供用済面積":"1093","供用開始年":"1987","公園名":"鈴が峰第二公園","公園種別":"街区公園","所在地市区町村名":"広島市","所在地都道府県名":"広島県","管理市区町村":"広島市","管理都道府県・整備局":"広島県","都市計画決定":"0"}},{"type":"Feature","geometry":{"type":"Point","coordinates":[132.41742842,34.39555587]},"properties":{"供用済面積":"211","供用開始年":"1981","公園名":"高須第二公園","公園種別":"街区公園","所在地市区町村名":"広島市","所在地都道府県名":"広島県","管理市区町村":"広島市","管理都道府県・整備局":"広島県","都市計画決定":"0"}},{"type":"Feature","geometry":{"type":"Point","coordinates":[132.39688154,34.38857253]},"properties":{"供用済面積":"661","供用開始年":"1987","公園名":"田方第二公園","公園種別":"街区公園","所在地市区町村名":"広島市","所在地都道府県名":"広島県","管理市区町村":"広島市","管理都道府県・整備局":"広島県","都市計画決定":"0"}},{"type":"Feature","geometry":{"type":"Point","coordinates":[132.396947261,34.38967124]},"properties":{"供用済面積":"290","供用開始年":"1987","公園名":"田方第三公園","公園種別":"街区公園","所在地市区町村名":"広島市","所在地都道府県名":"広島県","管理市区町村":"広島市","管理都道府県・整備局":"広島県","都市計画決定":"0"}},{"type":"Feature","geometry":{"type":"Point","coordinates":[132.39763077,34.39397963]},"properties":{"供用済面積":"1568","供用開始年":"1984","公園名":"田方第四公園","公園種別":"街区公園","所在地市区町村名":"広島市","所在地都道府県名":"広島県","管理市区町村":"広島市","管理都道府県・整備局":"広島県","都市計画決定":"0"}},{"type":"Feature","geometry":{"type":"Point","coordinates":[132.3962977,34.39446424]},"properties":{"供用済面積":"1202","供用開始年":"1995","公園名":"田方第六公園","公園種別":"街区公園","所在地市区町村名":"広島市","所在地都道府県名":"広島県","管理市区町村":"広島市","管理都道府県・整備局":"広島県","都市計画決定":"0"}},{"type":"Feature","geometry":{"type":"Point","coordinates":[132.397258931,34.38536756]},"properties":{"供用済面積":"303","供用開始年":"1995","公園名":"田方第七公園","公園種別":"街区公園","所在地市区町村名":"広島市","所在地都道府県名":"広島県","管理市区町村":"広島市","管理都道府県・整備局":"広島県","都市計画決定":"0"}},{"type":"Feature","geometry":{"type":"Point","coordinates":[132.39994784,34.38013132]},"properties":{"供用済面積":"582","供用開始年":"2003","公園名":"田方第八公園","公園種別":"街区公園","所在地市区町村名":"広島市","所在地都道府県名":"広島県","管理市区町村":"広島市","管理都道府県・整備局":"広島県","都市計画決定":"0"}},{"type":"Feature","geometry":{"type":"Point","coordinates":[132.41936669,34.39734397]},"properties":{"供用済面積":"8105","供用開始年":"1987","公園名":"高須台第一公園","公園種別":"街区公園","所在地市区町村名":"広島市","所在地都道府県名":"広島県","管理市区町村":"広島市","管理都道府県・整備局":"広島県","都市計画決定":"0"}},{"type":"Feature","geometry":{"type":"Point","coordinates":[132.417776111,34.40091201]},"properties":{"供用済面積":"1687","供用開始年":"1981","公園名":"高須台第二公園","公園種別":"街区公園","所在地市区町村名":"広島市","所在地都道府県名":"広島県","管理市区町村":"広島市","管理都道府県・整備局":"広島県","都市計画決定":"0"}},{"type":"Feature","geometry":{"type":"Point","coordinates":[132.41235275,34.40064095]},"properties":{"供用済面積":"1878","供用開始年":"2001","公園名":"高須台第三公園","公園種別":"街区公園","所在地市区町村名":"広島市","所在地都道府県名":"広島県","管理市区町村":"広島市","管理都道府県・整備局":"広島県","都市計画決定":"0"}},{"type":"Feature","geometry":{"type":"Point","coordinates":[132.41173352,34.39776451]},"properties":{"供用済面積":"1789","供用開始年":"2001","公園名":"高須台第四公園","公園種別":"街区公園","所在地市区町村名":"広島市","所在地都道府県名":"広島県","管理市区町村":"広島市","管理都道府県・整備局":"広島県","都市計画決定":"0"}},{"type":"Feature","geometry":{"type":"Point","coordinates":[132.40653228,34.39176548]},"properties":{"供用済面積":"1224","供用開始年":"1994","公園名":"古江上公園","公園種別":"街区公園","所在地市区町村名":"広島市","所在地都道府県名":"広島県","管理市区町村":"広島市","管理都道府県・整備局":"広島県","都市計画決定":"0"}},{"type":"Feature","geometry":{"type":"Point","coordinates":[132.411846839,34.39294799]},"properties":{"供用済面積":"875","供用開始年":"2000","公園名":"古江上第一公園","公園種別":"街区公園","所在地市区町村名":"広島市","所在地都道府県名":"広島県","管理市区町村":"広島市","管理都道府県・整備局":"広島県","都市計画決定":"0"}},{"type":"Feature","geometry":{"type":"Point","coordinates":[132.41107786,34.38327552]},"properties":{"供用済面積":"648","供用開始年":"1996","公園名":"古江新町第一公園","公園種別":"街区公園","所在地市区町村名":"広島市","所在地都道府県名":"広島県","管理市区町村":"広島市","管理都道府県・整備局":"広島県","都市計画決定":"0"}},{"type":"Feature","geometry":{"type":"Point","coordinates":[132.40718832,34.3844611]},"properties":{"供用済面積":"1905","供用開始年":"1986","公園名":"古江西第一公園","公園種別":"街区公園","所在地市区町村名":"広島市","所在地都道府県名":"広島県","管理市区町村":"広島市","管理都道府県・整備局":"広島県","都市計画決定":"0"}},{"type":"Feature","geometry":{"type":"Point","coordinates":[132.40257857,34.3938745]},"properties":{"供用済面積":"1067","供用開始年":"2000","公園名":"古田台第一公園","公園種別":"街区公園","所在地市区町村名":"広島市","所在地都道府県名":"広島県","管理市区町村":"広島市","管理都道府県・整備局":"広島県","都市計画決定":"0"}},{"type":"Feature","geometry":{"type":"Point","coordinates":[132.40040114,34.39424247]},"properties":{"供用済面積":"1496","供用開始年":"2000","公園名":"古田台第二公園","公園種別":"街区公園","所在地市区町村名":"広島市","所在地都道府県名":"広島県","管理市区町村":"広島市","管理都道府県・整備局":"広島県","都市計画決定":"0"}},{"type":"Feature","geometry":{"type":"Point","coordinates":[132.442382771,34.41770774]},"properties":{"供用済面積":"823","供用開始年":"1988","公園名":"三滝本町第一公園","公園種別":"街区公園","所在地市区町村名":"広島市","所在地都道府県名":"広島県","管理市区町村":"広島市","管理都道府県・整備局":"広島県","都市計画決定":"0"}},{"type":"Feature","geometry":{"type":"Point","coordinates":[132.44174005,34.41602523]},"properties":{"供用済面積":"517","供用開始年":"1988","公園名":"三滝本町第二公園","公園種別":"街区公園","所在地市区町村名":"広島市","所在地都道府県名":"広島県","管理市区町村":"広島市","管理都道府県・整備局":"広島県","都市計画決定":"0"}},{"type":"Feature","geometry":{"type":"Point","coordinates":[132.446589999,34.41977]},"properties":{"供用済面積":"4550","供用開始年":"1988","公園名":"三滝本町第三公園","公園種別":"街区公園","所在地市区町村名":"広島市","所在地都道府県名":"広島県","管理市区町村":"広島市","管理都道府県・整備局":"広島県","都市計画決定":"0"}},{"type":"Feature","geometry":{"type":"Point","coordinates":[132.44472594,34.41461863]},"properties":{"供用済面積":"291","供用開始年":"1993","公園名":"三滝本町第四公園","公園種別":"街区公園","所在地市区町村名":"広島市","所在地都道府県名":"広島県","管理市区町村":"広島市","管理都道府県・整備局":"広島県","都市計画決定":"0"}},{"type":"Feature","geometry":{"type":"Point","coordinates":[132.43916598,34.41652463]},"properties":{"供用済面積":"310","供用開始年":"1997","公園名":"三滝本町第五公園","公園種別":"街区公園","所在地市区町村名":"広島市","所在地都道府県名":"広島県","管理市区町村":"広島市","管理都道府県・整備局":"広島県","都市計画決定":"0"}},{"type":"Feature","geometry":{"type":"Point","coordinates":[132.4315231,34.38921279]},"properties":{"供用済面積":"413","供用開始年":"1986","公園名":"南観音町第一公園","公園種別":"街区公園","所在地市区町村名":"広島市","所在地都道府県名":"広島県","管理市区町村":"広島市","管理都道府県・整備局":"広島県","都市計画決定":"0"}},{"type":"Feature","geometry":{"type":"Point","coordinates":[132.39133523,34.39957153]},"properties":{"供用済面積":"7145","供用開始年":"1987","公園名":"山田公園","公園種別":"街区公園","所在地市区町村名":"広島市","所在地都道府県名":"広島県","管理市区町村":"広島市","管理都道府県・整備局":"広島県","都市計画決定":"0"}},{"type":"Feature","geometry":{"type":"Point","coordinates":[132.38861546,34.4001892]},"properties":{"供用済面積":"2902","供用開始年":"1987","公園名":"山田第一公園","公園種別":"街区公園","所在地市区町村名":"広島市","所在地都道府県名":"広島県","管理市区町村":"広島市","管理都道府県・整備局":"広島県","都市計画決定":"0"}},{"type":"Feature","geometry":{"type":"Point","coordinates":[132.43686551,34.4083464]},"properties":{"供用済面積":"274","供用開始年":"1987","公園名":"山手第一公園","公園種別":"街区公園","所在地市区町村名":"広島市","所在地都道府県名":"広島県","管理市区町村":"広島市","管理都道府県・整備局":"広島県","都市計画決定":"0"}},{"type":"Feature","geometry":{"type":"Point","coordinates":[132.44110868,34.41117093]},"properties":{"供用済面積":"1695","供用開始年":"1994","公園名":"竜王第一公園","公園種別":"街区公園","所在地市区町村名":"広島市","所在地都道府県名":"広島県","管理市区町村":"広島市","管理都道府県・整備局":"広島県","都市計画決定":"0"}},{"type":"Feature","geometry":{"type":"Point","coordinates":[132.46047238,34.41739846]},"properties":{"供用済面積":"31497","供用開始年":"1976","公園名":"大芝公園","公園種別":"近隣公園","所在地市区町村名":"広島市","所在地都道府県名":"広島県","管理市区町村":"広島市","管理都道府県・整備局":"広島県","都市計画決定":"0"}},{"type":"Feature","geometry":{"type":"Point","coordinates":[132.40837551,34.37742721]},"properties":{"供用済面積":"28155","供用開始年":"1976","公園名":"草津公園","公園種別":"近隣公園","所在地市区町村名":"広島市","所在地都道府県名":"広島県","管理市区町村":"広島市","管理都道府県・整備局":"広島県","都市計画決定":"0"}},{"type":"Feature","geometry":{"type":"Point","coordinates":[132.38604038,34.37069581]},"properties":{"供用済面積":"20849","供用開始年":"1987","公園名":"西部埋立第二公園","公園種別":"近隣公園","所在地市区町村名":"広島市","所在地都道府県名":"広島県","管理市区町村":"広島市","管理都道府県・整備局":"広島県","都市計画決定":"0"}},{"type":"Feature","geometry":{"type":"Point","coordinates":[132.39734825,34.36895682]},"properties":{"供用済面積":"10281","供用開始年":"1987","公園名":"西部埋立第六公園","公園種別":"近隣公園","所在地市区町村名":"広島市","所在地都道府県名":"広島県","管理市区町村":"広島市","管理都道府県・整備局":"広島県","都市計画決定":"0"}},{"type":"Feature","geometry":{"type":"Point","coordinates":[132.38003269,34.3797617]},"properties":{"供用済面積":"21385","供用開始年":"1987","公園名":"井口台公園","公園種別":"近隣公園","所在地市区町村名":"広島市","所在地都道府県名":"広島県","管理市区町村":"広島市","管理都道府県・整備局":"広島県","都市計画決定":"0"}},{"type":"Feature","geometry":{"type":"Point","coordinates":[132.40205243,34.37727705]},"properties":{"供用済面積":"15420","供用開始年":"1987","公園名":"西部埋立第八公園","公園種別":"近隣公園","所在地市区町村名":"広島市","所在地都道府県名":"広島県","管理市区町村":"広島市","管理都道府県・整備局":"広島県","都市計画決定":"0"}},{"type":"Feature","geometry":{"type":"Point","coordinates":[132.41685029,34.3995054]},"properties":{"供用済面積":"12169","供用開始年":"2001","公園名":"高須台中央公園","公園種別":"近隣公園","所在地市区町村名":"広島市","所在地都道府県名":"広島県","管理市区町村":"広島市","管理都道府県・整備局":"広島県","都市計画決定":"0"}},{"type":"Feature","geometry":{"type":"Point","coordinates":[132.40185006,34.3921336]},"properties":{"供用済面積":"16286","供用開始年":"2000","公園名":"古田台公園","公園種別":"近隣公園","所在地市区町村名":"広島市","所在地都道府県名":"広島県","管理市区町村":"広島市","管理都道府県・整備局":"広島県","都市計画決定":"0"}},{"type":"Feature","geometry":{"type":"Point","coordinates":[132.390245749,34.38012875]},"properties":{"供用済面積":"56395","供用開始年":"1987","公園名":"鈴が峰公園","公園種別":"地区公園（カントリーパーク）","所在地市区町村名":"広島市","所在地都道府県名":"広島県","管理市区町村":"広島市","管理都道府県・整備局":"広島県","都市計画決定":"0"}},{"type":"Feature","geometry":{"type":"Point","coordinates":[132.39331283,34.36991294]},"properties":{"供用済面積":"40155","供用開始年":"1985","公園名":"西部埋立第五公園","公園種別":"地区公園（カントリーパーク）","所在地市区町村名":"広島市","所在地都道府県名":"広島県","管理市区町村":"広島市","管理都道府県・整備局":"広島県","都市計画決定":"0"}},{"type":"Feature","geometry":{"type":"Point","coordinates":[132.43886054,34.4138563]},"properties":{"供用済面積":"170056","供用開始年":"1980","公園名":"竜王公園","公園種別":"総合公園","所在地市区町村名":"広島市","所在地都道府県名":"広島県","管理市区町村":"広島市","管理都道府県・整備局":"広島県","都市計画決定":"0"}},{"type":"Feature","geometry":{"type":"Point","coordinates":[132.39285238,34.38963548]},"properties":{"供用済面積":"38726","供用開始年":"1977","公園名":"鬼が城緑地","公園種別":"特殊公園（風致公園、動植物公園、歴史公園、墓園）","所在地市区町村名":"広島市","所在地都道府県名":"広島県","管理市区町村":"広島市","管理都道府県・整備局":"広島県","都市計画決定":"0"}},{"type":"Feature","geometry":{"type":"Point","coordinates":[132.44022017,34.41801449]},"properties":{"供用済面積":"54000","供用開始年":"9999","公園名":"三滝墓園","公園種別":"特殊公園（風致公園、動植物公園、歴史公園、墓園）","所在地市区町村名":"広島市","所在地都道府県名":"広島県","管理市区町村":"広島市","管理都道府県・整備局":"広島県","都市計画決定":"0"}},{"type":"Feature","geometry":{"type":"Point","coordinates":[132.3934981,34.37163308]},"properties":{"供用済面積":"51000","供用開始年":"1979","公園名":"西部周遊緑地","公園種別":"緑道","所在地市区町村名":"広島市","所在地都道府県名":"広島県","管理市区町村":"広島市","管理都道府県・整備局":"広島県","都市計画決定":"0"}},{"type":"Feature","geometry":{"type":"Point","coordinates":[132.4451256,34.47146778]},"properties":{"供用済面積":"1061","供用開始年":"1983","公園名":"相田第二公園","公園種別":"街区公園","所在地市区町村名":"広島市","所在地都道府県名":"広島県","管理市区町村":"広島市","管理都道府県・整備局":"広島県","都市計画決定":"0"}},{"type":"Feature","geometry":{"type":"Point","coordinates":[132.44801,34.46624]},"properties":{"供用済面積":"1680","供用開始年":"1986","公園名":"相田第三公園","公園種別":"街区公園","所在地市区町村名":"広島市","所在地都道府県名":"広島県","管理市区町村":"広島市","管理都道府県・整備局":"広島県","都市計画決定":"0"}},{"type":"Feature","geometry":{"type":"Point","coordinates":[132.45605124,34.4697429]},"properties":{"供用済面積":"1712","供用開始年":"1988","公園名":"相田第四公園","公園種別":"街区公園","所在地市区町村名":"広島市","所在地都道府県名":"広島県","管理市区町村":"広島市","管理都道府県・整備局":"広島県","都市計画決定":"0"}},{"type":"Feature","geometry":{"type":"Point","coordinates":[132.46204121,34.4578363]},"properties":{"供用済面積":"1184","供用開始年":"1976","公園名":"大町公園","公園種別":"街区公園","所在地市区町村名":"広島市","所在地都道府県名":"広島県","管理市区町村":"広島市","管理都道府県・整備局":"広島県","都市計画決定":"0"}},{"type":"Feature","geometry":{"type":"Point","coordinates":[132.463724839,34.45966778]},"properties":{"供用済面積":"758","供用開始年":"1979","公園名":"大町第一公園","公園種別":"街区公園","所在地市区町村名":"広島市","所在地都道府県名":"広島県","管理市区町村":"広島市","管理都道府県・整備局":"広島県","都市計画決定":"0"}},{"type":"Feature","geometry":{"type":"Point","coordinates":[132.48464223,34.47028706]},"properties":{"供用済面積":"3664","供用開始年":"1997","公園名":"川内第一公園","公園種別":"街区公園","所在地市区町村名":"広島市","所在地都道府県名":"広島県","管理市区町村":"広島市","管理都道府県・整備局":"広島県","都市計画決定":"0"}},{"type":"Feature","geometry":{"type":"Point","coordinates":[132.49049814,34.4740859]},"properties":{"供用済面積":"1422","供用開始年":"1991","公園名":"川内第二公園","公園種別":"街区公園","所在地市区町村名":"広島市","所在地都道府県名":"広島県","管理市区町村":"広島市","管理都道府県・整備局":"広島県","都市計画決定":"0"}},{"type":"Feature","geometry":{"type":"Point","coordinates":[132.48475859,34.46474896]},"properties":{"供用済面積":"1422","供用開始年":"1991","公園名":"川内第三公園","公園種別":"街区公園","所在地市区町村名":"広島市","所在地都道府県名":"広島県","管理市区町村":"広島市","管理都道府県・整備局":"広島県","都市計画決定":"0"}},{"type":"Feature","geometry":{"type":"Point","coordinates":[132.48528456,34.45783472]},"properties":{"供用済面積":"1357","供用開始年":"1995","公園名":"川内第四公園","公園種別":"街区公園","所在地市区町村名":"広島市","所在地都道府県名":"広島県","管理市区町村":"広島市","管理都道府県・整備局":"広島県","都市計画決定":"0"}},{"type":"Feature","geometry":{"type":"Point","coordinates":[132.48244153,34.46024785]},"properties":{"供用済面積":"1591","供用開始年":"1996","公園名":"川内第五公園","公園種別":"街区公園","所在地市区町村名":"広島市","所在地都道府県名":"広島県","管理市区町村":"広島市","管理都道府県・整備局":"広島県","都市計画決定":"0"}},{"type":"Feature","geometry":{"type":"Point","coordinates":[132.44309185,34.47743915]},"properties":{"供用済面積":"1123","供用開始年":"1990","公園名":"上安第一公園","公園種別":"街区公園","所在地市区町村名":"広島市","所在地都道府県名":"広島県","管理市区町村":"広島市","管理都道府県・整備局":"広島県","都市計画決定":"0"}},{"type":"Feature","geometry":{"type":"Point","coordinates":[132.44172225,34.48443821]},"properties":{"供用済面積":"1755","供用開始年":"1996","公園名":"上安第二公園","公園種別":"街区公園","所在地市区町村名":"広島市","所在地都道府県名":"広島県","管理市区町村":"広島市","管理都道府県・整備局":"広島県","都市計画決定":"0"}},{"type":"Feature","geometry":{"type":"Point","coordinates":[132.44065336,34.43697019]},"properties":{"供用済面積":"1281","供用開始年":"1976","公園名":"正田公園","公園種別":"街区公園","所在地市区町村名":"広島市","所在地都道府県名":"広島県","管理市区町村":"広島市","管理都道府県・整備局":"広島県","都市計画決定":"0"}},{"type":"Feature","geometry":{"type":"Point","coordinates":[132.420572781,34.47252242]},"properties":{"供用済面積":"1762","供用開始年":"1981","公園名":"瀬戸内第一公園","公園種別":"街区公園","所在地市区町村名":"広島市","所在地都道府県名":"広島県","管理市区町村":"広島市","管理都道府県・整備局":"広島県","都市計画決定":"0"}},{"type":"Feature","geometry":{"type":"Point","coordinates":[132.42183553,34.47354749]},"properties":{"供用済面積":"1917","供用開始年":"1981","公園名":"瀬戸内第二公園","公園種別":"街区公園","所在地市区町村名":"広島市","所在地都道府県名":"広島県","管理市区町村":"広島市","管理都道府県・整備局":"広島県","都市計画決定":"0"}},{"type":"Feature","geometry":{"type":"Point","coordinates":[132.42115559,34.47496025]},"properties":{"供用済面積":"1434","供用開始年":"1981","公園名":"瀬戸内第三公園","公園種別":"街区公園","所在地市区町村名":"広島市","所在地都道府県名":"広島県","管理市区町村":"広島市","管理都道府県・整備局":"広島県","都市計画決定":"0"}},{"type":"Feature","geometry":{"type":"Point","coordinates":[132.43632277,34.47586211]},"properties":{"供用済面積":"1989","供用開始年":"1977","公園名":"高取第一公園","公園種別":"街区公園","所在地市区町村名":"広島市","所在地都道府県名":"広島県","管理市区町村":"広島市","管理都道府県・整備局":"広島県","都市計画決定":"0"}},{"type":"Feature","geometry":{"type":"Point","coordinates":[132.43637336,34.47909339]},"properties":{"供用済面積":"1989","供用開始年":"1981","公園名":"高取第二公園","公園種別":"街区公園","所在地市区町村名":"広島市","所在地都道府県名":"広島県","管理市区町村":"広島市","管理都道府県・整備局":"広島県","都市計画決定":"0"}},{"type":"Feature","geometry":{"type":"Point","coordinates":[132.43789109,34.47043285]},"properties":{"供用済面積":"2309","供用開始年":"1987","公園名":"高取南第一公園","公園種別":"街区公園","所在地市区町村名":"広島市","所在地都道府県名":"広島県","管理市区町村":"広島市","管理都道府県・整備局":"広島県","都市計画決定":"0"}},{"type":"Feature","geometry":{"type":"Point","coordinates":[132.45111305,34.46517402]},"properties":{"供用済面積":"1947","供用開始年":"1978","公園名":"武田山公園","公園種別":"街区公園","所在地市区町村名":"広島市","所在地都道府県名":"広島県","管理市区町村":"広島市","管理都道府県・整備局":"広島県","都市計画決定":"0"}},{"type":"Feature","geometry":{"type":"Point","coordinates":[132.45254224,34.46562578]},"properties":{"供用済面積":"3222","供用開始年":"1977","公園名":"武田山第一公園","公園種別":"街区公園","所在地市区町村名":"広島市","所在地都道府県名":"広島県","管理市区町村":"広島市","管理都道府県・整備局":"広島県","都市計画決定":"0"}},{"type":"Feature","geometry":{"type":"Point","coordinates":[132.45424969,34.46263804]},"properties":{"供用済面積":"790","供用開始年":"1981","公園名":"武田山第二公園","公園種別":"街区公園","所在地市区町村名":"広島市","所在地都道府県名":"広島県","管理市区町村":"広島市","管理都道府県・整備局":"広島県","都市計画決定":"0"}},{"type":"Feature","geometry":{"type":"Point","coordinates":[132.45108118,34.46286966]},"properties":{"供用済面積":"790","供用開始年":"1981","公園名":"武田山第三公園","公園種別":"街区公園","所在地市区町村名":"広島市","所在地都道府県名":"広島県","管理市区町村":"広島市","管理都道府県・整備局":"広島県","都市計画決定":"0"}},{"type":"Feature","geometry":{"type":"Point","coordinates":[132.43016521,34.4718528]},"properties":{"供用済面積":"1640","供用開始年":"1981","公園名":"長楽寺公園","公園種別":"街区公園","所在地市区町村名":"広島市","所在地都道府県名":"広島県","管理市区町村":"広島市","管理都道府県・整備局":"広島県","都市計画決定":"0"}},{"type":"Feature","geometry":{"type":"Point","coordinates":[132.42279878,34.4763073]},"properties":{"供用済面積":"2460","供用開始年":"1988","公園名":"長楽寺第一公園","公園種別":"街区公園","所在地市区町村名":"広島市","所在地都道府県名":"広島県","管理市区町村":"広島市","管理都道府県・整備局":"広島県","都市計画決定":"0"}},{"type":"Feature","geometry":{"type":"Point","coordinates":[132.42592328,34.4737709]},"properties":{"供用済面積":"1374","供用開始年":"1987","公園名":"長楽寺第二公園","公園種別":"街区公園","所在地市区町村名":"広島市","所在地都道府県名":"広島県","管理市区町村":"広島市","管理都道府県・整備局":"広島県","都市計画決定":"0"}},{"type":"Feature","geometry":{"type":"Point","coordinates":[132.46878398,34.45583873]},"properties":{"供用済面積":"1479","供用開始年":"1984","公園名":"中須第一公園","公園種別":"街区公園","所在地市区町村名":"広島市","所在地都道府県名":"広島県","管理市区町村":"広島市","管理都道府県・整備局":"広島県","都市計画決定":"0"}},{"type":"Feature","geometry":{"type":"Point","coordinates":[132.47994992,34.45161113]},"properties":{"供用済面積":"1049","供用開始年":"1989","公園名":"中筋第一公園","公園種別":"街区公園","所在地市区町村名":"広島市","所在地都道府県名":"広島県","管理市区町村":"広島市","管理都道府県・整備局":"広島県","都市計画決定":"0"}},{"type":"Feature","geometry":{"type":"Point","coordinates":[132.45682224,34.43111382]},"properties":{"供用済面積":"1248","供用開始年":"1982","公園名":"長束第一公園","公園種別":"街区公園","所在地市区町村名":"広島市","所在地都道府県名":"広島県","管理市区町村":"広島市","管理都道府県・整備局":"広島県","都市計画決定":"0"}},{"type":"Feature","geometry":{"type":"Point","coordinates":[132.4444744,34.42796994]},"properties":{"供用済面積":"714","供用開始年":"1984","公園名":"長束西第三公園","公園種別":"街区公園","所在地市区町村名":"広島市","所在地都道府県名":"広島県","管理市区町村":"広島市","管理都道府県・整備局":"広島県","都市計画決定":"0"}},{"type":"Feature","geometry":{"type":"Point","coordinates":[132.46133698,34.43122388]},"properties":{"供用済面積":"1420","供用開始年":"1988","公園名":"長束第四公園","公園種別":"街区公園","所在地市区町村名":"広島市","所在地都道府県名":"広島県","管理市区町村":"広島市","管理都道府県・整備局":"広島県","都市計画決定":"0"}},{"type":"Feature","geometry":{"type":"Point","coordinates":[132.50458784,34.48563676]},"properties":{"供用済面積":"2917","供用開始年":"1980","公園名":"中八木公園","公園種別":"街区公園","所在地市区町村名":"広島市","所在地都道府県名":"広島県","管理市区町村":"広島市","管理都道府県・整備局":"広島県","都市計画決定":"0"}},{"type":"Feature","geometry":{"type":"Point","coordinates":[132.45498326,34.47332613]},"properties":{"供用済面積":"547","供用開始年":"1980","公園名":"南部山公園","公園種別":"街区公園","所在地市区町村名":"広島市","所在地都道府県名":"広島県","管理市区町村":"広島市","管理都道府県・整備局":"広島県","都市計画決定":"0"}},{"type":"Feature","geometry":{"type":"Point","coordinates":[132.47390429,34.4372474]},"properties":{"供用済面積":"1500","供用開始年":"1976","公園名":"西原公園","公園種別":"街区公園","所在地市区町村名":"広島市","所在地都道府県名":"広島県","管理市区町村":"広島市","管理都道府県・整備局":"広島県","都市計画決定":"0"}},{"type":"Feature","geometry":{"type":"Point","coordinates":[132.47074236,34.44620035]},"properties":{"供用済面積":"1103","供用開始年":"1998","公園名":"西原第一公園","公園種別":"街区公園","所在地市区町村名":"広島市","所在地都道府県名":"広島県","管理市区町村":"広島市","管理都道府県・整備局":"広島県","都市計画決定":"0"}},{"type":"Feature","geometry":{"type":"Point","coordinates":[132.41765975,34.46599539]},"properties":{"供用済面積":"1636","供用開始年":"1978","公園名":"沼田第二公園","公園種別":"街区公園","所在地市区町村名":"広島市","所在地都道府県名":"広島県","管理市区町村":"広島市","管理都道府県・整備局":"広島県","都市計画決定":"0"}},{"type":"Feature","geometry":{"type":"Point","coordinates":[132.41473822,34.45984281]},"properties":{"供用済面積":"2748","供用開始年":"1976","公園名":"沼田大原台公園","公園種別":"街区公園","所在地市区町村名":"広島市","所在地都道府県名":"広島県","管理市区町村":"広島市","管理都道府県・整備局":"広島県","都市計画決定":"0"}},{"type":"Feature","geometry":{"type":"Point","coordinates":[132.41325525,34.46122665]},"properties":{"供用済面積":"1273","供用開始年":"1976","公園名":"沼田大原台第一公園","公園種別":"街区公園","所在地市区町村名":"広島市","所在地都道府県名":"広島県","管理市区町村":"広島市","管理都道府県・整備局":"広島県","都市計画決定":"0"}},{"type":"Feature","geometry":{"type":"Point","coordinates":[132.41569014,34.45728171]},"properties":{"供用済面積":"1597","供用開始年":"1979","公園名":"沼田大原台第二公園","公園種別":"街区公園","所在地市区町村名":"広島市","所在地都道府県名":"広島県","管理市区町村":"広島市","管理都道府県・整備局":"広島県","都市計画決定":"0"}},{"type":"Feature","geometry":{"type":"Point","coordinates":[132.41700207,34.45675497]},"properties":{"供用済面積":"1712","供用開始年":"1976","公園名":"沼田大原台第三公園","公園種別":"街区公園","所在地市区町村名":"広島市","所在地都道府県名":"広島県","管理市区町村":"広島市","管理都道府県・整備局":"広島県","都市計画決定":"0"}},{"type":"Feature","geometry":{"type":"Point","coordinates":[132.47754432,34.44547959]},"properties":{"供用済面積":"1713","供用開始年":"1994","公園名":"東原第一公園","公園種別":"街区公園","所在地市区町村名":"広島市","所在地都道府県名":"広島県","管理市区町村":"広島市","管理都道府県・整備局":"広島県","都市計画決定":"0"}},{"type":"Feature","geometry":{"type":"Point","coordinates":[132.465552629,34.48262988]},"properties":{"供用済面積":"3193","供用開始年":"1981","公園名":"毘沙門台北第一公園","公園種別":"街区公園","所在地市区町村名":"広島市","所在地都道府県名":"広島県","管理市区町村":"広島市","管理都道府県・整備局":"広島県","都市計画決定":"0"}},{"type":"Feature","geometry":{"type":"Point","coordinates":[132.46129449,34.48483148]},"properties":{"供用済面積":"3615","供用開始年":"1981","公園名":"毘沙門台北第二公園","公園種別":"街区公園","所在地市区町村名":"広島市","所在地都道府県名":"広島県","管理市区町村":"広島市","管理都道府県・整備局":"広島県","都市計画決定":"0"}},{"type":"Feature","geometry":{"type":"Point","coordinates":[132.46275151,34.47734879]},"properties":{"供用済面積":"1500","供用開始年":"1985","公園名":"毘沙門台中第一公園","公園種別":"街区公園","所在地市区町村名":"広島市","所在地都道府県名":"広島県","管理市区町村":"広島市","管理都道府県・整備局":"広島県","都市計画決定":"0"}},{"type":"Feature","geometry":{"type":"Point","coordinates":[132.46448172,34.47600174]},"properties":{"供用済面積":"1710","供用開始年":"1982","公園名":"毘沙門台中第二公園","公園種別":"街区公園","所在地市区町村名":"広島市","所在地都道府県名":"広島県","管理市区町村":"広島市","管理都道府県・整備局":"広島県","都市計画決定":"0"}},{"type":"Feature","geometry":{"type":"Point","coordinates":[132.46134508,34.47587032]},"properties":{"供用済面積":"1743","供用開始年":"1983","公園名":"毘沙門台中第三公園","公園種別":"街区公園","所在地市区町村名":"広島市","所在地都道府県名":"広島県","管理市区町村":"広島市","管理都道府県・整備局":"広島県","都市計画決定":"0"}},{"type":"Feature","geometry":{"type":"Point","coordinates":[132.46064692,34.47766913]},"properties":{"供用済面積":"1656","供用開始年":"1983","公園名":"毘沙門台中第四公園","公園種別":"街区公園","所在地市区町村名":"広島市","所在地都道府県名":"広島県","管理市区町村":"広島市","管理都道府県・整備局":"広島県","都市計画決定":"0"}},{"type":"Feature","geometry":{"type":"Point","coordinates":[132.46573,34.46956]},"properties":{"供用済面積":"2040","供用開始年":"1982","公園名":"毘沙門台南第一公園","公園種別":"街区公園","所在地市区町村名":"広島市","所在地都道府県名":"広島県","管理市区町村":"広島市","管理都道府県・整備局":"広島県","都市計画決定":"0"}},{"type":"Feature","geometry":{"type":"Point","coordinates":[132.46461326,34.47051498]},"properties":{"供用済面積":"1546","供用開始年":"1982","公園名":"毘沙門台南第二公園","公園種別":"街区公園","所在地市区町村名":"広島市","所在地都道府県名":"広島県","管理市区町村":"広島市","管理都道府県・整備局":"広島県","都市計画決定":"0"}},{"type":"Feature","geometry":{"type":"Point","coordinates":[132.4654733,34.47299553]},"properties":{"供用済面積":"2521","供用開始年":"1982","公園名":"毘沙門台南第三公園","公園種別":"街区公園","所在地市区町村名":"広島市","所在地都道府県名":"広島県","管理市区町村":"広島市","管理都道府県・整備局":"広島県","都市計画決定":"0"}},{"type":"Feature","geometry":{"type":"Point","coordinates":[132.46344028,34.47335062]},"properties":{"供用済面積":"1632","供用開始年":"1982","公園名":"毘沙門台南第四公園","公園種別":"街区公園","所在地市区町村名":"広島市","所在地都道府県名":"広島県","管理市区町村":"広島市","管理都道府県・整備局":"広島県","都市計画決定":"0"}},{"type":"Feature","geometry":{"type":"Point","coordinates":[132.46625848,34.47562391]},"properties":{"供用済面積":"1121","供用開始年":"1986","公園名":"毘沙門台南第五公園","公園種別":"街区公園","所在地市区町村名":"広島市","所在地都道府県名":"広島県","管理市区町村":"広島市","管理都道府県・整備局":"広島県","都市計画決定":"0"}},{"type":"Feature","geometry":{"type":"Point","coordinates":[132.47275355,34.4535494]},"properties":{"供用済面積":"747","供用開始年":"1985","公園名":"古市第一公園","公園種別":"街区公園","所在地市区町村名":"広島市","所在地都道府県名":"広島県","管理市区町村":"広島市","管理都道府県・整備局":"広島県","都市計画決定":"0"}},{"type":"Feature","geometry":{"type":"Point","coordinates":[132.47103427,34.44951088]},"properties":{"供用済面積":"1343","供用開始年":"1986","公園名":"古市第二公園","公園種別":"街区公園","所在地市区町村名":"広島市","所在地都道府県名":"広島県","管理市区町村":"広島市","管理都道府県・整備局":"広島県","都市計画決定":"0"}},{"type":"Feature","geometry":{"type":"Point","coordinates":[132.43511871,34.46840406]},"properties":{"供用済面積":"7273","供用開始年":"1981","公園名":"平和台公園","公園種別":"街区公園","所在地市区町村名":"広島市","所在地都道府県名":"広島県","管理市区町村":"広島市","管理都道府県・整備局":"広島県","都市計画決定":"0"}},{"type":"Feature","geometry":{"type":"Point","coordinates":[132.43429913,34.47049856]},"properties":{"供用済面積":"1329","供用開始年":"1982","公園名":"平和台第一公園","公園種別":"街区公園","所在地市区町村名":"広島市","所在地都道府県名":"広島県","管理市区町村":"広島市","管理都道府県・整備局":"広島県","都市計画決定":"0"}},{"type":"Feature","geometry":{"type":"Point","coordinates":[132.43352408,34.46599744]},"properties":{"供用済面積":"2269","供用開始年":"1982","公園名":"平和台第二公園","公園種別":"街区公園","所在地市区町村名":"広島市","所在地都道府県名":"広島県","管理市区町村":"広島市","管理都道府県・整備局":"広島県","都市計画決定":"0"}},{"type":"Feature","geometry":{"type":"Point","coordinates":[132.43579055,34.46491323]},"properties":{"供用済面積":"581","供用開始年":"1981","公園名":"平和台第三公園","公園種別":"街区公園","所在地市区町村名":"広島市","所在地都道府県名":"広島県","管理市区町村":"広島市","管理都道府県・整備局":"広島県","都市計画決定":"0"}},{"type":"Feature","geometry":{"type":"Point","coordinates":[132.42864306,34.46614529]},"properties":{"供用済面積":"1075","供用開始年":"1988","公園名":"平和台第四公園","公園種別":"街区公園","所在地市区町村名":"広島市","所在地都道府県名":"広島県","管理市区町村":"広島市","管理都道府県・整備局":"広島県","都市計画決定":"0"}},{"type":"Feature","geometry":{"type":"Point","coordinates":[132.50057132,34.48886441]},"properties":{"供用済面積":"4851","供用開始年":"1977","公園名":"別所公園","公園種別":"街区公園","所在地市区町村名":"広島市","所在地都道府県名":"広島県","管理市区町村":"広島市","管理都道府県・整備局":"広島県","都市計画決定":"0"}},{"type":"Feature","geometry":{"type":"Point","coordinates":[132.50452308,34.48967921]},"properties":{"供用済面積":"983","供用開始年":"1980","公園名":"細田山公園","公園種別":"街区公園","所在地市区町村名":"広島市","所在地都道府県名":"広島県","管理市区町村":"広島市","管理都道府県・整備局":"広島県","都市計画決定":"0"}},{"type":"Feature","geometry":{"type":"Point","coordinates":[132.45122688,34.47128707]},"properties":{"供用済面積":"1498","供用開始年":"1976","公園名":"松ヶ丘公園","公園種別":"街区公園","所在地市区町村名":"広島市","所在地都道府県名":"広島県","管理市区町村":"広島市","管理都道府県・整備局":"広島県","都市計画決定":"0"}},{"type":"Feature","geometry":{"type":"Point","coordinates":[132.46879207,34.46701594]},"properties":{"供用済面積":"2646","供用開始年":"1979","公園名":"緑井公園","公園種別":"街区公園","所在地市区町村名":"広島市","所在地都道府県名":"広島県","管理市区町村":"広島市","管理都道府県・整備局":"広島県","都市計画決定":"0"}},{"type":"Feature","geometry":{"type":"Point","coordinates":[132.473183369,34.46731985]},"properties":{"供用済面積":"2434","供用開始年":"1980","公園名":"緑井第一公園","公園種別":"街区公園","所在地市区町村名":"広島市","所在地都道府県名":"広島県","管理市区町村":"広島市","管理都道府県・整備局":"広島県","都市計画決定":"0"}},{"type":"Feature","geometry":{"type":"Point","coordinates":[132.47315808,34.46494814]},"properties":{"供用済面積":"1873","供用開始年":"1978","公園名":"緑井第二公園","公園種別":"街区公園","所在地市区町村名":"広島市","所在地都道府県名":"広島県","管理市区町村":"広島市","管理都道府県・整備局":"広島県","都市計画決定":"0"}},{"type":"Feature","geometry":{"type":"Point","coordinates":[132.48048283,34.47102647]},"properties":{"供用済面積":"948","供用開始年":"1985","公園名":"緑井第三公園","公園種別":"街区公園","所在地市区町村名":"広島市","所在地都道府県名":"広島県","管理市区町村":"広島市","管理都道府県・整備局":"広島県","都市計画決定":"0"}},{"type":"Feature","geometry":{"type":"Point","coordinates":[132.47474158,34.46194808]},"properties":{"供用済面積":"1093","供用開始年":"1990","公園名":"緑井第四公園","公園種別":"街区公園","所在地市区町村名":"広島市","所在地都道府県名":"広島県","管理市区町村":"広島市","管理都道府県・整備局":"広島県","都市計画決定":"0"}},{"type":"Feature","geometry":{"type":"Point","coordinates":[132.487215289,34.4754005]},"properties":{"供用済面積":"2200","供用開始年":"2000","公園名":"緑井第六公園","公園種別":"街区公園","所在地市区町村名":"広島市","所在地都道府県名":"広島県","管理市区町村":"広島市","管理都道府県・整備局":"広島県","都市計画決定":"0"}},{"type":"Feature","geometry":{"type":"Point","coordinates":[132.46474479,34.43997641]},"properties":{"供用済面積":"2471","供用開始年":"1983","公園名":"南下安第一公園","公園種別":"街区公園","所在地市区町村名":"広島市","所在地都道府県名":"広島県","管理市区町村":"広島市","管理都道府県・整備局":"広島県","都市計画決定":"0"}},{"type":"Feature","geometry":{"type":"Point","coordinates":[132.44053397,34.48087411]},"properties":{"供用済面積":"1603","供用開始年":"1976","公園名":"向ヶ丘公園","公園種別":"街区公園","所在地市区町村名":"広島市","所在地都道府県名":"広島県","管理市区町村":"広島市","管理都道府県・整備局":"広島県","都市計画決定":"0"}},{"type":"Feature","geometry":{"type":"Point","coordinates":[132.49481103,34.47758699]},"properties":{"供用済面積":"3200","供用開始年":"2000","公園名":"八木第一公園","公園種別":"街区公園","所在地市区町村名":"広島市","所在地都道府県名":"広島県","管理市区町村":"広島市","管理都道府県・整備局":"広島県","都市計画決定":"0"}},{"type":"Feature","geometry":{"type":"Point","coordinates":[132.50345298,34.4914468]},"properties":{"供用済面積":"1014","供用開始年":"1993","公園名":"八木第二公園","公園種別":"街区公園","所在地市区町村名":"広島市","所在地都道府県名":"広島県","管理市区町村":"広島市","管理都道府県・整備局":"広島県","都市計画決定":"0"}},{"type":"Feature","geometry":{"type":"Point","coordinates":[132.45848,34.47278]},"properties":{"供用済面積":"1270","供用開始年":"1991","公園名":"安東第一公園","公園種別":"街区公園","所在地市区町村名":"広島市","所在地都道府県名":"広島県","管理市区町村":"広島市","管理都道府県・整備局":"広島県","都市計画決定":"0"}},{"type":"Feature","geometry":{"type":"Point","coordinates":[132.457024611,34.47947614]},"properties":{"供用済面積":"2500","供用開始年":"9999","公園名":"安東下第二公園","公園種別":"街区公園","所在地市区町村名":"広島市","所在地都道府県名":"広島県","管理市区町村":"広島市","管理都道府県・整備局":"広島県","都市計画決定":"0"}},{"type":"Feature","geometry":{"type":"Point","coordinates":[132.44302385,34.43104514]},"properties":{"供用済面積":"808","供用開始年":"1983","公園名":"竜王団地公園","公園種別":"街区公園","所在地市区町村名":"広島市","所在地都道府県名":"広島県","管理市区町村":"広島市","管理都道府県・整備局":"広島県","都市計画決定":"0"}},{"type":"Feature","geometry":{"type":"Point","coordinates":[132.44677487,34.47072032]},"properties":{"供用済面積":"252","供用開始年":"1981","公園名":"相田第一公園","公園種別":"街区公園","所在地市区町村名":"広島市","所在地都道府県名":"広島県","管理市区町村":"広島市","管理都道府県・整備局":"広島県","都市計画決定":"0"}},{"type":"Feature","geometry":{"type":"Point","coordinates":[132.45546033,34.47063655]},"properties":{"供用済面積":"305","供用開始年":"1990","公園名":"相田第五公園","公園種別":"街区公園","所在地市区町村名":"広島市","所在地都道府県名":"広島県","管理市区町村":"広島市","管理都道府県・整備局":"広島県","都市計画決定":"0"}},{"type":"Feature","geometry":{"type":"Point","coordinates":[132.44125438,34.46603687]},"properties":{"供用済面積":"757","供用開始年":"1997","公園名":"相田第六公園","公園種別":"街区公園","所在地市区町村名":"広島市","所在地都道府県名":"広島県","管理市区町村":"広島市","管理都道府県・整備局":"広島県","都市計画決定":"0"}},{"type":"Feature","geometry":{"type":"Point","coordinates":[132.44140494,34.46877302]},"properties":{"供用済面積":"5150","供用開始年":"1998","公園名":"相田第七公園","公園種別":"街区公園","所在地市区町村名":"広島市","所在地都道府県名":"広島県","管理市区町村":"広島市","管理都道府県・整備局":"広島県","都市計画決定":"0"}},{"type":"Feature","geometry":{"type":"Point","coordinates":[132.44838367,34.46958683]},"properties":{"供用済面積":"1200","供用開始年":"2000","公園名":"相田第八公園","公園種別":"街区公園","所在地市区町村名":"広島市","所在地都道府県名":"広島県","管理市区町村":"広島市","管理都道府県・整備局":"広島県","都市計画決定":"0"}},{"type":"Feature","geometry":{"type":"Point","coordinates":[132.446621081,34.4675679]},"properties":{"供用済面積":"451","供用開始年":"2003","公園名":"あさおか台第一公園","公園種別":"街区公園","所在地市区町村名":"広島市","所在地都道府県名":"広島県","管理市区町村":"広島市","管理都道府県・整備局":"広島県","都市計画決定":"0"}},{"type":"Feature","geometry":{"type":"Point","coordinates":[132.38837232,34.44992856]},"properties":{"供用済面積":"6882","供用開始年":"1999","公園名":"Ａシティ第一公園","公園種別":"街区公園","所在地市区町村名":"広島市","所在地都道府県名":"広島県","管理市区町村":"広島市","管理都道府県・整備局":"広島県","都市計画決定":"0"}},{"type":"Feature","geometry":{"type":"Point","coordinates":[132.39312066,34.45183906]},"properties":{"供用済面積":"10062","供用開始年":"1999","公園名":"Ａシティ第二公園","公園種別":"街区公園","所在地市区町村名":"広島市","所在地都道府県名":"広島県","管理市区町村":"広島市","管理都道府県・整備局":"広島県","都市計画決定":"0"}},{"type":"Feature","geometry":{"type":"Point","coordinates":[132.38907882,34.45501414]},"properties":{"供用済面積":"2543","供用開始年":"1999","公園名":"Ａシティ第三公園","公園種別":"街区公園","所在地市区町村名":"広島市","所在地都道府県名":"広島県","管理市区町村":"広島市","管理都道府県・整備局":"広島県","都市計画決定":"0"}},{"type":"Feature","geometry":{"type":"Point","coordinates":[132.39419355,34.45573483]},"properties":{"供用済面積":"2295","供用開始年":"1999","公園名":"Ａシティ第四公園","公園種別":"街区公園","所在地市区町村名":"広島市","所在地都道府県名":"広島県","管理市区町村":"広島市","管理都道府県・整備局":"広島県","都市計画決定":"0"}},{"type":"Feature","geometry":{"type":"Point","coordinates":[132.39889879,34.43438845]},"properties":{"供用済面積":"1014","供用開始年":"2002","公園名":"大塚西第一公園","公園種別":"街区公園","所在地市区町村名":"広島市","所在地都道府県名":"広島県","管理市区町村":"広島市","管理都道府県・整備局":"広島県","都市計画決定":"0"}},{"type":"Feature","geometry":{"type":"Point","coordinates":[132.39710503,34.43561328]},"properties":{"供用済面積":"778","供用開始年":"2002","公園名":"大塚西第二公園","公園種別":"街区公園","所在地市区町村名":"広島市","所在地都道府県名":"広島県","管理市区町村":"広島市","管理都道府県・整備局":"広島県","都市計画決定":"0"}},{"type":"Feature","geometry":{"type":"Point","coordinates":[132.39727664,34.44529889]},"properties":{"供用済面積":"4309","供用開始年":"1979","公園名":"大塚公園","公園種別":"街区公園","所在地市区町村名":"広島市","所在地都道府県名":"広島県","管理市区町村":"広島市","管理都道府県・整備局":"広島県","都市計画決定":"0"}},{"type":"Feature","geometry":{"type":"Point","coordinates":[132.46020531,34.45832521]},"properties":{"供用済面積":"164","供用開始年":"1988","公園名":"大町第三公園","公園種別":"街区公園","所在地市区町村名":"広島市","所在地都道府県名":"広島県","管理市区町村":"広島市","管理都道府県・整備局":"広島県","都市計画決定":"0"}},{"type":"Feature","geometry":{"type":"Point","coordinates":[132.46547941,34.46007253]},"properties":{"供用済面積":"158","供用開始年":"1996","公園名":"大町第四公園","公園種別":"街区公園","所在地市区町村名":"広島市","所在地都道府県名":"広島県","管理市区町村":"広島市","管理都道府県・整備局":"広島県","都市計画決定":"0"}},{"type":"Feature","geometry":{"type":"Point","coordinates":[132.46404664,34.46872439]},"properties":{"供用済面積":"954","供用開始年":"1993","公園名":"大町東第一公園","公園種別":"街区公園","所在地市区町村名":"広島市","所在地都道府県名":"広島県","管理市区町村":"広島市","管理都道府県・整備局":"広島県","都市計画決定":"0"}},{"type":"Feature","geometry":{"type":"Point","coordinates":[132.46731482,34.46177559]},"properties":{"供用済面積":"1407","供用開始年":"1997","公園名":"大町東第二公園","公園種別":"街区公園","所在地市区町村名":"広島市","所在地都道府県名":"広島県","管理市区町村":"広島市","管理都道府県・整備局":"広島県","都市計画決定":"0"}},{"type":"Feature","geometry":{"type":"Point","coordinates":[132.43475575,34.44249545]},"properties":{"供用済面積":"1461","供用開始年":"2009","公園名":"春日野第三公園","公園種別":"街区公園","所在地市区町村名":"広島市","所在地都道府県名":"広島県","管理市区町村":"広島市","管理都道府県・整備局":"広島県","都市計画決定":"0"}},{"type":"Feature","geometry":{"type":"Point","coordinates":[132.44549998,34.47658491]},"properties":{"供用済面積":"293","供用開始年":"1997","公園名":"上安第三公園","公園種別":"街区公園","所在地市区町村名":"広島市","所在地都道府県名":"広島県","管理市区町村":"広島市","管理都道府県・整備局":"広島県","都市計画決定":"0"}},{"type":"Feature","geometry":{"type":"Point","coordinates":[132.48585379,34.46272772]},"properties":{"供用済面積":"1086","供用開始年":"1998","公園名":"川内第六公園","公園種別":"街区公園","所在地市区町村名":"広島市","所在地都道府県名":"広島県","管理市区町村":"広島市","管理都道府県・整備局":"広島県","都市計画決定":"0"}},{"type":"Feature","geometry":{"type":"Point","coordinates":[132.45890659,34.44959466]},"properties":{"供用済面積":"891","供用開始年":"1995","公園名":"祇園第一公園","公園種別":"街区公園","所在地市区町村名":"広島市","所在地都道府県名":"広島県","管理市区町村":"広島市","管理都道府県・整備局":"広島県","都市計画決定":"0"}},{"type":"Feature","geometry":{"type":"Point","coordinates":[132.45923,34.44109]},"properties":{"供用済面積":"2525","供用開始年":"1995","公園名":"祇園第二公園","公園種別":"街区公園","所在地市区町村名":"広島市","所在地都道府県名":"広島県","管理市区町村":"広島市","管理都道府県・整備局":"広島県","都市計画決定":"0"}},{"type":"Feature","geometry":{"type":"Point","coordinates":[132.44938132,34.43192696]},"properties":{"供用済面積":"315","供用開始年":"1988","公園名":"祇園ヶ丘第一公園","公園種別":"街区公園","所在地市区町村名":"広島市","所在地都道府県名":"広島県","管理市区町村":"広島市","管理都道府県・整備局":"広島県","都市計画決定":"0"}},{"type":"Feature","geometry":{"type":"Point","coordinates":[132.45352371,34.43156556]},"properties":{"供用済面積":"503","供用開始年":"1976","公園名":"沓水公園","公園種別":"街区公園","所在地市区町村名":"広島市","所在地都道府県名":"広島県","管理市区町村":"広島市","管理都道府県・整備局":"広島県","都市計画決定":"0"}},{"type":"Feature","geometry":{"type":"Point","coordinates":[132.46258355,34.48827959]},"properties":{"供用済面積":"1580","供用開始年":"1988","公園名":"グリーンハイツ公園","公園種別":"街区公園","所在地市区町村名":"広島市","所在地都道府県名":"広島県","管理市区町村":"広島市","管理都道府県・整備局":"広島県","都市計画決定":"0"}},{"type":"Feature","geometry":{"type":"Point","coordinates":[132.37882104,34.45054745]},"properties":{"供用済面積":"1710","供用開始年":"2003","公園名":"こころ第一公園","公園種別":"街区公園","所在地市区町村名":"広島市","所在地都道府県名":"広島県","管理市区町村":"広島市","管理都道府県・整備局":"広島県","都市計画決定":"0"}},{"type":"Feature","geometry":{"type":"Point","coordinates":[132.3811009,34.44891595]},"properties":{"供用済面積":"5789","供用開始年":"2000","公園名":"こころ第二公園","公園種別":"街区公園","所在地市区町村名":"広島市","所在地都道府県名":"広島県","管理市区町村":"広島市","管理都道府県・整備局":"広島県","都市計画決定":"0"}},{"type":"Feature","geometry":{"type":"Point","coordinates":[132.380840451,34.44670964]},"properties":{"供用済面積":"3113","供用開始年":"2000","公園名":"こころ第三公園","公園種別":"街区公園","所在地市区町村名":"広島市","所在地都道府県名":"広島県","管理市区町村":"広島市","管理都道府県・整備局":"広島県","都市計画決定":"0"}},{"type":"Feature","geometry":{"type":"Point","coordinates":[132.37755393,34.44862544]},"properties":{"供用済面積":"4410","供用開始年":"2009","公園名":"こころ第六公園","公園種別":"街区公園","所在地市区町村名":"広島市","所在地都道府県名":"広島県","管理市区町村":"広島市","管理都道府県・整備局":"広島県","都市計画決定":"0"}},{"type":"Feature","geometry":{"type":"Point","coordinates":[132.37621661,34.44679488]},"properties":{"供用済面積":"7350","供用開始年":"2009","公園名":"こころ第七公園","公園種別":"街区公園","所在地市区町村名":"広島市","所在地都道府県名":"広島県","管理市区町村":"広島市","管理都道府県・整備局":"広島県","都市計画決定":"0"}},{"type":"Feature","geometry":{"type":"Point","coordinates":[132.445,34.48001415]},"properties":{"供用済面積":"1873","供用開始年":"1979","公園名":"サンハイツ第一公園","公園種別":"街区公園","所在地市区町村名":"広島市","所在地都道府県名":"広島県","管理市区町村":"広島市","管理都道府県・整備局":"広島県","都市計画決定":"0"}},{"type":"Feature","geometry":{"type":"Point","coordinates":[132.44636193,34.48045799]},"properties":{"供用済面積":"1813","供用開始年":"1979","公園名":"サンハイツ第二公園","公園種別":"街区公園","所在地市区町村名":"広島市","所在地都道府県名":"広島県","管理市区町村":"広島市","管理都道府県・整備局":"広島県","都市計画決定":"0"}},{"type":"Feature","geometry":{"type":"Point","coordinates":[132.4473958,34.4792233]},"properties":{"供用済面積":"340","供用開始年":"1979","公園名":"サンハイツ第三公園","公園種別":"街区公園","所在地市区町村名":"広島市","所在地都道府県名":"広島県","管理市区町村":"広島市","管理都道府県・整備局":"広島県","都市計画決定":"0"}},{"type":"Feature","geometry":{"type":"Point","coordinates":[132.44756224,34.47739614]},"properties":{"供用済面積":"583","供用開始年":"1979","公園名":"サンハイツ第四公園","公園種別":"街区公園","所在地市区町村名":"広島市","所在地都道府県名":"広島県","管理市区町村":"広島市","管理都道府県・整備局":"広島県","都市計画決定":"0"}},{"type":"Feature","geometry":{"type":"Point","coordinates":[132.44537259,34.47888049]},"properties":{"供用済面積":"254","供用開始年":"1979","公園名":"サンハイツ第五公園","公園種別":"街区公園","所在地市区町村名":"広島市","所在地都道府県名":"広島県","管理市区町村":"広島市","管理都道府県・整備局":"広島県","都市計画決定":"0"}},{"type":"Feature","geometry":{"type":"Point","coordinates":[132.3988466,34.4496906]},"properties":{"供用済面積":"1344","供用開始年":"1994","公園名":"下城ハイツ第一公園","公園種別":"街区公園","所在地市区町村名":"広島市","所在地都道府県名":"広島県","管理市区町村":"広島市","管理都道府県・整備局":"広島県","都市計画決定":"0"}},{"type":"Feature","geometry":{"type":"Point","coordinates":[132.39807129,34.44997403]},"properties":{"供用済面積":"698","供用開始年":"1994","公園名":"下城ハイツ第二公園","公園種別":"街区公園","所在地市区町村名":"広島市","所在地都道府県名":"広島県","管理市区町村":"広島市","管理都道府県・整備局":"広島県","都市計画決定":"0"}},{"type":"Feature","geometry":{"type":"Point","coordinates":[132.39958435,34.45346976]},"properties":{"供用済面積":"496","供用開始年":"1994","公園名":"下城ハイツ第三公園","公園種別":"街区公園","所在地市区町村名":"広島市","所在地都道府県名":"広島県","管理市区町村":"広島市","管理都道府県・整備局":"広島県","都市計画決定":"0"}},{"type":"Feature","geometry":{"type":"Point","coordinates":[132.4504815,34.43406603]},"properties":{"供用済面積":"1220","供用開始年":"1992","公園名":"神山公園","公園種別":"街区公園","所在地市区町村名":"広島市","所在地都道府県名":"広島県","管理市区町村":"広島市","管理都道府県・整備局":"広島県","都市計画決定":"0"}},{"type":"Feature","geometry":{"type":"Point","coordinates":[132.43812278,34.47912323]},"properties":{"供用済面積":"1116","供用開始年":"1981","公園名":"高取第三公園","公園種別":"街区公園","所在地市区町村名":"広島市","所在地都道府県名":"広島県","管理市区町村":"広島市","管理都道府県・整備局":"広島県","都市計画決定":"0"}},{"type":"Feature","geometry":{"type":"Point","coordinates":[132.44013883,34.47081445]},"properties":{"供用済面積":"1331","供用開始年":"1987","公園名":"高取第四公園","公園種別":"街区公園","所在地市区町村名":"広島市","所在地都道府県名":"広島県","管理市区町村":"広島市","管理都道府県・整備局":"広島県","都市計画決定":"0"}},{"type":"Feature","geometry":{"type":"Point","coordinates":[132.44789842,34.46430249]},"properties":{"供用済面積":"553","供用開始年":"1988","公園名":"武田山第四公園","公園種別":"街区公園","所在地市区町村名":"広島市","所在地都道府県名":"広島県","管理市区町村":"広島市","管理都道府県・整備局":"広島県","都市計画決定":"0"}},{"type":"Feature","geometry":{"type":"Point","coordinates":[132.428639811,34.47612251]},"properties":{"供用済面積":"1784","供用開始年":"2001","公園名":"長楽寺第三公園","公園種別":"街区公園","所在地市区町村名":"広島市","所在地都道府県名":"広島県","管理市区町村":"広島市","管理都道府県・整備局":"広島県","都市計画決定":"0"}},{"type":"Feature","geometry":{"type":"Point","coordinates":[132.42660906,34.47888436]},"properties":{"供用済面積":"4671","供用開始年":"2001","公園名":"長楽寺第四公園","公園種別":"街区公園","所在地市区町村名":"広島市","所在地都道府県名":"広島県","管理市区町村":"広島市","管理都道府県・整備局":"広島県","都市計画決定":"0"}},{"type":"Feature","geometry":{"type":"Point","coordinates":[132.40856207,34.4569794]},"properties":{"供用済面積":"1500","供用開始年":"1983","公園名":"伴第一公園","公園種別":"街区公園","所在地市区町村名":"広島市","所在地都道府県名":"広島県","管理市区町村":"広島市","管理都道府県・整備局":"広島県","都市計画決定":"0"}},{"type":"Feature","geometry":{"type":"Point","coordinates":[132.41504761,34.46179229]},"properties":{"供用済面積":"2499","供用開始年":"1996","公園名":"伴第三公園","公園種別":"街区公園","所在地市区町村名":"広島市","所在地都道府県名":"広島県","管理市区町村":"広島市","管理都道府県・整備局":"広島県","都市計画決定":"0"}},{"type":"Feature","geometry":{"type":"Point","coordinates":[132.4076125,34.45703053]},"properties":{"供用済面積":"1197","供用開始年":"2003","公園名":"伴第四公園","公園種別":"街区公園","所在地市区町村名":"広島市","所在地都道府県名":"広島県","管理市区町村":"広島市","管理都道府県・整備局":"広島県","都市計画決定":"0"}},{"type":"Feature","geometry":{"type":"Point","coordinates":[132.42465862,34.4603042]},"properties":{"供用済面積":"2285","供用開始年":"1997","公園名":"伴東丘の上公園","公園種別":"街区公園","所在地市区町村名":"広島市","所在地都道府県名":"広島県","管理市区町村":"広島市","管理都道府県・整備局":"広島県","都市計画決定":"0"}},{"type":"Feature","geometry":{"type":"Point","coordinates":[132.45187325,34.42856687]},"properties":{"供用済面積":"753","供用開始年":"1988","公園名":"長束西第四公園","公園種別":"街区公園","所在地市区町村名":"広島市","所在地都道府県名":"広島県","管理市区町村":"広島市","管理都道府県・整備局":"広島県","都市計画決定":"0"}},{"type":"Feature","geometry":{"type":"Point","coordinates":[132.449164509,34.42960369]},"properties":{"供用済面積":"1587","供用開始年":"1999","公園名":"長束西第一公園","公園種別":"街区公園","所在地市区町村名":"広島市","所在地都道府県名":"広島県","管理市区町村":"広島市","管理都道府県・整備局":"広島県","都市計画決定":"0"}},{"type":"Feature","geometry":{"type":"Point","coordinates":[132.44831197,34.43239782]},"properties":{"供用済面積":"1138","供用開始年":"1999","公園名":"長束西第二公園","公園種別":"街区公園","所在地市区町村名":"広島市","所在地都道府県名":"広島県","管理市区町村":"広島市","管理都道府県・整備局":"広島県","都市計画決定":"0"}},{"type":"Feature","geometry":{"type":"Point","coordinates":[132.50410951,34.50954194]},"properties":{"供用済面積":"703","供用開始年":"1988","公園名":"鳴渡第一公園","公園種別":"街区公園","所在地市区町村名":"広島市","所在地都道府県名":"広島県","管理市区町村":"広島市","管理都道府県・整備局":"広島県","都市計画決定":"0"}},{"type":"Feature","geometry":{"type":"Point","coordinates":[132.43004866,34.47844858]},"properties":{"供用済面積":"1365","供用開始年":"1993","公園名":"虹が丘第一公園","公園種別":"街区公園","所在地市区町村名":"広島市","所在地都道府県名":"広島県","管理市区町村":"広島市","管理都道府県・整備局":"広島県","都市計画決定":"0"}},{"type":"Feature","geometry":{"type":"Point","coordinates":[132.43064393,34.47589527]},"properties":{"供用済面積":"1210","供用開始年":"1993","公園名":"虹が丘第二公園","公園種別":"街区公園","所在地市区町村名":"広島市","所在地都道府県名":"広島県","管理市区町村":"広島市","管理都道府県・整備局":"広島県","都市計画決定":"0"}},{"type":"Feature","geometry":{"type":"Point","coordinates":[132.416589879,34.45863118]},"properties":{"供用済面積":"293","供用開始年":"1981","公園名":"沼田大原台第四公園","公園種別":"街区公園","所在地市区町村名":"広島市","所在地都道府県名":"広島県","管理市区町村":"広島市","管理都道府県・整備局":"広島県","都市計画決定":"0"}},{"type":"Feature","geometry":{"type":"Point","coordinates":[132.4802808,34.44440326]},"properties":{"供用済面積":"456","供用開始年":"2002","公園名":"東原第二公園","公園種別":"街区公園","所在地市区町村名":"広島市","所在地都道府県名":"広島県","管理市区町村":"広島市","管理都道府県・整備局":"広島県","都市計画決定":"0"}},{"type":"Feature","geometry":{"type":"Point","coordinates":[132.46078858,34.45535863]},"properties":{"供用済面積":"2091","供用開始年":"2003","公園名":"花みずき台北公園","公園種別":"街区公園","所在地市区町村名":"広島市","所在地都道府県名":"広島県","管理市区町村":"広島市","管理都道府県・整備局":"広島県","都市計画決定":"0"}},{"type":"Feature","geometry":{"type":"Point","coordinates":[132.45912856,34.45305109]},"properties":{"供用済面積":"1180","供用開始年":"2003","公園名":"花みずき台西公園","公園種別":"街区公園","所在地市区町村名":"広島市","所在地都道府県名":"広島県","管理市区町村":"広島市","管理都道府県・整備局":"広島県","都市計画決定":"0"}},{"type":"Feature","geometry":{"type":"Point","coordinates":[132.46360687,34.45360424]},"properties":{"供用済面積":"1338","供用開始年":"2003","公園名":"花みずき台東公園","公園種別":"街区公園","所在地市区町村名":"広島市","所在地都道府県名":"広島県","管理市区町村":"広島市","管理都道府県・整備局":"広島県","都市計画決定":"0"}},{"type":"Feature","geometry":{"type":"Point","coordinates":[132.48249646,34.45259195]},"properties":{"供用済面積":"978","供用開始年":"1979","公園名":"東野公園","公園種別":"街区公園","所在地市区町村名":"広島市","所在地都道府県名":"広島県","管理市区町村":"広島市","管理都道府県・整備局":"広島県","都市計画決定":"0"}},{"type":"Feature","geometry":{"type":"Point","coordinates":[132.466671501,34.4783356]},"properties":{"供用済面積":"972","供用開始年":"1994","公園名":"毘沙門台東第一公園","公園種別":"街区公園","所在地市区町村名":"広島市","所在地都道府県名":"広島県","管理市区町村":"広島市","管理都道府県・整備局":"広島県","都市計画決定":"0"}},{"type":"Feature","geometry":{"type":"Point","coordinates":[132.46863983,34.47915873]},"properties":{"供用済面積":"1645","供用開始年":"1994","公園名":"毘沙門台東第二公園","公園種別":"街区公園","所在地市区町村名":"広島市","所在地都道府県名":"広島県","管理市区町村":"広島市","管理都道府県・整備局":"広島県","都市計画決定":"0"}},{"type":"Feature","geometry":{"type":"Point","coordinates":[132.47007134,34.47819034]},"properties":{"供用済面積":"1163","供用開始年":"1994","公園名":"毘沙門台東第三公園","公園種別":"街区公園","所在地市区町村名":"広島市","所在地都道府県名":"広島県","管理市区町村":"広島市","管理都道府県・整備局":"広島県","都市計画決定":"0"}},{"type":"Feature","geometry":{"type":"Point","coordinates":[132.46892315,34.45345003]},"properties":{"供用済面積":"517","供用開始年":"1992","公園名":"古市第三公園","公園種別":"街区公園","所在地市区町村名":"広島市","所在地都道府県名":"広島県","管理市区町村":"広島市","管理都道府県・整備局":"広島県","都市計画決定":"0"}},{"type":"Feature","geometry":{"type":"Point","coordinates":[132.42703652,34.46852905]},"properties":{"供用済面積":"331","供用開始年":"1981","公園名":"平和台第五公園","公園種別":"街区公園","所在地市区町村名":"広島市","所在地都道府県名":"広島県","管理市区町村":"広島市","管理都道府県・整備局":"広島県","都市計画決定":"0"}},{"type":"Feature","geometry":{"type":"Point","coordinates":[132.47544696,34.46965036]},"properties":{"供用済面積":"1514","供用開始年":"2001","公園名":"緑井第七公園","公園種別":"街区公園","所在地市区町村名":"広島市","所在地都道府県名":"広島県","管理市区町村":"広島市","管理都道府県・整備局":"広島県","都市計画決定":"0"}},{"type":"Feature","geometry":{"type":"Point","coordinates":[132.4480877,34.48448164]},"properties":{"供用済面積":"1850","供用開始年":"1988","公園名":"緑ヶ丘北第一公園","公園種別":"街区公園","所在地市区町村名":"広島市","所在地都道府県名":"広島県","管理市区町村":"広島市","管理都道府県・整備局":"広島県","都市計画決定":"0"}},{"type":"Feature","geometry":{"type":"Point","coordinates":[132.44759303,34.48605431]},"properties":{"供用済面積":"1007","供用開始年":"1988","公園名":"緑ヶ丘北第二公園","公園種別":"街区公園","所在地市区町村名":"広島市","所在地都道府県名":"広島県","管理市区町村":"広島市","管理都道府県・整備局":"広島県","都市計画決定":"0"}},{"type":"Feature","geometry":{"type":"Point","coordinates":[132.44904999,34.48575992]},"properties":{"供用済面積":"744","供用開始年":"1988","公園名":"緑ヶ丘北第三公園","公園種別":"街区公園","所在地市区町村名":"広島市","所在地都道府県名":"広島県","管理市区町村":"広島市","管理都道府県・整備局":"広島県","都市計画決定":"0"}},{"type":"Feature","geometry":{"type":"Point","coordinates":[132.45037811,34.48635386]},"properties":{"供用済面積":"1137","供用開始年":"1988","公園名":"緑ヶ丘北第四公園","公園種別":"街区公園","所在地市区町村名":"広島市","所在地都道府県名":"広島県","管理市区町村":"広島市","管理都道府県・整備局":"広島県","都市計画決定":"0"}},{"type":"Feature","geometry":{"type":"Point","coordinates":[132.45137222,34.48798076]},"properties":{"供用済面積":"2101","供用開始年":"1988","公園名":"緑ヶ丘北第五公園","公園種別":"街区公園","所在地市区町村名":"広島市","所在地都道府県名":"広島県","管理市区町村":"広島市","管理都道府県・整備局":"広島県","都市計画決定":"0"}},{"type":"Feature","geometry":{"type":"Point","coordinates":[132.44792,34.48075]},"properties":{"供用済面積":"682","供用開始年":"1988","公園名":"緑ヶ丘西第一公園","公園種別":"街区公園","所在地市区町村名":"広島市","所在地都道府県名":"広島県","管理市区町村":"広島市","管理都道府県・整備局":"広島県","都市計画決定":"0"}},{"type":"Feature","geometry":{"type":"Point","coordinates":[132.44986118,34.48011098]},"properties":{"供用済面積":"748","供用開始年":"1988","公園名":"緑ヶ丘西第二公園","公園種別":"街区公園","所在地市区町村名":"広島市","所在地都道府県名":"広島県","管理市区町村":"広島市","管理都道府県・整備局":"広島県","都市計画決定":"0"}},{"type":"Feature","geometry":{"type":"Point","coordinates":[132.44974189,34.48120042]},"properties":{"供用済面積":"2183","供用開始年":"1988","公園名":"緑ヶ丘西第三公園","公園種別":"街区公園","所在地市区町村名":"広島市","所在地都道府県名":"広島県","管理市区町村":"広島市","管理都道府県・整備局":"広島県","都市計画決定":"0"}},{"type":"Feature","geometry":{"type":"Point","coordinates":[132.44791273,34.48239477]},"properties":{"供用済面積":"916","供用開始年":"1988","公園名":"緑ヶ丘西第四公園","公園種別":"街区公園","所在地市区町村名":"広島市","所在地都道府県名":"広島県","管理市区町村":"広島市","管理都道府県・整備局":"広島県","都市計画決定":"0"}},{"type":"Feature","geometry":{"type":"Point","coordinates":[132.45282336,34.48213967]},"properties":{"供用済面積":"1305","供用開始年":"1988","公園名":"緑ヶ丘東第一公園","公園種別":"街区公園","所在地市区町村名":"広島市","所在地都道府県名":"広島県","管理市区町村":"広島市","管理都道府県・整備局":"広島県","都市計画決定":"0"}},{"type":"Feature","geometry":{"type":"Point","coordinates":[132.45026008,34.4825769]},"properties":{"供用済面積":"1147","供用開始年":"1988","公園名":"緑ヶ丘東第二公園","公園種別":"街区公園","所在地市区町村名":"広島市","所在地都道府県名":"広島県","管理市区町村":"広島市","管理都道府県・整備局":"広島県","都市計画決定":"0"}},{"type":"Feature","geometry":{"type":"Point","coordinates":[132.44919146,34.48416078]},"properties":{"供用済面積":"1250","供用開始年":"1988","公園名":"緑ヶ丘東第三公園","公園種別":"街区公園","所在地市区町村名":"広島市","所在地都道府県名":"広島県","管理市区町村":"広島市","管理都道府県・整備局":"広島県","都市計画決定":"0"}},{"type":"Feature","geometry":{"type":"Point","coordinates":[132.49749898,34.48470904]},"properties":{"供用済面積":"268","供用開始年":"1995","公園名":"八木第四公園","公園種別":"街区公園","所在地市区町村名":"広島市","所在地都道府県名":"広島県","管理市区町村":"広島市","管理都道府県・整備局":"広島県","都市計画決定":"0"}},{"type":"Feature","geometry":{"type":"Point","coordinates":[132.49673224,34.48477208]},"properties":{"供用済面積":"401","供用開始年":"2006","公園名":"八木第五公園","公園種別":"街区公園","所在地市区町村名":"広島市","所在地都道府県名":"広島県","管理市区町村":"広島市","管理都道府県・整備局":"広島県","都市計画決定":"0"}},{"type":"Feature","geometry":{"type":"Point","coordinates":[132.45491344,34.482946]},"properties":{"供用済面積":"901","供用開始年":"1991","公園名":"安東上第六公園","公園種別":"街区公園","所在地市区町村名":"広島市","所在地都道府県名":"広島県","管理市区町村":"広島市","管理都道府県・整備局":"広島県","都市計画決定":"0"}},{"type":"Feature","geometry":{"type":"Point","coordinates":[132.4587353,34.48216391]},"properties":{"供用済面積":"1263","供用開始年":"1991","公園名":"安東下第一公園","公園種別":"街区公園","所在地市区町村名":"広島市","所在地都道府県名":"広島県","管理市区町村":"広島市","管理都道府県・整備局":"広島県","都市計画決定":"0"}},{"type":"Feature","geometry":{"type":"Point","coordinates":[132.4439654,34.43469736]},"properties":{"供用済面積":"531","供用開始年":"1990","公園名":"山本第一公園","公園種別":"街区公園","所在地市区町村名":"広島市","所在地都道府県名":"広島県","管理市区町村":"広島市","管理都道府県・整備局":"広島県","都市計画決定":"0"}},{"type":"Feature","geometry":{"type":"Point","coordinates":[132.44550808,34.43432571]},"properties":{"供用済面積":"481","供用開始年":"1990","公園名":"山本第二公園","公園種別":"街区公園","所在地市区町村名":"広島市","所在地都道府県名":"広島県","管理市区町村":"広島市","管理都道府県・整備局":"広島県","都市計画決定":"0"}},{"type":"Feature","geometry":{"type":"Point","coordinates":[132.44153692,34.43655724]},"properties":{"供用済面積":"796","供用開始年":"1992","公園名":"山本第三公園","公園種別":"街区公園","所在地市区町村名":"広島市","所在地都道府県名":"広島県","管理市区町村":"広島市","管理都道府県・整備局":"広島県","都市計画決定":"0"}},{"type":"Feature","geometry":{"type":"Point","coordinates":[132.4406579,34.43545069]},"properties":{"供用済面積":"1746","供用開始年":"1999","公園名":"山本第四公園","公園種別":"街区公園","所在地市区町村名":"広島市","所在地都道府県名":"広島県","管理市区町村":"広島市","管理都道府県・整備局":"広島県","都市計画決定":"0"}},{"type":"Feature","geometry":{"type":"Point","coordinates":[132.45515549,34.43908578]},"properties":{"供用済面積":"3122","供用開始年":"1996","公園名":"山本第五公園","公園種別":"街区公園","所在地市区町村名":"広島市","所在地都道府県名":"広島県","管理市区町村":"広島市","管理都道府県・整備局":"広島県","都市計画決定":"0"}},{"type":"Feature","geometry":{"type":"Point","coordinates":[132.45689603,34.43796629]},"properties":{"供用済面積":"6556","供用開始年":"1995","公園名":"山本第六公園","公園種別":"街区公園","所在地市区町村名":"広島市","所在地都道府県名":"広島県","管理市区町村":"広島市","管理都道府県・整備局":"広島県","都市計画決定":"0"}},{"type":"Feature","geometry":{"type":"Point","coordinates":[132.45176936,34.43778951]},"properties":{"供用済面積":"1897","供用開始年":"2002","公園名":"山本第七公園","公園種別":"街区公園","所在地市区町村名":"広島市","所在地都道府県名":"広島県","管理市区町村":"広島市","管理都道府県・整備局":"広島県","都市計画決定":"0"}},{"type":"Feature","geometry":{"type":"Point","coordinates":[132.45868553,34.43514173]},"properties":{"供用済面積":"1425","供用開始年":"1996","公園名":"山本第八公園","公園種別":"街区公園","所在地市区町村名":"広島市","所在地都道府県名":"広島県","管理市区町村":"広島市","管理都道府県・整備局":"広島県","都市計画決定":"0"}},{"type":"Feature","geometry":{"type":"Point","coordinates":[132.40717501,34.48607435]},"properties":{"供用済面積":"1212","供用開始年":"2007","公園名":"若葉台北公園","公園種別":"街区公園","所在地市区町村名":"広島市","所在地都道府県名":"広島県","管理市区町村":"広島市","管理都道府県・整備局":"広島県","都市計画決定":"0"}},{"type":"Feature","geometry":{"type":"Point","coordinates":[132.40965823,34.48327887]},"properties":{"供用済面積":"1175","供用開始年":"2002","公園名":"若葉台東公園","公園種別":"街区公園","所在地市区町村名":"広島市","所在地都道府県名":"広島県","管理市区町村":"広島市","管理都道府県・整備局":"広島県","都市計画決定":"0"}},{"type":"Feature","geometry":{"type":"Point","coordinates":[132.40481903,34.48160339]},"properties":{"供用済面積":"1135","供用開始年":"2002","公園名":"若葉台南公園","公園種別":"街区公園","所在地市区町村名":"広島市","所在地都道府県名":"広島県","管理市区町村":"広島市","管理都道府県・整備局":"広島県","都市計画決定":"0"}},{"type":"Feature","geometry":{"type":"Point","coordinates":[132.43456688,34.47824237]},"properties":{"供用済面積":"13886","供用開始年":"1977","公園名":"高取公園","公園種別":"近隣公園","所在地市区町村名":"広島市","所在地都道府県名":"広島県","管理市区町村":"広島市","管理都道府県・整備局":"広島県","都市計画決定":"0"}},{"type":"Feature","geometry":{"type":"Point","coordinates":[132.46420745,34.47935329]},"properties":{"供用済面積":"15753","供用開始年":"1983","公園名":"毘沙門台公園","公園種別":"近隣公園","所在地市区町村名":"広島市","所在地都道府県名":"広島県","管理市区町村":"広島市","管理都道府県・整備局":"広島県","都市計画決定":"0"}},{"type":"Feature","geometry":{"type":"Point","coordinates":[132.492547079,34.47491753]},"properties":{"供用済面積":"10864","供用開始年":"1995","公園名":"八木梅林公園","公園種別":"近隣公園","所在地市区町村名":"広島市","所在地都道府県名":"広島県","管理市区町村":"広島市","管理都道府県・整備局":"広島県","都市計画決定":"0"}},{"type":"Feature","geometry":{"type":"Point","coordinates":[132.39174767,34.45387246]},"properties":{"供用済面積":"14324","供用開始年":"1999","公園名":"Aシティ中央公園","公園種別":"近隣公園","所在地市区町村名":"広島市","所在地都道府県名":"広島県","管理市区町村":"広島市","管理都道府県・整備局":"広島県","都市計画決定":"0"}},{"type":"Feature","geometry":{"type":"Point","coordinates":[132.413354499,34.43608104]},"properties":{"供用済面積":"23875","供用開始年":"1995","公園名":"大塚学びの丘公園","公園種別":"近隣公園","所在地市区町村名":"広島市","所在地都道府県名":"広島県","管理市区町村":"広島市","管理都道府県・整備局":"広島県","都市計画決定":"0"}},{"type":"Feature","geometry":{"type":"Point","coordinates":[132.37775017,34.45520451]},"properties":{"供用済面積":"17965","供用開始年":"2010","公園名":"奥畑防災調節池公園","公園種別":"近隣公園","所在地市区町村名":"広島市","所在地都道府県名":"広島県","管理市区町村":"広島市","管理都道府県・整備局":"広島県","都市計画決定":"0"}},{"type":"Feature","geometry":{"type":"Point","coordinates":[132.38580818,34.44922531]},"properties":{"供用済面積":"93000","供用開始年":"9999","公園名":"こころ北公園","公園種別":"近隣公園","所在地市区町村名":"広島市","所在地都道府県名":"広島県","管理市区町村":"広島市","管理都道府県・整備局":"広島県","都市計画決定":"0"}},{"type":"Feature","geometry":{"type":"Point","coordinates":[132.38736201,34.46668722]},"properties":{"供用済面積":"54740","供用開始年":"2003","公園名":"伴西公園","公園種別":"近隣公園","所在地市区町村名":"広島市","所在地都道府県名":"広島県","管理市区町村":"広島市","管理都道府県・整備局":"広島県","都市計画決定":"0"}},{"type":"Feature","geometry":{"type":"Point","coordinates":[132.43813878,34.4445484]},"properties":{"供用済面積":"18816","供用開始年":"2009","公園名":"春日野中央公園","公園種別":"近隣公園","所在地市区町村名":"広島市","所在地都道府県名":"広島県","管理市区町村":"広島市","管理都道府県・整備局":"広島県","都市計画決定":"0"}},{"type":"Feature","geometry":{"type":"Point","coordinates":[132.40675202,34.48407065]},"properties":{"供用済面積":"29313","供用開始年":"2002","公園名":"若葉台中央公園","公園種別":"近隣公園","所在地市区町村名":"広島市","所在地都道府県名":"広島県","管理市区町村":"広島市","管理都道府県・整備局":"広島県","都市計画決定":"0"}},{"type":"Feature","geometry":{"type":"Point","coordinates":[132.42058329,34.43795632]},"properties":{"供用済面積":"50828","供用開始年":"1995","公園名":"西風新都東公園","公園種別":"地区公園（カントリーパーク）","所在地市区町村名":"広島市","所在地都道府県名":"広島県","管理市区町村":"広島市","管理都道府県・整備局":"広島県","都市計画決定":"0"}},{"type":"Feature","geometry":{"type":"Point","coordinates":[132.39449339,34.44069965]},"properties":{"供用済面積":"598501","供用開始年":"1993","公園名":"広島広域公園","公園種別":"広域公園","所在地市区町村名":"広島市","所在地都道府県名":"広島県","管理市区町村":"広島市","管理都道府県・整備局":"広島県","都市計画決定":"0"}},{"type":"Feature","geometry":{"type":"Point","coordinates":[132.44641657,34.43415073]},"properties":{"供用済面積":"14700","供用開始年":"1980","公園名":"祇園ヶ丘緑地","公園種別":"都市緑地","所在地市区町村名":"広島市","所在地都道府県名":"広島県","管理市区町村":"広島市","管理都道府県・整備局":"広島県","都市計画決定":"0"}},{"type":"Feature","geometry":{"type":"Point","coordinates":[132.408732619,34.48332735]},"properties":{"供用済面積":"3588","供用開始年":"2002","公園名":"若葉台緑地","公園種別":"都市緑地","所在地市区町村名":"広島市","所在地都道府県名":"広島県","管理市区町村":"広島市","管理都道府県・整備局":"広島県","都市計画決定":"0"}},{"type":"Feature","geometry":{"type":"Point","coordinates":[132.40372115,34.44669447]},"properties":{"供用済面積":"676","供用開始年":"1997","公園名":"宮が瀬緑地","公園種別":"都市緑地","所在地市区町村名":"広島市","所在地都道府県名":"広島県","管理市区町村":"広島市","管理都道府県・整備局":"広島県","都市計画決定":"0"}},{"type":"Feature","geometry":{"type":"Point","coordinates":[132.47878886,34.46792274]},"properties":{"供用済面積":"7095","供用開始年":"2005","公園名":"松原川緑地","公園種別":"都市緑地","所在地市区町村名":"広島市","所在地都道府県名":"広島県","管理市区町村":"広島市","管理都道府県・整備局":"広島県","都市計画決定":"0"}},{"type":"Feature","geometry":{"type":"Point","coordinates":[132.46751847,34.4415682]},"properties":{"供用済面積":"3301","供用開始年":"1992","公園名":"安川緑道","公園種別":"緑道","所在地市区町村名":"広島市","所在地都道府県名":"広島県","管理市区町村":"広島市","管理都道府県・整備局":"広島県","都市計画決定":"0"}},{"type":"Feature","geometry":{"type":"Point","coordinates":[132.51225629,34.4683264]},"properties":{"供用済面積":"1034","供用開始年":"1983","公園名":"岩上第一公園","公園種別":"街区公園","所在地市区町村名":"広島市","所在地都道府県名":"広島県","管理市区町村":"広島市","管理都道府県・整備局":"広島県","都市計画決定":"0"}},{"type":"Feature","geometry":{"type":"Point","coordinates":[132.51814731,34.51040441]},"properties":{"供用済面積":"1111","供用開始年":"1984","公園名":"上原第一公園","公園種別":"街区公園","所在地市区町村名":"広島市","所在地都道府県名":"広島県","管理市区町村":"広島市","管理都道府県・整備局":"広島県","都市計画決定":"0"}},{"type":"Feature","geometry":{"type":"Point","coordinates":[132.51972104,34.51769498]},"properties":{"供用済面積":"1796","供用開始年":"1985","公園名":"上原第二公園","公園種別":"街区公園","所在地市区町村名":"広島市","所在地都道府県名":"広島県","管理市区町村":"広島市","管理都道府県・整備局":"広島県","都市計画決定":"0"}},{"type":"Feature","geometry":{"type":"Point","coordinates":[132.53919294,34.54949755]},"properties":{"供用済面積":"1500","供用開始年":"1986","公園名":"大林第一公園","公園種別":"街区公園","所在地市区町村名":"広島市","所在地都道府県名":"広島県","管理市区町村":"広島市","管理都道府県・整備局":"広島県","都市計画決定":"0"}},{"type":"Feature","geometry":{"type":"Point","coordinates":[132.49551647,34.52319175]},"properties":{"供用済面積":"1487","供用開始年":"1977","公園名":"大毛寺公園","公園種別":"街区公園","所在地市区町村名":"広島市","所在地都道府県名":"広島県","管理市区町村":"広島市","管理都道府県・整備局":"広島県","都市計画決定":"0"}},{"type":"Feature","geometry":{"type":"Point","coordinates":[132.50602432,34.52448587]},"properties":{"供用済面積":"1017","供用開始年":"1999","公園名":"可部第一公園","公園種別":"街区公園","所在地市区町村名":"広島市","所在地都道府県名":"広島県","管理市区町村":"広島市","管理都道府県・整備局":"広島県","都市計画決定":"0"}},{"type":"Feature","geometry":{"type":"Point","coordinates":[132.5136381,34.52932223]},"properties":{"供用済面積":"1847","供用開始年":"1999","公園名":"可部第二公園","公園種別":"街区公園","所在地市区町村名":"広島市","所在地都道府県名":"広島県","管理市区町村":"広島市","管理都道府県・整備局":"広島県","都市計画決定":"0"}},{"type":"Feature","geometry":{"type":"Point","coordinates":[132.50960774,34.50920909]},"properties":{"供用済面積":"1209","供用開始年":"1999","公園名":"可部南第三公園","公園種別":"街区公園","所在地市区町村名":"広島市","所在地都道府県名":"広島県","管理市区町村":"広島市","管理都道府県・整備局":"広島県","都市計画決定":"0"}},{"type":"Feature","geometry":{"type":"Point","coordinates":[132.49847439,34.52255198]},"properties":{"供用済面積":"1394","供用開始年":"1991","公園名":"亀山第一公園","公園種別":"街区公園","所在地市区町村名":"広島市","所在地都道府県名":"広島県","管理市区町村":"広島市","管理都道府県・整備局":"広島県","都市計画決定":"0"}},{"type":"Feature","geometry":{"type":"Point","coordinates":[132.50979258,34.48341686]},"properties":{"供用済面積":"1174","供用開始年":"1986","公園名":"玖第一公園","公園種別":"街区公園","所在地市区町村名":"広島市","所在地都道府県名":"広島県","管理市区町村":"広島市","管理都道府県・整備局":"広島県","都市計画決定":"0"}},{"type":"Feature","geometry":{"type":"Point","coordinates":[132.51041381,34.47882398]},"properties":{"供用済面積":"3396","供用開始年":"1986","公園名":"玖第二公園","公園種別":"街区公園","所在地市区町村名":"広島市","所在地都道府県名":"広島県","管理市区町村":"広島市","管理都道府県・整備局":"広島県","都市計画決定":"0"}},{"type":"Feature","geometry":{"type":"Point","coordinates":[132.51500483,34.47939572]},"properties":{"供用済面積":"1541","供用開始年":"1987","公園名":"玖第三公園","公園種別":"街区公園","所在地市区町村名":"広島市","所在地都道府県名":"広島県","管理市区町村":"広島市","管理都道府県・整備局":"広島県","都市計画決定":"0"}},{"type":"Feature","geometry":{"type":"Point","coordinates":[132.51863414,34.47722632]},"properties":{"供用済面積":"1980","供用開始年":"1987","公園名":"玖第四公園","公園種別":"街区公園","所在地市区町村名":"広島市","所在地都道府県名":"広島県","管理市区町村":"広島市","管理都道府県・整備局":"広島県","都市計画決定":"0"}},{"type":"Feature","geometry":{"type":"Point","coordinates":[132.5072035,34.47745211]},"properties":{"供用済面積":"1479","供用開始年":"1999","公園名":"玖第五公園","公園種別":"街区公園","所在地市区町村名":"広島市","所在地都道府県名":"広島県","管理市区町村":"広島市","管理都道府県・整備局":"広島県","都市計画決定":"0"}},{"type":"Feature","geometry":{"type":"Point","coordinates":[132.510339109,34.47375582]},"properties":{"供用済面積":"4604","供用開始年":"1991","公園名":"玖第六公園","公園種別":"街区公園","所在地市区町村名":"広島市","所在地都道府県名":"広島県","管理市区町村":"広島市","管理都道府県・整備局":"広島県","都市計画決定":"0"}},{"type":"Feature","geometry":{"type":"Point","coordinates":[132.49141378,34.45146037]},"properties":{"供用済面積":"1542","供用開始年":"1992","公園名":"口田南第一公園","公園種別":"街区公園","所在地市区町村名":"広島市","所在地都道府県名":"広島県","管理市区町村":"広島市","管理都道府県・整備局":"広島県","都市計画決定":"0"}},{"type":"Feature","geometry":{"type":"Point","coordinates":[132.49792912,34.46003853]},"properties":{"供用済面積":"1390","供用開始年":"1992","公園名":"口田南第二公園","公園種別":"街区公園","所在地市区町村名":"広島市","所在地都道府県名":"広島県","管理市区町村":"広島市","管理都道府県・整備局":"広島県","都市計画決定":"0"}},{"type":"Feature","geometry":{"type":"Point","coordinates":[132.50931245,34.46350184]},"properties":{"供用済面積":"2746","供用開始年":"1976","公園名":"城ヶ丘第一公園","公園種別":"街区公園","所在地市区町村名":"広島市","所在地都道府県名":"広島県","管理市区町村":"広島市","管理都道府県・整備局":"広島県","都市計画決定":"0"}},{"type":"Feature","geometry":{"type":"Point","coordinates":[132.50949761,34.46770523]},"properties":{"供用済面積":"848","供用開始年":"1980","公園名":"城ヶ丘第二公園","公園種別":"街区公園","所在地市区町村名":"広島市","所在地都道府県名":"広島県","管理市区町村":"広島市","管理都道府県・整備局":"広島県","都市計画決定":"0"}},{"type":"Feature","geometry":{"type":"Point","coordinates":[132.50556143,34.47293484]},"properties":{"供用済面積":"8643","供用開始年":"1976","公園名":"翠光台公園","公園種別":"街区公園","所在地市区町村名":"広島市","所在地都道府県名":"広島県","管理市区町村":"広島市","管理都道府県・整備局":"広島県","都市計画決定":"0"}},{"type":"Feature","geometry":{"type":"Point","coordinates":[132.50672281,34.47137995]},"properties":{"供用済面積":"5870","供用開始年":"1979","公園名":"翠光台第一公園","公園種別":"街区公園","所在地市区町村名":"広島市","所在地都道府県名":"広島県","管理市区町村":"広島市","管理都道府県・整備局":"広島県","都市計画決定":"0"}},{"type":"Feature","geometry":{"type":"Point","coordinates":[132.50553576,34.47075882]},"properties":{"供用済面積":"516","供用開始年":"1979","公園名":"翠光台第二公園","公園種別":"街区公園","所在地市区町村名":"広島市","所在地都道府県名":"広島県","管理市区町村":"広島市","管理都道府県・整備局":"広島県","都市計画決定":"0"}},{"type":"Feature","geometry":{"type":"Point","coordinates":[132.50492283,34.47043043]},"properties":{"供用済面積":"1357","供用開始年":"1979","公園名":"翠光台第三公園","公園種別":"街区公園","所在地市区町村名":"広島市","所在地都道府県名":"広島県","管理市区町村":"広島市","管理都道府県・整備局":"広島県","都市計画決定":"0"}},{"type":"Feature","geometry":{"type":"Point","coordinates":[132.5056987,34.46943115]},"properties":{"供用済面積":"1508","供用開始年":"1976","公園名":"翠光台第四公園","公園種別":"街区公園","所在地市区町村名":"広島市","所在地都道府県名":"広島県","管理市区町村":"広島市","管理都道府県・整備局":"広島県","都市計画決定":"0"}},{"type":"Feature","geometry":{"type":"Point","coordinates":[132.50332997,34.47076317]},"properties":{"供用済面積":"494","供用開始年":"1979","公園名":"翠光台第五公園","公園種別":"街区公園","所在地市区町村名":"広島市","所在地都道府県名":"広島県","管理市区町村":"広島市","管理都道府県・整備局":"広島県","都市計画決定":"0"}},{"type":"Feature","geometry":{"type":"Point","coordinates":[132.50253826,34.47313697]},"properties":{"供用済面積":"3135","供用開始年":"1979","公園名":"翠光台第六公園","公園種別":"街区公園","所在地市区町村名":"広島市","所在地都道府県名":"広島県","管理市区町村":"広島市","管理都道府県・整備局":"広島県","都市計画決定":"0"}},{"type":"Feature","geometry":{"type":"Point","coordinates":[132.49486702,34.45152272]},"properties":{"供用済面積":"1002","供用開始年":"1981","公園名":"中小田公園","公園種別":"街区公園","所在地市区町村名":"広島市","所在地都道府県名":"広島県","管理市区町村":"広島市","管理都道府県・整備局":"広島県","都市計画決定":"0"}},{"type":"Feature","geometry":{"type":"Point","coordinates":[132.50976736,34.51472895]},"properties":{"供用済面積":"892","供用開始年":"1982","公園名":"中野第一公園","公園種別":"街区公園","所在地市区町村名":"広島市","所在地都道府県名":"広島県","管理市区町村":"広島市","管理都道府県・整備局":"広島県","都市計画決定":"0"}},{"type":"Feature","geometry":{"type":"Point","coordinates":[132.50863008,34.51812217]},"properties":{"供用済面積":"1500","供用開始年":"1984","公園名":"中野第二公園","公園種別":"街区公園","所在地市区町村名":"広島市","所在地都道府県名":"広島県","管理市区町村":"広島市","管理都道府県・整備局":"広島県","都市計画決定":"0"}},{"type":"Feature","geometry":{"type":"Point","coordinates":[132.48482705,34.52738833]},"properties":{"供用済面積":"3632","供用開始年":"1976","公園名":"虹山北公園","公園種別":"街区公園","所在地市区町村名":"広島市","所在地都道府県名":"広島県","管理市区町村":"広島市","管理都道府県・整備局":"広島県","都市計画決定":"0"}},{"type":"Feature","geometry":{"type":"Point","coordinates":[132.49125167,34.524447]},"properties":{"供用済面積":"1523","供用開始年":"1977","公園名":"虹山中公園","公園種別":"街区公園","所在地市区町村名":"広島市","所在地都道府県名":"広島県","管理市区町村":"広島市","管理都道府県・整備局":"広島県","都市計画決定":"0"}},{"type":"Feature","geometry":{"type":"Point","coordinates":[132.4903638,34.5204464]},"properties":{"供用済面積":"3165","供用開始年":"1976","公園名":"虹山南公園","公園種別":"街区公園","所在地市区町村名":"広島市","所在地都道府県名":"広島県","管理市区町村":"広島市","管理都道府県・整備局":"広島県","都市計画決定":"0"}},{"type":"Feature","geometry":{"type":"Point","coordinates":[132.500709039,34.47074665]},"properties":{"供用済面積":"3133","供用開始年":"1987","公園名":"はすが丘北第一公園","公園種別":"街区公園","所在地市区町村名":"広島市","所在地都道府県名":"広島県","管理市区町村":"広島市","管理都道府県・整備局":"広島県","都市計画決定":"0"}},{"type":"Feature","geometry":{"type":"Point","coordinates":[132.49889338,34.46984773]},"properties":{"供用済面積":"1390","供用開始年":"1987","公園名":"はすが丘北第二公園","公園種別":"街区公園","所在地市区町村名":"広島市","所在地都道府県名":"広島県","管理市区町村":"広島市","管理都道府県・整備局":"広島県","都市計画決定":"0"}},{"type":"Feature","geometry":{"type":"Point","coordinates":[132.50089545,34.46872212]},"properties":{"供用済面積":"1870","供用開始年":"1987","公園名":"はすが丘北第三公園","公園種別":"街区公園","所在地市区町村名":"広島市","所在地都道府県名":"広島県","管理市区町村":"広島市","管理都道府県・整備局":"広島県","都市計画決定":"0"}},{"type":"Feature","geometry":{"type":"Point","coordinates":[132.50221743,34.46711696]},"properties":{"供用済面積":"931","供用開始年":"1987","公園名":"はすが丘北第四公園","公園種別":"街区公園","所在地市区町村名":"広島市","所在地都道府県名":"広島県","管理市区町村":"広島市","管理都道府県・整備局":"広島県","都市計画決定":"0"}},{"type":"Feature","geometry":{"type":"Point","coordinates":[132.50376572,34.46702626]},"properties":{"供用済面積":"1431","供用開始年":"1987","公園名":"はすが丘北第五公園","公園種別":"街区公園","所在地市区町村名":"広島市","所在地都道府県名":"広島県","管理市区町村":"広島市","管理都道府県・整備局":"広島県","都市計画決定":"0"}},{"type":"Feature","geometry":{"type":"Point","coordinates":[132.49887343,34.46825235]},"properties":{"供用済面積":"1413","供用開始年":"1987","公園名":"はすが丘南第一公園","公園種別":"街区公園","所在地市区町村名":"広島市","所在地都道府県名":"広島県","管理市区町村":"広島市","管理都道府県・整備局":"広島県","都市計画決定":"0"}},{"type":"Feature","geometry":{"type":"Point","coordinates":[132.49844246,34.46675415]},"properties":{"供用済面積":"2104","供用開始年":"1983","公園名":"はすが丘南第二公園","公園種別":"街区公園","所在地市区町村名":"広島市","所在地都道府県名":"広島県","管理市区町村":"広島市","管理都道府県・整備局":"広島県","都市計画決定":"0"}},{"type":"Feature","geometry":{"type":"Point","coordinates":[132.50059731,34.46681246]},"properties":{"供用済面積":"1431","供用開始年":"1987","公園名":"はすが丘南第三公園","公園種別":"街区公園","所在地市区町村名":"広島市","所在地都道府県名":"広島県","管理市区町村":"広島市","管理都道府県・整備局":"広島県","都市計画決定":"0"}},{"type":"Feature","geometry":{"type":"Point","coordinates":[132.51854635,34.49375091]},"properties":{"供用済面積":"1687","供用開始年":"1990","公園名":"深川第一公園","公園種別":"街区公園","所在地市区町村名":"広島市","所在地都道府県名":"広島県","管理市区町村":"広島市","管理都道府県・整備局":"広島県","都市計画決定":"0"}},{"type":"Feature","geometry":{"type":"Point","coordinates":[132.53207398,34.48487022]},"properties":{"供用済面積":"1380","供用開始年":"1999","公園名":"深川第二公園","公園種別":"街区公園","所在地市区町村名":"広島市","所在地都道府県名":"広島県","管理市区町村":"広島市","管理都道府県・整備局":"広島県","都市計画決定":"0"}},{"type":"Feature","geometry":{"type":"Point","coordinates":[132.49891813,34.4549655]},"properties":{"供用済面積":"734","供用開始年":"1985","公園名":"ふじランド第一公園","公園種別":"街区公園","所在地市区町村名":"広島市","所在地都道府県名":"広島県","管理市区町村":"広島市","管理都道府県・整備局":"広島県","都市計画決定":"0"}},{"type":"Feature","geometry":{"type":"Point","coordinates":[132.49767446,34.45572803]},"properties":{"供用済面積":"639","供用開始年":"1987","公園名":"ふじランド第二公園","公園種別":"街区公園","所在地市区町村名":"広島市","所在地都道府県名":"広島県","管理市区町村":"広島市","管理都道府県・整備局":"広島県","都市計画決定":"0"}},{"type":"Feature","geometry":{"type":"Point","coordinates":[132.5307696,34.5422938]},"properties":{"供用済面積":"3181","供用開始年":"1989","公園名":"三入第一公園","公園種別":"街区公園","所在地市区町村名":"広島市","所在地都道府県名":"広島県","管理市区町村":"広島市","管理都道府県・整備局":"広島県","都市計画決定":"0"}},{"type":"Feature","geometry":{"type":"Point","coordinates":[132.53113123,34.54522946]},"properties":{"供用済面積":"1749","供用開始年":"2000","公園名":"三入第二公園","公園種別":"街区公園","所在地市区町村名":"広島市","所在地都道府県名":"広島県","管理市区町村":"広島市","管理都道府県・整備局":"広島県","都市計画決定":"0"}},{"type":"Feature","geometry":{"type":"Point","coordinates":[132.43584365,34.50964974]},"properties":{"供用済面積":"1407","供用開始年":"2009","公園名":"あさひが丘北第一公園","公園種別":"街区公園","所在地市区町村名":"広島市","所在地都道府県名":"広島県","管理市区町村":"広島市","管理都道府県・整備局":"広島県","都市計画決定":"0"}},{"type":"Feature","geometry":{"type":"Point","coordinates":[132.43371936,34.50972415]},"properties":{"供用済面積":"1667","供用開始年":"2009","公園名":"あさひが丘北第二公園","公園種別":"街区公園","所在地市区町村名":"広島市","所在地都道府県名":"広島県","管理市区町村":"広島市","管理都道府県・整備局":"広島県","都市計画決定":"0"}},{"type":"Feature","geometry":{"type":"Point","coordinates":[132.43198072,34.51028844]},"properties":{"供用済面積":"1449","供用開始年":"2009","公園名":"あさひが丘北第三公園","公園種別":"街区公園","所在地市区町村名":"広島市","所在地都道府県名":"広島県","管理市区町村":"広島市","管理都道府県・整備局":"広島県","都市計画決定":"0"}},{"type":"Feature","geometry":{"type":"Point","coordinates":[132.43359605,34.51198845]},"properties":{"供用済面積":"1126","供用開始年":"2009","公園名":"あさひが丘北第四公園","公園種別":"街区公園","所在地市区町村名":"広島市","所在地都道府県名":"広島県","管理市区町村":"広島市","管理都道府県・整備局":"広島県","都市計画決定":"0"}},{"type":"Feature","geometry":{"type":"Point","coordinates":[132.43514594,34.51191071]},"properties":{"供用済面積":"1126","供用開始年":"2009","公園名":"あさひが丘北第五公園","公園種別":"街区公園","所在地市区町村名":"広島市","所在地都道府県名":"広島県","管理市区町村":"広島市","管理都道府県・整備局":"広島県","都市計画決定":"0"}},{"type":"Feature","geometry":{"type":"Point","coordinates":[132.43393883,34.50808827]},"properties":{"供用済面積":"1342","供用開始年":"2009","公園名":"あさひが丘西第一公園","公園種別":"街区公園","所在地市区町村名":"広島市","所在地都道府県名":"広島県","管理市区町村":"広島市","管理都道府県・整備局":"広島県","都市計画決定":"0"}},{"type":"Feature","geometry":{"type":"Point","coordinates":[132.43256811,34.50650099]},"properties":{"供用済面積":"1365","供用開始年":"2009","公園名":"あさひが丘西第二公園","公園種別":"街区公園","所在地市区町村名":"広島市","所在地都道府県名":"広島県","管理市区町村":"広島市","管理都道府県・整備局":"広島県","都市計画決定":"0"}},{"type":"Feature","geometry":{"type":"Point","coordinates":[132.43127074,34.50783897]},"properties":{"供用済面積":"1319","供用開始年":"2009","公園名":"あさひが丘西第三公園","公園種別":"街区公園","所在地市区町村名":"広島市","所在地都道府県名":"広島県","管理市区町村":"広島市","管理都道府県・整備局":"広島県","都市計画決定":"0"}},{"type":"Feature","geometry":{"type":"Point","coordinates":[132.44425165,34.5064686]},"properties":{"供用済面積":"1448","供用開始年":"2009","公園名":"あさひが丘東第一公園","公園種別":"街区公園","所在地市区町村名":"広島市","所在地都道府県名":"広島県","管理市区町村":"広島市","管理都道府県・整備局":"広島県","都市計画決定":"0"}},{"type":"Feature","geometry":{"type":"Point","coordinates":[132.44294228,34.50739991]},"properties":{"供用済面積":"1152","供用開始年":"2009","公園名":"あさひが丘東第二公園","公園種別":"街区公園","所在地市区町村名":"広島市","所在地都道府県名":"広島県","管理市区町村":"広島市","管理都道府県・整備局":"広島県","都市計画決定":"0"}},{"type":"Feature","geometry":{"type":"Point","coordinates":[132.439621949,34.50642921]},"properties":{"供用済面積":"1192","供用開始年":"2009","公園名":"あさひが丘東第三公園","公園種別":"街区公園","所在地市区町村名":"広島市","所在地都道府県名":"広島県","管理市区町村":"広島市","管理都道府県・整備局":"広島県","都市計画決定":"0"}},{"type":"Feature","geometry":{"type":"Point","coordinates":[132.43721536,34.50795414]},"properties":{"供用済面積":"1399","供用開始年":"2009","公園名":"あさひが丘東第四公園","公園種別":"街区公園","所在地市区町村名":"広島市","所在地都道府県名":"広島県","管理市区町村":"広島市","管理都道府県・整備局":"広島県","都市計画決定":"0"}},{"type":"Feature","geometry":{"type":"Point","coordinates":[132.43761204,34.50982457]},"properties":{"供用済面積":"1373","供用開始年":"2009","公園名":"あさひが丘東第五公園","公園種別":"街区公園","所在地市区町村名":"広島市","所在地都道府県名":"広島県","管理市区町村":"広島市","管理都道府県・整備局":"広島県","都市計画決定":"0"}},{"type":"Feature","geometry":{"type":"Point","coordinates":[132.4379701,34.51230876]},"properties":{"供用済面積":"1252","供用開始年":"2009","公園名":"あさひが丘東第六公園","公園種別":"街区公園","所在地市区町村名":"広島市","所在地都道府県名":"広島県","管理市区町村":"広島市","管理都道府県・整備局":"広島県","都市計画決定":"0"}},{"type":"Feature","geometry":{"type":"Point","coordinates":[132.43998686,34.50235867]},"properties":{"供用済面積":"1392","供用開始年":"2009","公園名":"あさひが丘南第一公園","公園種別":"街区公園","所在地市区町村名":"広島市","所在地都道府県名":"広島県","管理市区町村":"広島市","管理都道府県・整備局":"広島県","都市計画決定":"0"}},{"type":"Feature","geometry":{"type":"Point","coordinates":[132.43850291,34.50358355]},"properties":{"供用済面積":"1181","供用開始年":"2009","公園名":"あさひが丘南第二公園","公園種別":"街区公園","所在地市区町村名":"広島市","所在地都道府県名":"広島県","管理市区町村":"広島市","管理都道府県・整備局":"広島県","都市計画決定":"0"}},{"type":"Feature","geometry":{"type":"Point","coordinates":[132.43687244,34.50453764]},"properties":{"供用済面積":"1368","供用開始年":"2009","公園名":"あさひが丘南第三公園","公園種別":"街区公園","所在地市区町村名":"広島市","所在地都道府県名":"広島県","管理市区町村":"広島市","管理都道府県・整備局":"広島県","都市計画決定":"0"}},{"type":"Feature","geometry":{"type":"Point","coordinates":[132.43540719,34.50587893]},"properties":{"供用済面積":"1488","供用開始年":"2009","公園名":"あさひが丘南第四公園","公園種別":"街区公園","所在地市区町村名":"広島市","所在地都道府県名":"広島県","管理市区町村":"広島市","管理都道府県・整備局":"広島県","都市計画決定":"0"}},{"type":"Feature","geometry":{"type":"Point","coordinates":[132.4351235,34.50495015]},"properties":{"供用済面積":"2566","供用開始年":"2009","公園名":"あさひが丘南第五公園","公園種別":"街区公園","所在地市区町村名":"広島市","所在地都道府県名":"広島県","管理市区町村":"広島市","管理都道府県・整備局":"広島県","都市計画決定":"0"}},{"type":"Feature","geometry":{"type":"Point","coordinates":[132.4367945,34.501974]},"properties":{"供用済面積":"1342","供用開始年":"2009","公園名":"あさひが丘南第六公園","公園種別":"街区公園","所在地市区町村名":"広島市","所在地都道府県名":"広島県","管理市区町村":"広島市","管理都道府県・整備局":"広島県","都市計画決定":"0"}},{"type":"Feature","geometry":{"type":"Point","coordinates":[132.433359821,34.50370608]},"properties":{"供用済面積":"1213","供用開始年":"2009","公園名":"あさひが丘南第七公園","公園種別":"街区公園","所在地市区町村名":"広島市","所在地都道府県名":"広島県","管理市区町村":"広島市","管理都道府県・整備局":"広島県","都市計画決定":"0"}},{"type":"Feature","geometry":{"type":"Point","coordinates":[132.51245396,34.46145781]},"properties":{"供用済面積":"609","供用開始年":"1981","公園名":"岩上第二公園","公園種別":"街区公園","所在地市区町村名":"広島市","所在地都道府県名":"広島県","管理市区町村":"広島市","管理都道府県・整備局":"広島県","都市計画決定":"0"}},{"type":"Feature","geometry":{"type":"Point","coordinates":[132.51148326,34.46294791]},"properties":{"供用済面積":"1209","供用開始年":"1999","公園名":"岩上第三公園","公園種別":"街区公園","所在地市区町村名":"広島市","所在地都道府県名":"広島県","管理市区町村":"広島市","管理都道府県・整備局":"広島県","都市計画決定":"0"}},{"type":"Feature","geometry":{"type":"Point","coordinates":[132.51230763,34.4596561]},"properties":{"供用済面積":"457","供用開始年":"1999","公園名":"岩上第四公園","公園種別":"街区公園","所在地市区町村名":"広島市","所在地都道府県名":"広島県","管理市区町村":"広島市","管理都道府県・整備局":"広島県","都市計画決定":"0"}},{"type":"Feature","geometry":{"type":"Point","coordinates":[132.50448401,34.46208948]},"properties":{"供用済面積":"371","供用開始年":"1981","公園名":"梅園第一公園","公園種別":"街区公園","所在地市区町村名":"広島市","所在地都道府県名":"広島県","管理市区町村":"広島市","管理都道府県・整備局":"広島県","都市計画決定":"0"}},{"type":"Feature","geometry":{"type":"Point","coordinates":[132.50348116,34.46204051]},"properties":{"供用済面積":"373","供用開始年":"1981","公園名":"梅園第二公園","公園種別":"街区公園","所在地市区町村名":"広島市","所在地都道府県名":"広島県","管理市区町村":"広島市","管理都道府県・整備局":"広島県","都市計画決定":"0"}},{"type":"Feature","geometry":{"type":"Point","coordinates":[132.49293514,34.52846582]},"properties":{"供用済面積":"599","供用開始年":"1987","公園名":"大毛寺第二公園","公園種別":"街区公園","所在地市区町村名":"広島市","所在地都道府県名":"広島県","管理市区町村":"広島市","管理都道府県・整備局":"広島県","都市計画決定":"0"}},{"type":"Feature","geometry":{"type":"Point","coordinates":[132.49400758,34.53006525]},"properties":{"供用済面積":"1039","供用開始年":"1987","公園名":"大毛寺第三公園","公園種別":"街区公園","所在地市区町村名":"広島市","所在地都道府県名":"広島県","管理市区町村":"広島市","管理都道府県・整備局":"広島県","都市計画決定":"0"}},{"type":"Feature","geometry":{"type":"Point","coordinates":[132.518729911,34.46784905]},"properties":{"供用済面積":"1214","供用開始年":"1986","公園名":"落合南第一公園","公園種別":"街区公園","所在地市区町村名":"広島市","所在地都道府県名":"広島県","管理市区町村":"広島市","管理都道府県・整備局":"広島県","都市計画決定":"0"}},{"type":"Feature","geometry":{"type":"Point","coordinates":[132.51807548,34.46580826]},"properties":{"供用済面積":"945","供用開始年":"1986","公園名":"落合南第二公園","公園種別":"街区公園","所在地市区町村名":"広島市","所在地都道府県名":"広島県","管理市区町村":"広島市","管理都道府県・整備局":"広島県","都市計画決定":"0"}},{"type":"Feature","geometry":{"type":"Point","coordinates":[132.51758864,34.47088756]},"properties":{"供用済面積":"1704","供用開始年":"1987","公園名":"落合南第三公園","公園種別":"街区公園","所在地市区町村名":"広島市","所在地都道府県名":"広島県","管理市区町村":"広島市","管理都道府県・整備局":"広島県","都市計画決定":"0"}},{"type":"Feature","geometry":{"type":"Point","coordinates":[132.51786798,34.47263422]},"properties":{"供用済面積":"2345","供用開始年":"1987","公園名":"落合南第四公園","公園種別":"街区公園","所在地市区町村名":"広島市","所在地都道府県名":"広島県","管理市区町村":"広島市","管理都道府県・整備局":"広島県","都市計画決定":"0"}},{"type":"Feature","geometry":{"type":"Point","coordinates":[132.51574825,34.47358788]},"properties":{"供用済面積":"2217","供用開始年":"1987","公園名":"落合南第五公園","公園種別":"街区公園","所在地市区町村名":"広島市","所在地都道府県名":"広島県","管理市区町村":"広島市","管理都道府県・整備局":"広島県","都市計画決定":"0"}},{"type":"Feature","geometry":{"type":"Point","coordinates":[132.51598448,34.47025524]},"properties":{"供用済面積":"1955","供用開始年":"1988","公園名":"落合南第六公園","公園種別":"街区公園","所在地市区町村名":"広島市","所在地都道府県名":"広島県","管理市区町村":"広島市","管理都道府県・整備局":"広島県","都市計画決定":"0"}},{"type":"Feature","geometry":{"type":"Point","coordinates":[132.52514656,34.4715997]},"properties":{"供用済面積":"2284","供用開始年":"1999","公園名":"落合南第七公園","公園種別":"街区公園","所在地市区町村名":"広島市","所在地都道府県名":"広島県","管理市区町村":"広島市","管理都道府県・整備局":"広島県","都市計画決定":"0"}},{"type":"Feature","geometry":{"type":"Point","coordinates":[132.51879576,34.47502259]},"properties":{"供用済面積":"904","供用開始年":"1999","公園名":"落合南第八公園","公園種別":"街区公園","所在地市区町村名":"広島市","所在地都道府県名":"広島県","管理市区町村":"広島市","管理都道府県・整備局":"広島県","都市計画決定":"0"}},{"type":"Feature","geometry":{"type":"Point","coordinates":[132.51939233,34.46676063]},"properties":{"供用済面積":"399","供用開始年":"1999","公園名":"落合南第九公園","公園種別":"街区公園","所在地市区町村名":"広島市","所在地都道府県名":"広島県","管理市区町村":"広島市","管理都道府県・整備局":"広島県","都市計画決定":"0"}},{"type":"Feature","geometry":{"type":"Point","coordinates":[132.51460379,34.47222217]},"properties":{"供用済面積":"745","供用開始年":"1999","公園名":"落合南第十公園","公園種別":"街区公園","所在地市区町村名":"広島市","所在地都道府県名":"広島県","管理市区町村":"広島市","管理都道府県・整備局":"広島県","都市計画決定":"0"}},{"type":"Feature","geometry":{"type":"Point","coordinates":[132.51454593,34.46527822]},"properties":{"供用済面積":"3967","供用開始年":"1999","公園名":"落合南第十一公園","公園種別":"街区公園","所在地市区町村名":"広島市","所在地都道府県名":"広島県","管理市区町村":"広島市","管理都道府県・整備局":"広島県","都市計画決定":"0"}},{"type":"Feature","geometry":{"type":"Point","coordinates":[132.52508271,34.51165674]},"properties":{"供用済面積":"2325","供用開始年":"2009","公園名":"可部東第一公園","公園種別":"街区公園","所在地市区町村名":"広島市","所在地都道府県名":"広島県","管理市区町村":"広島市","管理都道府県・整備局":"広島県","都市計画決定":"0"}},{"type":"Feature","geometry":{"type":"Point","coordinates":[132.52194622,34.50951358]},"properties":{"供用済面積":"5268","供用開始年":"2009","公園名":"可部東第二公園","公園種別":"街区公園","所在地市区町村名":"広島市","所在地都道府県名":"広島県","管理市区町村":"広島市","管理都道府県・整備局":"広島県","都市計画決定":"0"}},{"type":"Feature","geometry":{"type":"Point","coordinates":[132.52128814,34.51076299]},"properties":{"供用済面積":"500","供用開始年":"2009","公園名":"可部東第三公園","公園種別":"街区公園","所在地市区町村名":"広島市","所在地都道府県名":"広島県","管理市区町村":"広島市","管理都道府県・整備局":"広島県","都市計画決定":"0"}},{"type":"Feature","geometry":{"type":"Point","coordinates":[132.52343466,34.51694789]},"properties":{"供用済面積":"718","供用開始年":"2002","公園名":"可部東第四公園","公園種別":"街区公園","所在地市区町村名":"広島市","所在地都道府県名":"広島県","管理市区町村":"広島市","管理都道府県・整備局":"広島県","都市計画決定":"0"}},{"type":"Feature","geometry":{"type":"Point","coordinates":[132.513941369,34.51759253]},"properties":{"供用済面積":"810","供用開始年":"1980","公園名":"可部吹屋公園","公園種別":"街区公園","所在地市区町村名":"広島市","所在地都道府県名":"広島県","管理市区町村":"広島市","管理都道府県・整備局":"広島県","都市計画決定":"0"}},{"type":"Feature","geometry":{"type":"Point","coordinates":[132.50924463,34.52041144]},"properties":{"供用済面積":"947","供用開始年":"2009","公園名":"可部第三公園","公園種別":"街区公園","所在地市区町村名":"広島市","所在地都道府県名":"広島県","管理市区町村":"広島市","管理都道府県・整備局":"広島県","都市計画決定":"0"}},{"type":"Feature","geometry":{"type":"Point","coordinates":[132.51335079,34.53927674]},"properties":{"供用済面積":"1257","供用開始年":"2004","公園名":"可部第四公園","公園種別":"街区公園","所在地市区町村名":"広島市","所在地都道府県名":"広島県","管理市区町村":"広島市","管理都道府県・整備局":"広島県","都市計画決定":"0"}},{"type":"Feature","geometry":{"type":"Point","coordinates":[132.51510459,34.49612696]},"properties":{"供用済面積":"908","供用開始年":"1989","公園名":"可部南第一公園","公園種別":"街区公園","所在地市区町村名":"広島市","所在地都道府県名":"広島県","管理市区町村":"広島市","管理都道府県・整備局":"広島県","都市計画決定":"0"}},{"type":"Feature","geometry":{"type":"Point","coordinates":[132.51867604,34.50310777]},"properties":{"供用済面積":"7854","供用開始年":"1991","公園名":"可部南第二公園","公園種別":"街区公園","所在地市区町村名":"広島市","所在地都道府県名":"広島県","管理市区町村":"広島市","管理都道府県・整備局":"広島県","都市計画決定":"0"}},{"type":"Feature","geometry":{"type":"Point","coordinates":[132.51369393,34.50744457]},"properties":{"供用済面積":"1301","供用開始年":"2009","公園名":"可部南第四公園","公園種別":"街区公園","所在地市区町村名":"広島市","所在地都道府県名":"広島県","管理市区町村":"広島市","管理都道府県・整備局":"広島県","都市計画決定":"0"}},{"type":"Feature","geometry":{"type":"Point","coordinates":[132.4765743,34.53541017]},"properties":{"供用済面積":"5317","供用開始年":"2001","公園名":"勝木台第一公園","公園種別":"街区公園","所在地市区町村名":"広島市","所在地都道府県名":"広島県","管理市区町村":"広島市","管理都道府県・整備局":"広島県","都市計画決定":"0"}},{"type":"Feature","geometry":{"type":"Point","coordinates":[132.47219727,34.53204935]},"properties":{"供用済面積":"1602","供用開始年":"2001","公園名":"勝木台第二公園","公園種別":"街区公園","所在地市区町村名":"広島市","所在地都道府県名":"広島県","管理市区町村":"広島市","管理都道府県・整備局":"広島県","都市計画決定":"0"}},{"type":"Feature","geometry":{"type":"Point","coordinates":[132.47506541,34.53389173]},"properties":{"供用済面積":"1698","供用開始年":"2001","公園名":"勝木台第三公園","公園種別":"街区公園","所在地市区町村名":"広島市","所在地都道府県名":"広島県","管理市区町村":"広島市","管理都道府県・整備局":"広島県","都市計画決定":"0"}},{"type":"Feature","geometry":{"type":"Point","coordinates":[132.47773402,34.5321607]},"properties":{"供用済面積":"1602","供用開始年":"2001","公園名":"勝木台第四公園","公園種別":"街区公園","所在地市区町村名":"広島市","所在地都道府県名":"広島県","管理市区町村":"広島市","管理都道府県・整備局":"広島県","都市計画決定":"0"}},{"type":"Feature","geometry":{"type":"Point","coordinates":[132.52452205,34.47967916]},"properties":{"供用済面積":"2417","供用開始年":"1987","公園名":"亀崎第三公園","公園種別":"街区公園","所在地市区町村名":"広島市","所在地都道府県名":"広島県","管理市区町村":"広島市","管理都道府県・整備局":"広島県","都市計画決定":"0"}},{"type":"Feature","geometry":{"type":"Point","coordinates":[132.50224457,34.52900411]},"properties":{"供用済面積":"271","供用開始年":"1999","公園名":"亀山第二公園","公園種別":"街区公園","所在地市区町村名":"広島市","所在地都道府県名":"広島県","管理市区町村":"広島市","管理都道府県・整備局":"広島県","都市計画決定":"0"}},{"type":"Feature","geometry":{"type":"Point","coordinates":[132.49050346,34.52926553]},"properties":{"供用済面積":"2196","供用開始年":"1999","公園名":"亀山第三公園","公園種別":"街区公園","所在地市区町村名":"広島市","所在地都道府県名":"広島県","管理市区町村":"広島市","管理都道府県・整備局":"広島県","都市計画決定":"0"}},{"type":"Feature","geometry":{"type":"Point","coordinates":[132.50314572,34.51582626]},"properties":{"供用済面積":"214","供用開始年":"2006","公園名":"亀山第五公園","公園種別":"街区公園","所在地市区町村名":"広島市","所在地都道府県名":"広島県","管理市区町村":"広島市","管理都道府県・整備局":"広島県","都市計画決定":"0"}},{"type":"Feature","geometry":{"type":"Point","coordinates":[132.49037792,34.51831684]},"properties":{"供用済面積":"3426","供用開始年":"1999","公園名":"亀山南第一公園","公園種別":"街区公園","所在地市区町村名":"広島市","所在地都道府県名":"広島県","管理市区町村":"広島市","管理都道府県・整備局":"広島県","都市計画決定":"0"}},{"type":"Feature","geometry":{"type":"Point","coordinates":[132.48953003,34.52073749]},"properties":{"供用済面積":"411","供用開始年":"1999","公園名":"亀山南第二公園","公園種別":"街区公園","所在地市区町村名":"広島市","所在地都道府県名":"広島県","管理市区町村":"広島市","管理都道府県・整備局":"広島県","都市計画決定":"0"}},{"type":"Feature","geometry":{"type":"Point","coordinates":[132.48844888,34.51935218]},"properties":{"供用済面積":"288","供用開始年":"2006","公園名":"亀山南第三公園","公園種別":"街区公園","所在地市区町村名":"広島市","所在地都道府県名":"広島県","管理市区町村":"広島市","管理都道府県・整備局":"広島県","都市計画決定":"0"}},{"type":"Feature","geometry":{"type":"Point","coordinates":[132.5165208,34.47864127]},"properties":{"供用済面積":"1066","供用開始年":"1999","公園名":"玖第七公園","公園種別":"街区公園","所在地市区町村名":"広島市","所在地都道府県名":"広島県","管理市区町村":"広島市","管理都道府県・整備局":"広島県","都市計画決定":"0"}},{"type":"Feature","geometry":{"type":"Point","coordinates":[132.499407161,34.46390149]},"properties":{"供用済面積":"618","供用開始年":"1999","公園名":"口田第一公園","公園種別":"街区公園","所在地市区町村名":"広島市","所在地都道府県名":"広島県","管理市区町村":"広島市","管理都道府県・整備局":"広島県","都市計画決定":"0"}},{"type":"Feature","geometry":{"type":"Point","coordinates":[132.50203874,34.46308104]},"properties":{"供用済面積":"333","供用開始年":"1990","公園名":"久保山公園","公園種別":"街区公園","所在地市区町村名":"広島市","所在地都道府県名":"広島県","管理市区町村":"広島市","管理都道府県・整備局":"広島県","都市計画決定":"0"}},{"type":"Feature","geometry":{"type":"Point","coordinates":[132.52787291,34.47643405]},"properties":{"供用済面積":"1974","供用開始年":"1991","公園名":"倉掛第二公園","公園種別":"街区公園","所在地市区町村名":"広島市","所在地都道府県名":"広島県","管理市区町村":"広島市","管理都道府県・整備局":"広島県","都市計画決定":"0"}},{"type":"Feature","geometry":{"type":"Point","coordinates":[132.52728544,34.47222055]},"properties":{"供用済面積":"2210","供用開始年":"1988","公園名":"倉掛第三公園","公園種別":"街区公園","所在地市区町村名":"広島市","所在地都道府県名":"広島県","管理市区町村":"広島市","管理都道府県・整備局":"広島県","都市計画決定":"0"}},{"type":"Feature","geometry":{"type":"Point","coordinates":[132.52852497,34.46886175]},"properties":{"供用済面積":"2405","供用開始年":"1987","公園名":"倉掛第四公園","公園種別":"街区公園","所在地市区町村名":"広島市","所在地都道府県名":"広島県","管理市区町村":"広島市","管理都道府県・整備局":"広島県","都市計画決定":"0"}},{"type":"Feature","geometry":{"type":"Point","coordinates":[132.5299351,34.47088108]},"properties":{"供用済面積":"3436","供用開始年":"1987","公園名":"倉掛第五公園","公園種別":"街区公園","所在地市区町村名":"広島市","所在地都道府県名":"広島県","管理市区町村":"広島市","管理都道府県・整備局":"広島県","都市計画決定":"0"}},{"type":"Feature","geometry":{"type":"Point","coordinates":[132.53224357,34.47207478]},"properties":{"供用済面積":"1297","供用開始年":"1991","公園名":"倉掛第六公園","公園種別":"街区公園","所在地市区町村名":"広島市","所在地都道府県名":"広島県","管理市区町村":"広島市","管理都道府県・整備局":"広島県","都市計画決定":"0"}},{"type":"Feature","geometry":{"type":"Point","coordinates":[132.51639151,34.47490516]},"properties":{"供用済面積":"2810","供用開始年":"1976","公園名":"高陽ニュータウン第一公園","公園種別":"街区公園","所在地市区町村名":"広島市","所在地都道府県名":"広島県","管理市区町村":"広島市","管理都道府県・整備局":"広島県","都市計画決定":"0"}},{"type":"Feature","geometry":{"type":"Point","coordinates":[132.51658106,34.47654508]},"properties":{"供用済面積":"1473","供用開始年":"1976","公園名":"高陽ニュータウン第二公園","公園種別":"街区公園","所在地市区町村名":"広島市","所在地都道府県名":"広島県","管理市区町村":"広島市","管理都道府県・整備局":"広島県","都市計画決定":"0"}},{"type":"Feature","geometry":{"type":"Point","coordinates":[132.51373387,34.47857778]},"properties":{"供用済面積":"2595","供用開始年":"1976","公園名":"高陽ニュータウン第三公園","公園種別":"街区公園","所在地市区町村名":"広島市","所在地都道府県名":"広島県","管理市区町村":"広島市","管理都道府県・整備局":"広島県","都市計画決定":"0"}},{"type":"Feature","geometry":{"type":"Point","coordinates":[132.513893491,34.48146728]},"properties":{"供用済面積":"2452","供用開始年":"1978","公園名":"高陽ニュータウン第四公園","公園種別":"街区公園","所在地市区町村名":"広島市","所在地都道府県名":"広島県","管理市区町村":"広島市","管理都道府県・整備局":"広島県","都市計画決定":"0"}},{"type":"Feature","geometry":{"type":"Point","coordinates":[132.514682,34.48420259]},"properties":{"供用済面積":"2259","供用開始年":"1978","公園名":"高陽ニュータウン第五公園","公園種別":"街区公園","所在地市区町村名":"広島市","所在地都道府県名":"広島県","管理市区町村":"広島市","管理都道府県・整備局":"広島県","都市計画決定":"0"}},{"type":"Feature","geometry":{"type":"Point","coordinates":[132.51836279,34.48501113]},"properties":{"供用済面積":"1963","供用開始年":"1978","公園名":"高陽ニュータウン第六公園","公園種別":"街区公園","所在地市区町村名":"広島市","所在地都道府県名":"広島県","管理市区町村":"広島市","管理都道府県・整備局":"広島県","都市計画決定":"0"}},{"type":"Feature","geometry":{"type":"Point","coordinates":[132.5220681,34.48447233]},"properties":{"供用済面積":"2130","供用開始年":"1987","公園名":"高陽ニュータウン第七公園","公園種別":"街区公園","所在地市区町村名":"広島市","所在地都道府県名":"広島県","管理市区町村":"広島市","管理都道府県・整備局":"広島県","都市計画決定":"0"}},{"type":"Feature","geometry":{"type":"Point","coordinates":[132.52435518,34.48498317]},"properties":{"供用済面積":"2321","供用開始年":"1987","公園名":"高陽ニュータウン第八公園","公園種別":"街区公園","所在地市区町村名":"広島市","所在地都道府県名":"広島県","管理市区町村":"広島市","管理都道府県・整備局":"広島県","都市計画決定":"0"}},{"type":"Feature","geometry":{"type":"Point","coordinates":[132.530796781,34.47690407]},"properties":{"供用済面積":"2581","供用開始年":"1987","公園名":"高陽ニュータウン第九公園","公園種別":"街区公園","所在地市区町村名":"広島市","所在地都道府県名":"広島県","管理市区町村":"広島市","管理都道府県・整備局":"広島県","都市計画決定":"0"}},{"type":"Feature","geometry":{"type":"Point","coordinates":[132.50255263,34.47165204]},"properties":{"供用済面積":"218","供用開始年":"1979","公園名":"翠光台第八公園","公園種別":"街区公園","所在地市区町村名":"広島市","所在地都道府県名":"広島県","管理市区町村":"広島市","管理都道府県・整備局":"広島県","都市計画決定":"0"}},{"type":"Feature","geometry":{"type":"Point","coordinates":[132.50311286,34.47356835]},"properties":{"供用済面積":"438","供用開始年":"1979","公園名":"翠光台第九公園","公園種別":"街区公園","所在地市区町村名":"広島市","所在地都道府県名":"広島県","管理市区町村":"広島市","管理都道府県・整備局":"広島県","都市計画決定":"0"}},{"type":"Feature","geometry":{"type":"Point","coordinates":[132.50784397,34.47044052]},"properties":{"供用済面積":"287","供用開始年":"1979","公園名":"翠光台第十公園","公園種別":"街区公園","所在地市区町村名":"広島市","所在地都道府県名":"広島県","管理市区町村":"広島市","管理都道府県・整備局":"広島県","都市計画決定":"0"}},{"type":"Feature","geometry":{"type":"Point","coordinates":[132.5123412,34.53610866]},"properties":{"供用済面積":"172","供用開始年":"1979","公園名":"頓台公園","公園種別":"街区公園","所在地市区町村名":"広島市","所在地都道府県名":"広島県","管理市区町村":"広島市","管理都道府県・整備局":"広島県","都市計画決定":"0"}},{"type":"Feature","geometry":{"type":"Point","coordinates":[132.50169548,34.46449178]},"properties":{"供用済面積":"835","供用開始年":"1990","公園名":"はすが丘南第四公園","公園種別":"街区公園","所在地市区町村名":"広島市","所在地都道府県名":"広島県","管理市区町村":"広島市","管理都道府県・整備局":"広島県","都市計画決定":"0"}},{"type":"Feature","geometry":{"type":"Point","coordinates":[132.50333125,34.46516867]},"properties":{"供用済面積":"484","供用開始年":"1990","公園名":"はすが丘南第五公園","公園種別":"街区公園","所在地市区町村名":"広島市","所在地都道府県名":"広島県","管理市区町村":"広島市","管理都道府県・整備局":"広島県","都市計画決定":"0"}},{"type":"Feature","geometry":{"type":"Point","coordinates":[132.49993489,34.46508265]},"properties":{"供用済面積":"510","供用開始年":"1990","公園名":"はすが丘南第六公園","公園種別":"街区公園","所在地市区町村名":"広島市","所在地都道府県名":"広島県","管理市区町村":"広島市","管理都道府県・整備局":"広島県","都市計画決定":"0"}},{"type":"Feature","geometry":{"type":"Point","coordinates":[132.52222754,34.47512787]},"properties":{"供用済面積":"3784","供用開始年":"1981","公園名":"光掛第一公園","公園種別":"街区公園","所在地市区町村名":"広島市","所在地都道府県名":"広島県","管理市区町村":"広島市","管理都道府県・整備局":"広島県","都市計画決定":"0"}},{"type":"Feature","geometry":{"type":"Point","coordinates":[132.52445701,34.47389886]},"properties":{"供用済面積":"2246","供用開始年":"1981","公園名":"光掛第二公園","公園種別":"街区公園","所在地市区町村名":"広島市","所在地都道府県名":"広島県","管理市区町村":"広島市","管理都道府県・整備局":"広島県","都市計画決定":"0"}},{"type":"Feature","geometry":{"type":"Point","coordinates":[132.53819182,34.4783334]},"properties":{"供用済面積":"1721","供用開始年":"2009","公園名":"深川第三公園","公園種別":"街区公園","所在地市区町村名":"広島市","所在地都道府県名":"広島県","管理市区町村":"広島市","管理都道府県・整備局":"広島県","都市計画決定":"0"}},{"type":"Feature","geometry":{"type":"Point","coordinates":[132.53762071,34.4751311]},"properties":{"供用済面積":"3052","供用開始年":"2009","公園名":"深川第四公園","公園種別":"街区公園","所在地市区町村名":"広島市","所在地都道府県名":"広島県","管理市区町村":"広島市","管理都道府県・整備局":"広島県","都市計画決定":"0"}},{"type":"Feature","geometry":{"type":"Point","coordinates":[132.54414737,34.47880351]},"properties":{"供用済面積":"2445","供用開始年":"2002","公園名":"深川第五公園","公園種別":"街区公園","所在地市区町村名":"広島市","所在地都道府県名":"広島県","管理市区町村":"広島市","管理都道府県・整備局":"広島県","都市計画決定":"0"}},{"type":"Feature","geometry":{"type":"Point","coordinates":[132.5180675,34.52946798]},"properties":{"供用済面積":"2103","供用開始年":"1999","公園名":"三入第三公園","公園種別":"街区公園","所在地市区町村名":"広島市","所在地都道府県名":"広島県","管理市区町村":"広島市","管理都道府県・整備局":"広島県","都市計画決定":"0"}},{"type":"Feature","geometry":{"type":"Point","coordinates":[132.52702367,34.5370688]},"properties":{"供用済面積":"377","供用開始年":"1999","公園名":"三入南第一公園","公園種別":"街区公園","所在地市区町村名":"広島市","所在地都道府県名":"広島県","管理市区町村":"広島市","管理都道府県・整備局":"広島県","都市計画決定":"0"}},{"type":"Feature","geometry":{"type":"Point","coordinates":[132.52583142,34.53731329]},"properties":{"供用済面積":"409","供用開始年":"2009","公園名":"三入南第二公園","公園種別":"街区公園","所在地市区町村名":"広島市","所在地都道府県名":"広島県","管理市区町村":"広島市","管理都道府県・整備局":"広島県","都市計画決定":"0"}},{"type":"Feature","geometry":{"type":"Point","coordinates":[132.51122148,34.51207137]},"properties":{"供用済面積":"1201","供用開始年":"1987","公園名":"明神公園","公園種別":"街区公園","所在地市区町村名":"広島市","所在地都道府県名":"広島県","管理市区町村":"広島市","管理都道府県・整備局":"広島県","都市計画決定":"0"}},{"type":"Feature","geometry":{"type":"Point","coordinates":[132.50696287,34.4646369]},"properties":{"供用済面積":"826","供用開始年":"1986","公園名":"矢口が丘第一公園","公園種別":"街区公園","所在地市区町村名":"広島市","所在地都道府県名":"広島県","管理市区町村":"広島市","管理都道府県・整備局":"広島県","都市計画決定":"0"}},{"type":"Feature","geometry":{"type":"Point","coordinates":[132.50738307,34.46085852]},"properties":{"供用済面積":"1020","供用開始年":"1986","公園名":"矢口が丘第二公園","公園種別":"街区公園","所在地市区町村名":"広島市","所在地都道府県名":"広島県","管理市区町村":"広島市","管理都道府県・整備局":"広島県","都市計画決定":"0"}},{"type":"Feature","geometry":{"type":"Point","coordinates":[132.50532998,34.45920645]},"properties":{"供用済面積":"1258","供用開始年":"1986","公園名":"矢口が丘第三公園","公園種別":"街区公園","所在地市区町村名":"広島市","所在地都道府県名":"広島県","管理市区町村":"広島市","管理都道府県・整備局":"広島県","都市計画決定":"0"}},{"type":"Feature","geometry":{"type":"Point","coordinates":[132.5131368,34.47584659]},"properties":{"供用済面積":"29701","供用開始年":"1988","公園名":"中山公園","公園種別":"近隣公園","所在地市区町村名":"広島市","所在地都道府県名":"広島県","管理市区町村":"広島市","管理都道府県・整備局":"広島県","都市計画決定":"0"}},{"type":"Feature","geometry":{"type":"Point","coordinates":[132.52246448,34.48609104]},"properties":{"供用済面積":"32234","供用開始年":"1979","公園名":"西山公園","公園種別":"近隣公園","所在地市区町村名":"広島市","所在地都道府県名":"広島県","管理市区町村":"広島市","管理都道府県・整備局":"広島県","都市計画決定":"0"}},{"type":"Feature","geometry":{"type":"Point","coordinates":[132.50362207,34.45720008]},"properties":{"供用済面積":"10073","供用開始年":"2002","公園名":"口田南公園","公園種別":"近隣公園","所在地市区町村名":"広島市","所在地都道府県名":"広島県","管理市区町村":"広島市","管理都道府県・整備局":"広島県","都市計画決定":"0"}},{"type":"Feature","geometry":{"type":"Point","coordinates":[132.47452919,34.53041955]},"properties":{"供用済面積":"11277","供用開始年":"2001","公園名":"勝木台公園","公園種別":"近隣公園","所在地市区町村名":"広島市","所在地都道府県名":"広島県","管理市区町村":"広島市","管理都道府県・整備局":"広島県","都市計画決定":"0"}},{"type":"Feature","geometry":{"type":"Point","coordinates":[132.50928053,34.45859097]},"properties":{"供用済面積":"21002","供用開始年":"1986","公園名":"矢口が丘公園","公園種別":"近隣公園","所在地市区町村名":"広島市","所在地都道府県名":"広島県","管理市区町村":"広島市","管理都道府県・整備局":"広島県","都市計画決定":"0"}},{"type":"Feature","geometry":{"type":"Point","coordinates":[132.51132863,34.48128263]},"properties":{"供用済面積":"44690","供用開始年":"1978","公園名":"恵下山公園","公園種別":"地区公園（カントリーパーク）","所在地市区町村名":"広島市","所在地都道府県名":"広島県","管理市区町村":"広島市","管理都道府県・整備局":"広島県","都市計画決定":"0"}},{"type":"Feature","geometry":{"type":"Point","coordinates":[132.53187945,34.47558593]},"properties":{"供用済面積":"16210","供用開始年":"1981","公園名":"倉掛公園","公園種別":"地区公園（カントリーパーク）","所在地市区町村名":"広島市","所在地都道府県名":"広島県","管理市区町村":"広島市","管理都道府県・整備局":"広島県","都市計画決定":"0"}},{"type":"Feature","geometry":{"type":"Point","coordinates":[132.52010723,34.4800898]},"properties":{"供用済面積":"40619","供用開始年":"1983","公園名":"寺迫公園","公園種別":"地区公園（カントリーパーク）","所在地市区町村名":"広島市","所在地都道府県名":"広島県","管理市区町村":"広島市","管理都道府県・整備局":"広島県","都市計画決定":"0"}},{"type":"Feature","geometry":{"type":"Point","coordinates":[132.51586309,34.51363249]},"properties":{"供用済面積":"46038","供用開始年":"2008","公園名":"寺山公園","公園種別":"総合公園","所在地市区町村名":"広島市","所在地都道府県名":"広島県","管理市区町村":"広島市","管理都道府県・整備局":"広島県","都市計画決定":"0"}},{"type":"Feature","geometry":{"type":"Point","coordinates":[132.46520152,34.53919616]},"properties":{"供用済面積":"150896","供用開始年":"1981","公園名":"可部運動公園","公園種別":"運動公園","所在地市区町村名":"広島市","所在地都道府県名":"広島県","管理市区町村":"広島市","管理都道府県・整備局":"広島県","都市計画決定":"0"}},{"type":"Feature","geometry":{"type":"Point","coordinates":[132.52734031,34.34420745]},"properties":{"供用済面積":"1757","供用開始年":"1978","公園名":"大井公園","公園種別":"街区公園","所在地市区町村名":"広島市","所在地都道府県名":"広島県","管理市区町村":"広島市","管理都道府県・整備局":"広島県","都市計画決定":"0"}},{"type":"Feature","geometry":{"type":"Point","coordinates":[132.52315133,34.34418356]},"properties":{"供用済面積":"2759","供用開始年":"1976","公園名":"大磯公園","公園種別":"街区公園","所在地市区町村名":"広島市","所在地都道府県名":"広島県","管理市区町村":"広島市","管理都道府県・整備局":"広島県","都市計画決定":"0"}},{"type":"Feature","geometry":{"type":"Point","coordinates":[132.53523442,34.3546959]},"properties":{"供用済面積":"1070","供用開始年":"1978","公園名":"神崎公園","公園種別":"街区公園","所在地市区町村名":"広島市","所在地都道府県名":"広島県","管理市区町村":"広島市","管理都道府県・整備局":"広島県","都市計画決定":"0"}},{"type":"Feature","geometry":{"type":"Point","coordinates":[132.5370795,34.34466298]},"properties":{"供用済面積":"1038","供用開始年":"1980","公園名":"西条公園","公園種別":"街区公園","所在地市区町村名":"広島市","所在地都道府県名":"広島県","管理市区町村":"広島市","管理都道府県・整備局":"広島県","都市計画決定":"0"}},{"type":"Feature","geometry":{"type":"Point","coordinates":[132.60187494,34.42430568]},"properties":{"供用済面積":"1303","供用開始年":"1985","公園名":"下瀬野第一公園","公園種別":"街区公園","所在地市区町村名":"広島市","所在地都道府県名":"広島県","管理市区町村":"広島市","管理都道府県・整備局":"広島県","都市計画決定":"0"}},{"type":"Feature","geometry":{"type":"Point","coordinates":[132.60846716,34.42082014]},"properties":{"供用済面積":"1790","供用開始年":"1992","公園名":"瀬野南第一公園","公園種別":"街区公園","所在地市区町村名":"広島市","所在地都道府県名":"広島県","管理市区町村":"広島市","管理都道府県・整備局":"広島県","都市計画決定":"0"}},{"type":"Feature","geometry":{"type":"Point","coordinates":[132.57352678,34.39754863]},"properties":{"供用済面積":"954","供用開始年":"1984","公園名":"津村第一公園","公園種別":"街区公園","所在地市区町村名":"広島市","所在地都道府県名":"広島県","管理市区町村":"広島市","管理都道府県・整備局":"広島県","都市計画決定":"0"}},{"type":"Feature","geometry":{"type":"Point","coordinates":[132.57883408,34.40257611]},"properties":{"供用済面積":"1200","供用開始年":"1978","公園名":"中須賀公園","公園種別":"街区公園","所在地市区町村名":"広島市","所在地都道府県名":"広島県","管理市区町村":"広島市","管理都道府県・整備局":"広島県","都市計画決定":"0"}},{"type":"Feature","geometry":{"type":"Point","coordinates":[132.58624035,34.41629152]},"properties":{"供用済面積":"1251","供用開始年":"1990","公園名":"中野第一公園","公園種別":"街区公園","所在地市区町村名":"広島市","所在地都道府県名":"広島県","管理市区町村":"広島市","管理都道府県・整備局":"広島県","都市計画決定":"0"}},{"type":"Feature","geometry":{"type":"Point","coordinates":[132.56425696,34.39237053]},"properties":{"供用済面積":"1766","供用開始年":"1992","公園名":"中野第二公園","公園種別":"街区公園","所在地市区町村名":"広島市","所在地都道府県名":"広島県","管理市区町村":"広島市","管理都道府県・整備局":"広島県","都市計画決定":"0"}},{"type":"Feature","geometry":{"type":"Point","coordinates":[132.56677095,34.39150198]},"properties":{"供用済面積":"1460","供用開始年":"1990","公園名":"中野東第一公園","公園種別":"街区公園","所在地市区町村名":"広島市","所在地都道府県名":"広島県","管理市区町村":"広島市","管理都道府県・整備局":"広島県","都市計画決定":"0"}},{"type":"Feature","geometry":{"type":"Point","coordinates":[132.51901723,34.37546921]},"properties":{"供用済面積":"1801","供用開始年":"1988","公園名":"西古谷公園","公園種別":"街区公園","所在地市区町村名":"広島市","所在地都道府県名":"広島県","管理市区町村":"広島市","管理都道府県・整備局":"広島県","都市計画決定":"0"}},{"type":"Feature","geometry":{"type":"Point","coordinates":[132.54935263,34.39398211]},"properties":{"供用済面積":"1230","供用開始年":"1984","公園名":"畑賀第一公園","公園種別":"街区公園","所在地市区町村名":"広島市","所在地都道府県名":"広島県","管理市区町村":"広島市","管理都道府県・整備局":"広島県","都市計画決定":"0"}},{"type":"Feature","geometry":{"type":"Point","coordinates":[132.55618909,34.3845639]},"properties":{"供用済面積":"1814","供用開始年":"1994","公園名":"畑賀第二公園","公園種別":"街区公園","所在地市区町村名":"広島市","所在地都道府県名":"広島県","管理市区町村":"広島市","管理都道府県・整備局":"広島県","都市計画決定":"0"}},{"type":"Feature","geometry":{"type":"Point","coordinates":[132.53995893,34.3517349]},"properties":{"供用済面積":"888","供用開始年":"1976","公園名":"花上公園","公園種別":"街区公園","所在地市区町村名":"広島市","所在地都道府県名":"広島県","管理市区町村":"広島市","管理都道府県・整備局":"広島県","都市計画決定":"0"}},{"type":"Feature","geometry":{"type":"Point","coordinates":[132.587723699,34.40161984]},"properties":{"供用済面積":"1200","供用開始年":"1985","公園名":"平原第一公園","公園種別":"街区公園","所在地市区町村名":"広島市","所在地都道府県名":"広島県","管理市区町村":"広島市","管理都道府県・整備局":"広島県","都市計画決定":"0"}},{"type":"Feature","geometry":{"type":"Point","coordinates":[132.52722245,34.37588006]},"properties":{"供用済面積":"1022","供用開始年":"1976","公園名":"船越中央児童公園","公園種別":"街区公園","所在地市区町村名":"広島市","所在地都道府県名":"広島県","管理市区町村":"広島市","管理都道府県・整備局":"広島県","都市計画決定":"0"}},{"type":"Feature","geometry":{"type":"Point","coordinates":[132.52463253,34.37082481]},"properties":{"供用済面積":"1066","供用開始年":"1987","公園名":"船越南第一公園","公園種別":"街区公園","所在地市区町村名":"広島市","所在地都道府県名":"広島県","管理市区町村":"広島市","管理都道府県・整備局":"広島県","都市計画決定":"0"}},{"type":"Feature","geometry":{"type":"Point","coordinates":[132.55883997,34.38937496]},"properties":{"供用済面積":"1420","供用開始年":"1982","公園名":"松ヶ崎公園","公園種別":"街区公園","所在地市区町村名":"広島市","所在地都道府県名":"広島県","管理市区町村":"広島市","管理都道府県・整備局":"広島県","都市計画決定":"0"}},{"type":"Feature","geometry":{"type":"Point","coordinates":[132.53504408,34.35068258]},"properties":{"供用済面積":"877","供用開始年":"1981","公園名":"宮下公園","公園種別":"街区公園","所在地市区町村名":"広島市","所在地都道府県名":"広島県","管理市区町村":"広島市","管理都道府県・整備局":"広島県","都市計画決定":"0"}},{"type":"Feature","geometry":{"type":"Point","coordinates":[132.53945154,34.34480898]},"properties":{"供用済面積":"1164","供用開始年":"1984","公園名":"矢野東公園","公園種別":"街区公園","所在地市区町村名":"広島市","所在地都道府県名":"広島県","管理市区町村":"広島市","管理都道府県・整備局":"広島県","都市計画決定":"0"}},{"type":"Feature","geometry":{"type":"Point","coordinates":[132.56215532,34.3834916]},"properties":{"供用済面積":"1364","供用開始年":"1989","公園名":"安芸ヶ丘公園","公園種別":"街区公園","所在地市区町村名":"広島市","所在地都道府県名":"広島県","管理市区町村":"広島市","管理都道府県・整備局":"広島県","都市計画決定":"0"}},{"type":"Feature","geometry":{"type":"Point","coordinates":[132.5312784,34.34954997]},"properties":{"供用済面積":"4100","供用開始年":"1997","公園名":"安芸矢野ニュータウン第一公園","公園種別":"街区公園","所在地市区町村名":"広島市","所在地都道府県名":"広島県","管理市区町村":"広島市","管理都道府県・整備局":"広島県","都市計画決定":"0"}},{"type":"Feature","geometry":{"type":"Point","coordinates":[132.52854461,34.34779678]},"properties":{"供用済面積":"2900","供用開始年":"1997","公園名":"安芸矢野ニュータウン第二公園","公園種別":"街区公園","所在地市区町村名":"広島市","所在地都道府県名":"広島県","管理市区町村":"広島市","管理都道府県・整備局":"広島県","都市計画決定":"0"}},{"type":"Feature","geometry":{"type":"Point","coordinates":[132.53361455,34.34439935]},"properties":{"供用済面積":"5117","供用開始年":"1997","公園名":"安芸矢野ニュータウン第三公園","公園種別":"街区公園","所在地市区町村名":"広島市","所在地都道府県名":"広島県","管理市区町村":"広島市","管理都道府県・整備局":"広島県","都市計画決定":"0"}},{"type":"Feature","geometry":{"type":"Point","coordinates":[132.53149,34.34328]},"properties":{"供用済面積":"2504","供用開始年":"1997","公園名":"安芸矢野ニュータウン第四公園","公園種別":"街区公園","所在地市区町村名":"広島市","所在地都道府県名":"広島県","管理市区町村":"広島市","管理都道府県・整備局":"広島県","都市計画決定":"0"}},{"type":"Feature","geometry":{"type":"Point","coordinates":[132.52602207,34.34183312]},"properties":{"供用済面積":"3475","供用開始年":"1997","公園名":"安芸矢野ニュータウン第五公園","公園種別":"街区公園","所在地市区町村名":"広島市","所在地都道府県名":"広島県","管理市区町村":"広島市","管理都道府県・整備局":"広島県","都市計画決定":"0"}},{"type":"Feature","geometry":{"type":"Point","coordinates":[132.52888858,34.33906191]},"properties":{"供用済面積":"2339","供用開始年":"1997","公園名":"安芸矢野ニュータウン第六公園","公園種別":"街区公園","所在地市区町村名":"広島市","所在地都道府県名":"広島県","管理市区町村":"広島市","管理都道府県・整備局":"広島県","都市計画決定":"0"}},{"type":"Feature","geometry":{"type":"Point","coordinates":[132.53343561,34.33851639]},"properties":{"供用済面積":"4549","供用開始年":"1997","公園名":"安芸矢野ニュータウン第七公園","公園種別":"街区公園","所在地市区町村名":"広島市","所在地都道府県名":"広島県","管理市区町村":"広島市","管理都道府県・整備局":"広島県","都市計画決定":"0"}},{"type":"Feature","geometry":{"type":"Point","coordinates":[132.53709,34.33727]},"properties":{"供用済面積":"1888","供用開始年":"1997","公園名":"安芸矢野ニュータウン第八公園","公園種別":"街区公園","所在地市区町村名":"広島市","所在地都道府県名":"広島県","管理市区町村":"広島市","管理都道府県・整備局":"広島県","都市計画決定":"0"}},{"type":"Feature","geometry":{"type":"Point","coordinates":[132.53824708,34.33828236]},"properties":{"供用済面積":"3111","供用開始年":"1997","公園名":"安芸矢野ニュータウン第九公園","公園種別":"街区公園","所在地市区町村名":"広島市","所在地都道府県名":"広島県","管理市区町村":"広島市","管理都道府県・整備局":"広島県","都市計画決定":"0"}},{"type":"Feature","geometry":{"type":"Point","coordinates":[132.54522085,34.33542196]},"properties":{"供用済面積":"238","供用開始年":"1986","公園名":"梅河公園","公園種別":"街区公園","所在地市区町村名":"広島市","所在地都道府県名":"広島県","管理市区町村":"広島市","管理都道府県・整備局":"広島県","都市計画決定":"0"}},{"type":"Feature","geometry":{"type":"Point","coordinates":[132.53196696,34.3545001]},"properties":{"供用済面積":"628","供用開始年":"1988","公園名":"大浜公園","公園種別":"街区公園","所在地市区町村名":"広島市","所在地都道府県名":"広島県","管理市区町村":"広島市","管理都道府県・整備局":"広島県","都市計画決定":"0"}},{"type":"Feature","geometry":{"type":"Point","coordinates":[132.59416551,34.42019999]},"properties":{"供用済面積":"2180","供用開始年":"2007","公園名":"落合公園","公園種別":"街区公園","所在地市区町村名":"広島市","所在地都道府県名":"広島県","管理市区町村":"広島市","管理都道府県・整備局":"広島県","都市計画決定":"0"}},{"type":"Feature","geometry":{"type":"Point","coordinates":[132.62156305,34.42296313]},"properties":{"供用済面積":"1471","供用開始年":"2001","公園名":"上瀬野南第一公園","公園種別":"街区公園","所在地市区町村名":"広島市","所在地都道府県名":"広島県","管理市区町村":"広島市","管理都道府県・整備局":"広島県","都市計画決定":"0"}},{"type":"Feature","geometry":{"type":"Point","coordinates":[132.58093993,34.40412473]},"properties":{"供用済面積":"791","供用開始年":"1986","公園名":"亀田第一公園","公園種別":"街区公園","所在地市区町村名":"広島市","所在地都道府県名":"広島県","管理市区町村":"広島市","管理都道府県・整備局":"広島県","都市計画決定":"0"}},{"type":"Feature","geometry":{"type":"Point","coordinates":[132.5499477,34.31651782]},"properties":{"供用済面積":"1638","供用開始年":"1991","公園名":"五月台公園","公園種別":"街区公園","所在地市区町村名":"広島市","所在地都道府県名":"広島県","管理市区町村":"広島市","管理都道府県・整備局":"広島県","都市計画決定":"0"}},{"type":"Feature","geometry":{"type":"Point","coordinates":[132.54304464,34.35640253]},"properties":{"供用済面積":"2210","供用開始年":"1981","公園名":"月が丘第一公園","公園種別":"街区公園","所在地市区町村名":"広島市","所在地都道府県名":"広島県","管理市区町村":"広島市","管理都道府県・整備局":"広島県","都市計画決定":"0"}},{"type":"Feature","geometry":{"type":"Point","coordinates":[132.53979988,34.35514362]},"properties":{"供用済面積":"950","供用開始年":"1981","公園名":"月が丘第二公園","公園種別":"街区公園","所在地市区町村名":"広島市","所在地都道府県名":"広島県","管理市区町村":"広島市","管理都道府県・整備局":"広島県","都市計画決定":"0"}},{"type":"Feature","geometry":{"type":"Point","coordinates":[132.57810353,34.40457693]},"properties":{"供用済面積":"268","供用開始年":"2004","公園名":"中野第三公園","公園種別":"街区公園","所在地市区町村名":"広島市","所在地都道府県名":"広島県","管理市区町村":"広島市","管理都道府県・整備局":"広島県","都市計画決定":"0"}},{"type":"Feature","geometry":{"type":"Point","coordinates":[132.58026935,34.40851089]},"properties":{"供用済面積":"1179","供用開始年":"1999","公園名":"中野第四公園","公園種別":"街区公園","所在地市区町村名":"広島市","所在地都道府県名":"広島県","管理市区町村":"広島市","管理都道府県・整備局":"広島県","都市計画決定":"0"}},{"type":"Feature","geometry":{"type":"Point","coordinates":[132.55636654,34.38931225]},"properties":{"供用済面積":"252","供用開始年":"2001","公園名":"中野第五公園","公園種別":"街区公園","所在地市区町村名":"広島市","所在地都道府県名":"広島県","管理市区町村":"広島市","管理都道府県・整備局":"広島県","都市計画決定":"0"}},{"type":"Feature","geometry":{"type":"Point","coordinates":[132.55033861,34.39531161]},"properties":{"供用済面積":"149","供用開始年":"1994","公園名":"畑賀第三公園","公園種別":"街区公園","所在地市区町村名":"広島市","所在地都道府県名":"広島県","管理市区町村":"広島市","管理都道府県・整備局":"広島県","都市計画決定":"0"}},{"type":"Feature","geometry":{"type":"Point","coordinates":[132.55488185,34.39246282]},"properties":{"供用済面積":"2425","供用開始年":"1997","公園名":"畑賀第四公園","公園種別":"街区公園","所在地市区町村名":"広島市","所在地都道府県名":"広島県","管理市区町村":"広島市","管理都道府県・整備局":"広島県","都市計画決定":"0"}},{"type":"Feature","geometry":{"type":"Point","coordinates":[132.58390032,34.39889599]},"properties":{"供用済面積":"1525","供用開始年":"1999","公園名":"平原第二公園","公園種別":"街区公園","所在地市区町村名":"広島市","所在地都道府県名":"広島県","管理市区町村":"広島市","管理都道府県・整備局":"広島県","都市計画決定":"0"}},{"type":"Feature","geometry":{"type":"Point","coordinates":[132.588905901,34.40599362]},"properties":{"供用済面積":"1812","供用開始年":"2001","公園名":"平原台三公園","公園種別":"街区公園","所在地市区町村名":"広島市","所在地都道府県名":"広島県","管理市区町村":"広島市","管理都道府県・整備局":"広島県","都市計画決定":"0"}},{"type":"Feature","geometry":{"type":"Point","coordinates":[132.51864929,34.37811854]},"properties":{"供用済面積":"297","供用開始年":"1986","公園名":"船越第一公園","公園種別":"街区公園","所在地市区町村名":"広島市","所在地都道府県名":"広島県","管理市区町村":"広島市","管理都道府県・整備局":"広島県","都市計画決定":"0"}},{"type":"Feature","geometry":{"type":"Point","coordinates":[132.595549361,34.42727398]},"properties":{"供用済面積":"1942","供用開始年":"1999","公園名":"みどり坂第二公園","公園種別":"街区公園","所在地市区町村名":"広島市","所在地都道府県名":"広島県","管理市区町村":"広島市","管理都道府県・整備局":"広島県","都市計画決定":"0"}},{"type":"Feature","geometry":{"type":"Point","coordinates":[132.59500677,34.42808994]},"properties":{"供用済面積":"1661","供用開始年":"1999","公園名":"みどり坂第三公園","公園種別":"街区公園","所在地市区町村名":"広島市","所在地都道府県名":"広島県","管理市区町村":"広島市","管理都道府県・整備局":"広島県","都市計画決定":"0"}},{"type":"Feature","geometry":{"type":"Point","coordinates":[132.59191212,34.42774374]},"properties":{"供用済面積":"1923","供用開始年":"1999","公園名":"みどり坂第四公園","公園種別":"街区公園","所在地市区町村名":"広島市","所在地都道府県名":"広島県","管理市区町村":"広島市","管理都道府県・整備局":"広島県","都市計画決定":"0"}},{"type":"Feature","geometry":{"type":"Point","coordinates":[132.58680026,34.42928709]},"properties":{"供用済面積":"2045","供用開始年":"1999","公園名":"みどり坂第五公園","公園種別":"街区公園","所在地市区町村名":"広島市","所在地都道府県名":"広島県","管理市区町村":"広島市","管理都道府県・整備局":"広島県","都市計画決定":"0"}},{"type":"Feature","geometry":{"type":"Point","coordinates":[132.5909489,34.43159872]},"properties":{"供用済面積":"1770","供用開始年":"1999","公園名":"みどり坂第六公園","公園種別":"街区公園","所在地市区町村名":"広島市","所在地都道府県名":"広島県","管理市区町村":"広島市","管理都道府県・整備局":"広島県","都市計画決定":"0"}},{"type":"Feature","geometry":{"type":"Point","coordinates":[132.58825639,34.43302989]},"properties":{"供用済面積":"1716","供用開始年":"1999","公園名":"みどり坂第七公園","公園種別":"街区公園","所在地市区町村名":"広島市","所在地都道府県名":"広島県","管理市区町村":"広島市","管理都道府県・整備局":"広島県","都市計画決定":"0"}},{"type":"Feature","geometry":{"type":"Point","coordinates":[132.58497486,34.43248258]},"properties":{"供用済面積":"1657","供用開始年":"1999","公園名":"みどり坂第八公園","公園種別":"街区公園","所在地市区町村名":"広島市","所在地都道府県名":"広島県","管理市区町村":"広島市","管理都道府県・整備局":"広島県","都市計画決定":"0"}},{"type":"Feature","geometry":{"type":"Point","coordinates":[132.52926345,34.35254803]},"properties":{"供用済面積":"900","供用開始年":"1987","公園名":"矢野西第一公園","公園種別":"街区公園","所在地市区町村名":"広島市","所在地都道府県名":"広島県","管理市区町村":"広島市","管理都道府県・整備局":"広島県","都市計画決定":"0"}},{"type":"Feature","geometry":{"type":"Point","coordinates":[132.52905542,34.35493534]},"properties":{"供用済面積":"1607","供用開始年":"1987","公園名":"矢野西第二公園","公園種別":"街区公園","所在地市区町村名":"広島市","所在地都道府県名":"広島県","管理市区町村":"広島市","管理都道府県・整備局":"広島県","都市計画決定":"0"}},{"type":"Feature","geometry":{"type":"Point","coordinates":[132.62177202,34.42547291]},"properties":{"供用済面積":"241","供用開始年":"1979","公園名":"湯谷公園","公園種別":"街区公園","所在地市区町村名":"広島市","所在地都道府県名":"広島県","管理市区町村":"広島市","管理都道府県・整備局":"広島県","都市計画決定":"0"}},{"type":"Feature","geometry":{"type":"Point","coordinates":[132.59221255,34.42190264]},"properties":{"供用済面積":"1300","供用開始年":"2003","公園名":"下瀬野第二公園","公園種別":"街区公園","所在地市区町村名":"広島市","所在地都道府県名":"広島県","管理市区町村":"広島市","管理都道府県・整備局":"広島県","都市計画決定":"0"}},{"type":"Feature","geometry":{"type":"Point","coordinates":[132.54300313,34.35663946]},"properties":{"供用済面積":"17530","供用開始年":"1985","公園名":"月が丘公園","公園種別":"近隣公園","所在地市区町村名":"広島市","所在地都道府県名":"広島県","管理市区町村":"広島市","管理都道府県・整備局":"広島県","都市計画決定":"0"}},{"type":"Feature","geometry":{"type":"Point","coordinates":[132.52383566,34.35148104]},"properties":{"供用済面積":"20505","供用開始年":"1987","公園名":"矢野新町公園","公園種別":"近隣公園","所在地市区町村名":"広島市","所在地都道府県名":"広島県","管理市区町村":"広島市","管理都道府県・整備局":"広島県","都市計画決定":"0"}},{"type":"Feature","geometry":{"type":"Point","coordinates":[132.531466721,34.34045799]},"properties":{"供用済面積":"25456","供用開始年":"1997","公園名":"安芸矢野ニュータウン中央公園","公園種別":"近隣公園","所在地市区町村名":"広島市","所在地都道府県名":"広島県","管理市区町村":"広島市","管理都道府県・整備局":"広島県","都市計画決定":"0"}},{"type":"Feature","geometry":{"type":"Point","coordinates":[132.59882719,34.4242899]},"properties":{"供用済面積":"10155","供用開始年":"1999","公園名":"みどり坂第一公園","公園種別":"近隣公園","所在地市区町村名":"広島市","所在地都道府県名":"広島県","管理市区町村":"広島市","管理都道府県・整備局":"広島県","都市計画決定":"0"}},{"type":"Feature","geometry":{"type":"Point","coordinates":[132.52603893,34.37894654]},"properties":{"供用済面積":"53100","供用開始年":"9999","公園名":"岩滝公園","公園種別":"地区公園（カントリーパーク）","所在地市区町村名":"広島市","所在地都道府県名":"広島県","管理市区町村":"広島市","管理都道府県・整備局":"広島県","都市計画決定":"0"}},{"type":"Feature","geometry":{"type":"Point","coordinates":[132.59046318,34.42921039]},"properties":{"供用済面積":"45180","供用開始年":"1999","公園名":"みどり坂中央公園","公園種別":"地区公園（カントリーパーク）","所在地市区町村名":"広島市","所在地都道府県名":"広島県","管理市区町村":"広島市","管理都道府県・整備局":"広島県","都市計画決定":"0"}},{"type":"Feature","geometry":{"type":"Point","coordinates":[132.54292421,34.3196046]},"properties":{"供用済面積":"527800","供用開始年":"9999","公園名":"絵下山公園","公園種別":"総合公園","所在地市区町村名":"広島市","所在地都道府県名":"広島県","管理市区町村":"広島市","管理都道府県・整備局":"広島県","都市計画決定":"0"}},{"type":"Feature","geometry":{"type":"Point","coordinates":[132.63619247,34.42774495]},"properties":{"供用済面積":"240084","供用開始年":"1994","公園名":"瀬野川公園","公園種別":"運動公園","所在地市区町村名":"広島市","所在地都道府県名":"広島県","管理市区町村":"広島市","管理都道府県・整備局":"広島県","都市計画決定":"0"}},{"type":"Feature","geometry":{"type":"Point","coordinates":[132.59414458,34.42605081]},"properties":{"供用済面積":"4410","供用開始年":"1999","公園名":"みどり坂第一緑地","公園種別":"都市緑地","所在地市区町村名":"広島市","所在地都道府県名":"広島県","管理市区町村":"広島市","管理都道府県・整備局":"広島県","都市計画決定":"0"}},{"type":"Feature","geometry":{"type":"Point","coordinates":[132.594434291,34.42569097]},"properties":{"供用済面積":"16998","供用開始年":"1999","公園名":"みどり坂第二緑地","公園種別":"都市緑地","所在地市区町村名":"広島市","所在地都道府県名":"広島県","管理市区町村":"広島市","管理都道府県・整備局":"広島県","都市計画決定":"0"}},{"type":"Feature","geometry":{"type":"Point","coordinates":[132.59230275,34.42957264]},"properties":{"供用済面積":"5326","供用開始年":"1999","公園名":"みどり坂第三緑地","公園種別":"都市緑地","所在地市区町村名":"広島市","所在地都道府県名":"広島県","管理市区町村":"広島市","管理都道府県・整備局":"広島県","都市計画決定":"0"}},{"type":"Feature","geometry":{"type":"Point","coordinates":[132.58710422,34.43476701]},"properties":{"供用済面積":"1091","供用開始年":"1999","公園名":"みどり坂第四緑地","公園種別":"都市緑地","所在地市区町村名":"広島市","所在地都道府県名":"広島県","管理市区町村":"広島市","管理都道府県・整備局":"広島県","都市計画決定":"0"}},{"type":"Feature","geometry":{"type":"Point","coordinates":[132.524252469,34.3507879]},"properties":{"供用済面積":"6200","供用開始年":"9999","公園名":"矢野新町緑地","公園種別":"都市緑地","所在地市区町村名":"広島市","所在地都道府県名":"広島県","管理市区町村":"広島市","管理都道府県・整備局":"広島県","都市計画決定":"0"}},{"type":"Feature","geometry":{"type":"Point","coordinates":[132.5214452,34.35011323]},"properties":{"供用済面積":"7572","供用開始年":"1987","公園名":"矢野西緑地","公園種別":"都市緑地","所在地市区町村名":"広島市","所在地都道府県名":"広島県","管理市区町村":"広島市","管理都道府県・整備局":"広島県","都市計画決定":"0"}},{"type":"Feature","geometry":{"type":"Point","coordinates":[132.3608791,34.39165067]},"properties":{"供用済面積":"1175","供用開始年":"1982","公園名":"池田地公園","公園種別":"街区公園","所在地市区町村名":"広島市","所在地都道府県名":"広島県","管理市区町村":"広島市","管理都道府県・整備局":"広島県","都市計画決定":"0"}},{"type":"Feature","geometry":{"type":"Point","coordinates":[132.35689809,34.36589697]},"properties":{"供用済面積":"1125","供用開始年":"1986","公園名":"五日市第一公園","公園種別":"街区公園","所在地市区町村名":"広島市","所在地都道府県名":"広島県","管理市区町村":"広島市","管理都道府県・整備局":"広島県","都市計画決定":"0"}},{"type":"Feature","geometry":{"type":"Point","coordinates":[132.35869475,34.38001353]},"properties":{"供用済面積":"7185","供用開始年":"1988","公園名":"五日市中央公園","公園種別":"街区公園","所在地市区町村名":"広島市","所在地都道府県名":"広島県","管理市区町村":"広島市","管理都道府県・整備局":"広島県","都市計画決定":"0"}},{"type":"Feature","geometry":{"type":"Point","coordinates":[132.366202871,34.37133173]},"properties":{"供用済面積":"2700","供用開始年":"1982","公園名":"駅前第一公園","公園種別":"街区公園","所在地市区町村名":"広島市","所在地都道府県名":"広島県","管理市区町村":"広島市","管理都道府県・整備局":"広島県","都市計画決定":"0"}},{"type":"Feature","geometry":{"type":"Point","coordinates":[132.36461913,34.37095521]},"properties":{"供用済面積":"1123","供用開始年":"1982","公園名":"駅前第二公園","公園種別":"街区公園","所在地市区町村名":"広島市","所在地都道府県名":"広島県","管理市区町村":"広島市","管理都道府県・整備局":"広島県","都市計画決定":"0"}},{"type":"Feature","geometry":{"type":"Point","coordinates":[132.35781533,34.35947198]},"properties":{"供用済面積":"1638","供用開始年":"1990","公園名":"海老園第一公園","公園種別":"街区公園","所在地市区町村名":"広島市","所在地都道府県名":"広島県","管理市区町村":"広島市","管理都道府県・整備局":"広島県","都市計画決定":"0"}},{"type":"Feature","geometry":{"type":"Point","coordinates":[132.36178689,34.36962761]},"properties":{"供用済面積":"3000","供用開始年":"1982","公園名":"新宮苑公園","公園種別":"街区公園","所在地市区町村名":"広島市","所在地都道府県名":"広島県","管理市区町村":"広島市","管理都道府県・整備局":"広島県","都市計画決定":"0"}},{"type":"Feature","geometry":{"type":"Point","coordinates":[132.34637348,34.36450758]},"properties":{"供用済面積":"1148","供用開始年":"1996","公園名":"隅の浜第一公園","公園種別":"街区公園","所在地市区町村名":"広島市","所在地都道府県名":"広島県","管理市区町村":"広島市","管理都道府県・整備局":"広島県","都市計画決定":"0"}},{"type":"Feature","geometry":{"type":"Point","coordinates":[132.34885097,34.37860878]},"properties":{"供用済面積":"1050","供用開始年":"1982","公園名":"千同公園","公園種別":"街区公園","所在地市区町村名":"広島市","所在地都道府県名":"広島県","管理市区町村":"広島市","管理都道府県・整備局":"広島県","都市計画決定":"0"}},{"type":"Feature","geometry":{"type":"Point","coordinates":[132.346591881,34.3803649]},"properties":{"供用済面積":"1378","供用開始年":"2007","公園名":"千同第三公園","公園種別":"街区公園","所在地市区町村名":"広島市","所在地都道府県名":"広島県","管理市区町村":"広島市","管理都道府県・整備局":"広島県","都市計画決定":"0"}},{"type":"Feature","geometry":{"type":"Point","coordinates":[132.35319131,34.38017473]},"properties":{"供用済面積":"1564","供用開始年":"1984","公園名":"千同川尻公園","公園種別":"街区公園","所在地市区町村名":"広島市","所在地都道府県名":"広島県","管理市区町村":"広島市","管理都道府県・整備局":"広島県","都市計画決定":"0"}},{"type":"Feature","geometry":{"type":"Point","coordinates":[132.35354119,34.3679542]},"properties":{"供用済面積":"1887","供用開始年":"1983","公園名":"中央第一公園","公園種別":"街区公園","所在地市区町村名":"広島市","所在地都道府県名":"広島県","管理市区町村":"広島市","管理都道府県・整備局":"広島県","都市計画決定":"0"}},{"type":"Feature","geometry":{"type":"Point","coordinates":[132.35505416,34.37383418]},"properties":{"供用済面積":"1725","供用開始年":"1982","公園名":"中央第二公園","公園種別":"街区公園","所在地市区町村名":"広島市","所在地都道府県名":"広島県","管理市区町村":"広島市","管理都道府県・整備局":"広島県","都市計画決定":"0"}},{"type":"Feature","geometry":{"type":"Point","coordinates":[132.352151139,34.37196118]},"properties":{"供用済面積":"1203","供用開始年":"1985","公園名":"中央第三公園","公園種別":"街区公園","所在地市区町村名":"広島市","所在地都道府県名":"広島県","管理市区町村":"広島市","管理都道府県・整備局":"広島県","都市計画決定":"0"}},{"type":"Feature","geometry":{"type":"Point","coordinates":[132.350326121,34.36729404]},"properties":{"供用済面積":"1727","供用開始年":"1996","公園名":"中央第四公園","公園種別":"街区公園","所在地市区町村名":"広島市","所在地都道府県名":"広島県","管理市区町村":"広島市","管理都道府県・整備局":"広島県","都市計画決定":"0"}},{"type":"Feature","geometry":{"type":"Point","coordinates":[132.35633829,34.38354134]},"properties":{"供用済面積":"2000","供用開始年":"1983","公園名":"中央北公園","公園種別":"街区公園","所在地市区町村名":"広島市","所在地都道府県名":"広島県","管理市区町村":"広島市","管理都道府県・整備局":"広島県","都市計画決定":"0"}},{"type":"Feature","geometry":{"type":"Point","coordinates":[132.36338358,34.39563795]},"properties":{"供用済面積":"1591","供用開始年":"1992","公園名":"利松第四公園","公園種別":"街区公園","所在地市区町村名":"広島市","所在地都道府県名":"広島県","管理市区町村":"広島市","管理都道府県・整備局":"広島県","都市計画決定":"0"}},{"type":"Feature","geometry":{"type":"Point","coordinates":[132.36438731,34.3834755]},"properties":{"供用済面積":"3121","供用開始年":"1982","公園名":"中地公園","公園種別":"街区公園","所在地市区町村名":"広島市","所在地都道府県名":"広島県","管理市区町村":"広島市","管理都道府県・整備局":"広島県","都市計画決定":"0"}},{"type":"Feature","geometry":{"type":"Point","coordinates":[132.34749875,34.36712517]},"properties":{"供用済面積":"1310","供用開始年":"1983","公園名":"三筋公園","公園種別":"街区公園","所在地市区町村名":"広島市","所在地都道府県名":"広島県","管理市区町村":"広島市","管理都道府県・整備局":"広島県","都市計画決定":"0"}},{"type":"Feature","geometry":{"type":"Point","coordinates":[132.36444404,34.38161018]},"properties":{"供用済面積":"2171","供用開始年":"1982","公園名":"美鈴第一公園","公園種別":"街区公園","所在地市区町村名":"広島市","所在地都道府県名":"広島県","管理市区町村":"広島市","管理都道府県・整備局":"広島県","都市計画決定":"0"}},{"type":"Feature","geometry":{"type":"Point","coordinates":[132.36694045,34.38160251]},"properties":{"供用済面積":"1957","供用開始年":"1982","公園名":"美鈴第二公園","公園種別":"街区公園","所在地市区町村名":"広島市","所在地都道府県名":"広島県","管理市区町村":"広島市","管理都道府県・整備局":"広島県","都市計画決定":"0"}},{"type":"Feature","geometry":{"type":"Point","coordinates":[132.36618396,34.37374974]},"properties":{"供用済面積":"4031","供用開始年":"1982","公園名":"皆賀公園","公園種別":"街区公園","所在地市区町村名":"広島市","所在地都道府県名":"広島県","管理市区町村":"広島市","管理都道府県・整備局":"広島県","都市計画決定":"0"}},{"type":"Feature","geometry":{"type":"Point","coordinates":[132.36397507,34.37680553]},"properties":{"供用済面積":"955","供用開始年":"1982","公園名":"皆賀神田公園","公園種別":"街区公園","所在地市区町村名":"広島市","所在地都道府県名":"広島県","管理市区町村":"広島市","管理都道府県・整備局":"広島県","都市計画決定":"0"}},{"type":"Feature","geometry":{"type":"Point","coordinates":[132.34863348,34.35728426]},"properties":{"供用済面積":"4100","供用開始年":"1982","公園名":"美の里公園","公園種別":"街区公園","所在地市区町村名":"広島市","所在地都道府県名":"広島県","管理市区町村":"広島市","管理都道府県・整備局":"広島県","都市計画決定":"0"}},{"type":"Feature","geometry":{"type":"Point","coordinates":[132.34600469,34.3599479]},"properties":{"供用済面積":"2058","供用開始年":"1987","公園名":"美の里第二公園","公園種別":"街区公園","所在地市区町村名":"広島市","所在地都道府県名":"広島県","管理市区町村":"広島市","管理都道府県・整備局":"広島県","都市計画決定":"0"}},{"type":"Feature","geometry":{"type":"Point","coordinates":[132.34634511,34.37231429]},"properties":{"供用済面積":"1492","供用開始年":"1996","公園名":"三宅第一公園","公園種別":"街区公園","所在地市区町村名":"広島市","所在地都道府県名":"広島県","管理市区町村":"広島市","管理都道府県・整備局":"広島県","都市計画決定":"0"}},{"type":"Feature","geometry":{"type":"Point","coordinates":[132.36173015,34.37297444]},"properties":{"供用済面積":"1412","供用開始年":"1982","公園名":"宮ノ下公園","公園種別":"街区公園","所在地市区町村名":"広島市","所在地都道府県名":"広島県","管理市区町村":"広島市","管理都道府県・整備局":"広島県","都市計画決定":"0"}},{"type":"Feature","geometry":{"type":"Point","coordinates":[132.36253578,34.38647303]},"properties":{"供用済面積":"1266","供用開始年":"1989","公園名":"八幡東第一公園","公園種別":"街区公園","所在地市区町村名":"広島市","所在地都道府県名":"広島県","管理市区町村":"広島市","管理都道府県・整備局":"広島県","都市計画決定":"0"}},{"type":"Feature","geometry":{"type":"Point","coordinates":[132.3652289,34.38826546]},"properties":{"供用済面積":"1720","供用開始年":"1996","公園名":"八幡東第二公園","公園種別":"街区公園","所在地市区町村名":"広島市","所在地都道府県名":"広島県","管理市区町村":"広島市","管理都道府県・整備局":"広島県","都市計画決定":"0"}},{"type":"Feature","geometry":{"type":"Point","coordinates":[132.3534492,34.36102337]},"properties":{"供用済面積":"907","供用開始年":"1982","公園名":"楽々園第二公園","公園種別":"街区公園","所在地市区町村名":"広島市","所在地都道府県名":"広島県","管理市区町村":"広島市","管理都道府県・整備局":"広島県","都市計画決定":"0"}},{"type":"Feature","geometry":{"type":"Point","coordinates":[132.34116318,34.40940576]},"properties":{"供用済面積":"1288","供用開始年":"1996","公園名":"彩が丘第一公園","公園種別":"街区公園","所在地市区町村名":"広島市","所在地都道府県名":"広島県","管理市区町村":"広島市","管理都道府県・整備局":"広島県","都市計画決定":"0"}},{"type":"Feature","geometry":{"type":"Point","coordinates":[132.34537114,34.40879166]},"properties":{"供用済面積":"1007","供用開始年":"1996","公園名":"彩が丘第二公園","公園種別":"街区公園","所在地市区町村名":"広島市","所在地都道府県名":"広島県","管理市区町村":"広島市","管理都道府県・整備局":"広島県","都市計画決定":"0"}},{"type":"Feature","geometry":{"type":"Point","coordinates":[132.34120101,34.4038098]},"properties":{"供用済面積":"756","供用開始年":"1996","公園名":"彩が丘第三公園","公園種別":"街区公園","所在地市区町村名":"広島市","所在地都道府県名":"広島県","管理市区町村":"広島市","管理都道府県・整備局":"広島県","都市計画決定":"0"}},{"type":"Feature","geometry":{"type":"Point","coordinates":[132.34697867,34.40712592]},"properties":{"供用済面積":"1475","供用開始年":"1996","公園名":"彩が丘第四公園","公園種別":"街区公園","所在地市区町村名":"広島市","所在地都道府県名":"広島県","管理市区町村":"広島市","管理都道府県・整備局":"広島県","都市計画決定":"0"}},{"type":"Feature","geometry":{"type":"Point","coordinates":[132.38933244,34.41636041]},"properties":{"供用済面積":"4150","供用開始年":"1999","公園名":"石内南第一公園","公園種別":"街区公園","所在地市区町村名":"広島市","所在地都道府県名":"広島県","管理市区町村":"広島市","管理都道府県・整備局":"広島県","都市計画決定":"0"}},{"type":"Feature","geometry":{"type":"Point","coordinates":[132.38541762,34.41177771]},"properties":{"供用済面積":"2917","供用開始年":"1999","公園名":"石内南第二公園","公園種別":"街区公園","所在地市区町村名":"広島市","所在地都道府県名":"広島県","管理市区町村":"広島市","管理都道府県・整備局":"広島県","都市計画決定":"0"}},{"type":"Feature","geometry":{"type":"Point","coordinates":[132.3829023,34.4113939]},"properties":{"供用済面積":"9792","供用開始年":"1999","公園名":"石内南第三公園","公園種別":"街区公園","所在地市区町村名":"広島市","所在地都道府県名":"広島県","管理市区町村":"広島市","管理都道府県・整備局":"広島県","都市計画決定":"0"}},{"type":"Feature","geometry":{"type":"Point","coordinates":[132.377427239,34.40916012]},"properties":{"供用済面積":"2582","供用開始年":"1999","公園名":"石内南第四公園","公園種別":"街区公園","所在地市区町村名":"広島市","所在地都道府県名":"広島県","管理市区町村":"広島市","管理都道府県・整備局":"広島県","都市計画決定":"0"}},{"type":"Feature","geometry":{"type":"Point","coordinates":[132.37918607,34.40942879]},"properties":{"供用済面積":"951","供用開始年":"1999","公園名":"石内南第五公園","公園種別":"街区公園","所在地市区町村名":"広島市","所在地都道府県名":"広島県","管理市区町村":"広島市","管理都道府県・整備局":"広島県","都市計画決定":"0"}},{"type":"Feature","geometry":{"type":"Point","coordinates":[132.38957357,34.42403278]},"properties":{"供用済面積":"9155","供用開始年":"1997","公園名":"石内流通第一公園","公園種別":"街区公園","所在地市区町村名":"広島市","所在地都道府県名":"広島県","管理市区町村":"広島市","管理都道府県・整備局":"広島県","都市計画決定":"0"}},{"type":"Feature","geometry":{"type":"Point","coordinates":[132.39540974,34.42670747]},"properties":{"供用済面積":"1377","供用開始年":"1997","公園名":"石内流通第二公園","公園種別":"街区公園","所在地市区町村名":"広島市","所在地都道府県名":"広島県","管理市区町村":"広島市","管理都道府県・整備局":"広島県","都市計画決定":"0"}},{"type":"Feature","geometry":{"type":"Point","coordinates":[132.34516424,34.36834231]},"properties":{"供用済面積":"535","供用開始年":"1982","公園名":"円満地公園","公園種別":"街区公園","所在地市区町村名":"広島市","所在地都道府県名":"広島県","管理市区町村":"広島市","管理都道府県・整備局":"広島県","都市計画決定":"0"}},{"type":"Feature","geometry":{"type":"Point","coordinates":[132.35350704,34.38801013]},"properties":{"供用済面積":"2144","供用開始年":"1986","公園名":"折出第一公園","公園種別":"街区公園","所在地市区町村名":"広島市","所在地都道府県名":"広島県","管理市区町村":"広島市","管理都道府県・整備局":"広島県","都市計画決定":"0"}},{"type":"Feature","geometry":{"type":"Point","coordinates":[132.35107693,34.38779691]},"properties":{"供用済面積":"2313","供用開始年":"1986","公園名":"折出第二公園","公園種別":"街区公園","所在地市区町村名":"広島市","所在地都道府県名":"広島県","管理市区町村":"広島市","管理都道府県・整備局":"広島県","都市計画決定":"0"}},{"type":"Feature","geometry":{"type":"Point","coordinates":[132.36365,34.36168]},"properties":{"供用済面積":"1005","供用開始年":"1996","公園名":"海老園第二公園","公園種別":"街区公園","所在地市区町村名":"広島市","所在地都道府県名":"広島県","管理市区町村":"広島市","管理都道府県・整備局":"広島県","都市計画決定":"0"}},{"type":"Feature","geometry":{"type":"Point","coordinates":[132.36874904,34.36129315]},"properties":{"供用済面積":"1998","供用開始年":"2000","公園名":"海老山南第一公園","公園種別":"街区公園","所在地市区町村名":"広島市","所在地都道府県名":"広島県","管理市区町村":"広島市","管理都道府県・整備局":"広島県","都市計画決定":"0"}},{"type":"Feature","geometry":{"type":"Point","coordinates":[132.33897921,34.39174187]},"properties":{"供用済面積":"4047","供用開始年":"1988","公園名":"観音台北第一公園","公園種別":"街区公園","所在地市区町村名":"広島市","所在地都道府県名":"広島県","管理市区町村":"広島市","管理都道府県・整備局":"広島県","都市計画決定":"0"}},{"type":"Feature","geometry":{"type":"Point","coordinates":[132.33886967,34.38970278]},"properties":{"供用済面積":"1042","供用開始年":"1988","公園名":"観音台北第二公園","公園種別":"街区公園","所在地市区町村名":"広島市","所在地都道府県名":"広島県","管理市区町村":"広島市","管理都道府県・整備局":"広島県","都市計画決定":"0"}},{"type":"Feature","geometry":{"type":"Point","coordinates":[132.34131613,34.38996903]},"properties":{"供用済面積":"990","供用開始年":"1988","公園名":"観音台北第三公園","公園種別":"街区公園","所在地市区町村名":"広島市","所在地都道府県名":"広島県","管理市区町村":"広島市","管理都道府県・整備局":"広島県","都市計画決定":"0"}},{"type":"Feature","geometry":{"type":"Point","coordinates":[132.34226744,34.38740856]},"properties":{"供用済面積":"891","供用開始年":"1988","公園名":"観音台北第四公園","公園種別":"街区公園","所在地市区町村名":"広島市","所在地都道府県名":"広島県","管理市区町村":"広島市","管理都道府県・整備局":"広島県","都市計画決定":"0"}},{"type":"Feature","geometry":{"type":"Point","coordinates":[132.34202427,34.38439855]},"properties":{"供用済面積":"3480","供用開始年":"1988","公園名":"観音台東第一公園","公園種別":"街区公園","所在地市区町村名":"広島市","所在地都道府県名":"広島県","管理市区町村":"広島市","管理都道府県・整備局":"広島県","都市計画決定":"0"}},{"type":"Feature","geometry":{"type":"Point","coordinates":[132.34336498,34.38520789]},"properties":{"供用済面積":"963","供用開始年":"1988","公園名":"観音台東第二公園","公園種別":"街区公園","所在地市区町村名":"広島市","所在地都道府県名":"広島県","管理市区町村":"広島市","管理都道府県・整備局":"広島県","都市計画決定":"0"}},{"type":"Feature","geometry":{"type":"Point","coordinates":[132.34479112,34.38249703]},"properties":{"供用済面積":"1097","供用開始年":"1988","公園名":"観音台東第三公園","公園種別":"街区公園","所在地市区町村名":"広島市","所在地都道府県名":"広島県","管理市区町村":"広島市","管理都道府県・整備局":"広島県","都市計画決定":"0"}},{"type":"Feature","geometry":{"type":"Point","coordinates":[132.34814289,34.38370044]},"properties":{"供用済面積":"2449","供用開始年":"1988","公園名":"観音台東第四公園","公園種別":"街区公園","所在地市区町村名":"広島市","所在地都道府県名":"広島県","管理市区町村":"広島市","管理都道府県・整備局":"広島県","都市計画決定":"0"}},{"type":"Feature","geometry":{"type":"Point","coordinates":[132.35036919,34.41358842]},"properties":{"供用済面積":"191","供用開始年":"1996","公園名":"河内公園","公園種別":"街区公園","所在地市区町村名":"広島市","所在地都道府県名":"広島県","管理市区町村":"広島市","管理都道府県・整備局":"広島県","都市計画決定":"0"}},{"type":"Feature","geometry":{"type":"Point","coordinates":[132.35429569,34.412199]},"properties":{"供用済面積":"2179","供用開始年":"2007","公園名":"河内第一公園","公園種別":"街区公園","所在地市区町村名":"広島市","所在地都道府県名":"広島県","管理市区町村":"広島市","管理都道府県・整備局":"広島県","都市計画決定":"0"}},{"type":"Feature","geometry":{"type":"Point","coordinates":[132.33975822,34.37132725]},"properties":{"供用済面積":"156","供用開始年":"1982","公園名":"後楽園公園","公園種別":"街区公園","所在地市区町村名":"広島市","所在地都道府県名":"広島県","管理市区町村":"広島市","管理都道府県・整備局":"広島県","都市計画決定":"0"}},{"type":"Feature","geometry":{"type":"Point","coordinates":[132.4007932,34.41821805]},"properties":{"供用済面積":"1463","供用開始年":"1982","公園名":"五月が丘第一公園","公園種別":"街区公園","所在地市区町村名":"広島市","所在地都道府県名":"広島県","管理市区町村":"広島市","管理都道府県・整備局":"広島県","都市計画決定":"0"}},{"type":"Feature","geometry":{"type":"Point","coordinates":[132.40458509,34.41992217]},"properties":{"供用済面積":"2073","供用開始年":"1982","公園名":"五月が丘第二公園","公園種別":"街区公園","所在地市区町村名":"広島市","所在地都道府県名":"広島県","管理市区町村":"広島市","管理都道府県・整備局":"広島県","都市計画決定":"0"}},{"type":"Feature","geometry":{"type":"Point","coordinates":[132.40307211,34.42471981]},"properties":{"供用済面積":"2455","供用開始年":"1982","公園名":"五月が丘第三公園","公園種別":"街区公園","所在地市区町村名":"広島市","所在地都道府県名":"広島県","管理市区町村":"広島市","管理都道府県・整備局":"広島県","都市計画決定":"0"}},{"type":"Feature","geometry":{"type":"Point","coordinates":[132.40569998,34.4282988]},"properties":{"供用済面積":"550","供用開始年":"1982","公園名":"五月が丘第四公園","公園種別":"街区公園","所在地市区町村名":"広島市","所在地都道府県名":"広島県","管理市区町村":"広島市","管理都道府県・整備局":"広島県","都市計画決定":"0"}},{"type":"Feature","geometry":{"type":"Point","coordinates":[132.40136371,34.42881661]},"properties":{"供用済面積":"1249","供用開始年":"1986","公園名":"五月が丘第六公園","公園種別":"街区公園","所在地市区町村名":"広島市","所在地都道府県名":"広島県","管理市区町村":"広島市","管理都道府県・整備局":"広島県","都市計画決定":"0"}},{"type":"Feature","geometry":{"type":"Point","coordinates":[132.40435927,34.4301716]},"properties":{"供用済面積":"1316","供用開始年":"1986","公園名":"五月が丘第七公園","公園種別":"街区公園","所在地市区町村名":"広島市","所在地都道府県名":"広島県","管理市区町村":"広島市","管理都道府県・整備局":"広島県","都市計画決定":"0"}},{"type":"Feature","geometry":{"type":"Point","coordinates":[132.40597337,34.42956938]},"properties":{"供用済面積":"1090","供用開始年":"1986","公園名":"五月が丘第八公園","公園種別":"街区公園","所在地市区町村名":"広島市","所在地都道府県名":"広島県","管理市区町村":"広島市","管理都道府県・整備局":"広島県","都市計画決定":"0"}},{"type":"Feature","geometry":{"type":"Point","coordinates":[132.36933283,34.37823265]},"properties":{"供用済面積":"4108","供用開始年":"1982","公園名":"昭和台第一公園","公園種別":"街区公園","所在地市区町村名":"広島市","所在地都道府県名":"広島県","管理市区町村":"広島市","管理都道府県・整備局":"広島県","都市計画決定":"0"}},{"type":"Feature","geometry":{"type":"Point","coordinates":[132.37101602,34.37509308]},"properties":{"供用済面積":"1398","供用開始年":"1982","公園名":"昭和台第二公園","公園種別":"街区公園","所在地市区町村名":"広島市","所在地都道府県名":"広島県","管理市区町村":"広島市","管理都道府県・整備局":"広島県","都市計画決定":"0"}},{"type":"Feature","geometry":{"type":"Point","coordinates":[132.3455508,34.36238894]},"properties":{"供用済面積":"1500","供用開始年":"2004","公園名":"隅の浜第二公園","公園種別":"街区公園","所在地市区町村名":"広島市","所在地都道府県名":"広島県","管理市区町村":"広島市","管理都道府県・整備局":"広島県","都市計画決定":"0"}},{"type":"Feature","geometry":{"type":"Point","coordinates":[132.35353173,34.37439454]},"properties":{"供用済面積":"981","供用開始年":"1986","公園名":"千同第二公園","公園種別":"街区公園","所在地市区町村名":"広島市","所在地都道府県名":"広島県","管理市区町村":"広島市","管理都道府県・整備局":"広島県","都市計画決定":"0"}},{"type":"Feature","geometry":{"type":"Point","coordinates":[132.3403755,34.37489076]},"properties":{"供用済面積":"262","供用開始年":"1986","公園名":"大輝公園","公園種別":"街区公園","所在地市区町村名":"広島市","所在地都道府県名":"広島県","管理市区町村":"広島市","管理都道府県・整備局":"広島県","都市計画決定":"0"}},{"type":"Feature","geometry":{"type":"Point","coordinates":[132.33617983,34.36971205]},"properties":{"供用済面積":"1080","供用開始年":"1986","公園名":"月見台第二公園","公園種別":"街区公園","所在地市区町村名":"広島市","所在地都道府県名":"広島県","管理市区町村":"広島市","管理都道府県・整備局":"広島県","都市計画決定":"0"}},{"type":"Feature","geometry":{"type":"Point","coordinates":[132.3370687,34.37089419]},"properties":{"供用済面積":"672","供用開始年":"1986","公園名":"月見台第三公園","公園種別":"街区公園","所在地市区町村名":"広島市","所在地都道府県名":"広島県","管理市区町村":"広島市","管理都道府県・整備局":"広島県","都市計画決定":"0"}},{"type":"Feature","geometry":{"type":"Point","coordinates":[132.34788645,34.37657459]},"properties":{"供用済面積":"1118","供用開始年":"2000","公園名":"坪井第一公園","公園種別":"街区公園","所在地市区町村名":"広島市","所在地都道府県名":"広島県","管理市区町村":"広島市","管理都道府県・整備局":"広島県","都市計画決定":"0"}},{"type":"Feature","geometry":{"type":"Point","coordinates":[132.37365426,34.36436173]},"properties":{"供用済面積":"671","供用開始年":"1998","公園名":"藤垂園第一公園","公園種別":"街区公園","所在地市区町村名":"広島市","所在地都道府県名":"広島県","管理市区町村":"広島市","管理都道府県・整備局":"広島県","都市計画決定":"0"}},{"type":"Feature","geometry":{"type":"Point","coordinates":[132.36729177,34.39929913]},"properties":{"供用済面積":"440","供用開始年":"1986","公園名":"利松第一公園","公園種別":"街区公園","所在地市区町村名":"広島市","所在地都道府県名":"広島県","管理市区町村":"広島市","管理都道府県・整備局":"広島県","都市計画決定":"0"}},{"type":"Feature","geometry":{"type":"Point","coordinates":[132.36766201,34.39940183]},"properties":{"供用済面積":"799","供用開始年":"1986","公園名":"利松第二公園","公園種別":"街区公園","所在地市区町村名":"広島市","所在地都道府県名":"広島県","管理市区町村":"広島市","管理都道府県・整備局":"広島県","都市計画決定":"0"}},{"type":"Feature","geometry":{"type":"Point","coordinates":[132.36804976,34.39957044]},"properties":{"供用済面積":"524","供用開始年":"1986","公園名":"利松第三公園","公園種別":"街区公園","所在地市区町村名":"広島市","所在地都道府県名":"広島県","管理市区町村":"広島市","管理都道府県・整備局":"広島県","都市計画決定":"0"}},{"type":"Feature","geometry":{"type":"Point","coordinates":[132.35941403,34.38484673]},"properties":{"供用済面積":"227","供用開始年":"1986","公園名":"中地西公園","公園種別":"街区公園","所在地市区町村名":"広島市","所在地都道府県名":"広島県","管理市区町村":"広島市","管理都道府県・整備局":"広島県","都市計画決定":"0"}},{"type":"Feature","geometry":{"type":"Point","coordinates":[132.36621233,34.38320684]},"properties":{"供用済面積":"419","供用開始年":"1986","公園名":"中地第二公園","公園種別":"街区公園","所在地市区町村名":"広島市","所在地都道府県名":"広島県","管理市区町村":"広島市","管理都道府県・整備局":"広島県","都市計画決定":"0"}},{"type":"Feature","geometry":{"type":"Point","coordinates":[132.36117517,34.42457827]},"properties":{"供用済面積":"260","供用開始年":"1996","公園名":"野登呂公園","公園種別":"街区公園","所在地市区町村名":"広島市","所在地都道府県名":"広島県","管理市区町村":"広島市","管理都道府県・整備局":"広島県","都市計画決定":"0"}},{"type":"Feature","geometry":{"type":"Point","coordinates":[132.36486011,34.42518038]},"properties":{"供用済面積":"350","供用開始年":"1992","公園名":"藤の木北第一公園","公園種別":"街区公園","所在地市区町村名":"広島市","所在地都道府県名":"広島県","管理市区町村":"広島市","管理都道府県・整備局":"広島県","都市計画決定":"0"}},{"type":"Feature","geometry":{"type":"Point","coordinates":[132.36318638,34.42380634]},"properties":{"供用済面積":"998","供用開始年":"1992","公園名":"藤の木北第二公園","公園種別":"街区公園","所在地市区町村名":"広島市","所在地都道府県名":"広島県","管理市区町村":"広島市","管理都道府県・整備局":"広島県","都市計画決定":"0"}},{"type":"Feature","geometry":{"type":"Point","coordinates":[132.36138566,34.42274111]},"properties":{"供用済面積":"349","供用開始年":"1992","公園名":"藤の木北第三公園","公園種別":"街区公園","所在地市区町村名":"広島市","所在地都道府県名":"広島県","管理市区町村":"広島市","管理都道府県・整備局":"広島県","都市計画決定":"0"}},{"type":"Feature","geometry":{"type":"Point","coordinates":[132.36404689,34.42220968]},"properties":{"供用済面積":"353","供用開始年":"1992","公園名":"藤の木北第四公園","公園種別":"街区公園","所在地市区町村名":"広島市","所在地都道府県名":"広島県","管理市区町村":"広島市","管理都道府県・整備局":"広島県","都市計画決定":"0"}},{"type":"Feature","geometry":{"type":"Point","coordinates":[132.363054,34.42057465]},"properties":{"供用済面積":"5846","供用開始年":"1992","公園名":"藤の木南第一公園","公園種別":"街区公園","所在地市区町村名":"広島市","所在地都道府県名":"広島県","管理市区町村":"広島市","管理都道府県・整備局":"広島県","都市計画決定":"0"}},{"type":"Feature","geometry":{"type":"Point","coordinates":[132.36024376,34.41904114]},"properties":{"供用済面積":"393","供用開始年":"1992","公園名":"藤の木南第二公園","公園種別":"街区公園","所在地市区町村名":"広島市","所在地都道府県名":"広島県","管理市区町村":"広島市","管理都道府県・整備局":"広島県","都市計画決定":"0"}},{"type":"Feature","geometry":{"type":"Point","coordinates":[132.36492145,34.41880427]},"properties":{"供用済面積":"373","供用開始年":"1992","公園名":"藤の木南第三公園","公園種別":"街区公園","所在地市区町村名":"広島市","所在地都道府県名":"広島県","管理市区町村":"広島市","管理都道府県・整備局":"広島県","都市計画決定":"0"}},{"type":"Feature","geometry":{"type":"Point","coordinates":[132.36272374,34.41825165]},"properties":{"供用済面積":"429","供用開始年":"1992","公園名":"藤の木南第四公園","公園種別":"街区公園","所在地市区町村名":"広島市","所在地都道府県名":"広島県","管理市区町村":"広島市","管理都道府県・整備局":"広島県","都市計画決定":"0"}},{"type":"Feature","geometry":{"type":"Point","coordinates":[132.36104931,34.41698986]},"properties":{"供用済面積":"8177","供用開始年":"1992","公園名":"藤の木南第五公園","公園種別":"街区公園","所在地市区町村名":"広島市","所在地都道府県名":"広島県","管理市区町村":"広島市","管理都道府県・整備局":"広島県","都市計画決定":"0"}},{"type":"Feature","geometry":{"type":"Point","coordinates":[132.36134623,34.36739803]},"properties":{"供用済面積":"231","供用開始年":"1986","公園名":"町中小公園","公園種別":"街区公園","所在地市区町村名":"広島市","所在地都道府県名":"広島県","管理市区町村":"広島市","管理都道府県・整備局":"広島県","都市計画決定":"0"}},{"type":"Feature","geometry":{"type":"Point","coordinates":[132.38562565,34.39423756]},"properties":{"供用済面積":"947","供用開始年":"1986","公園名":"美鈴が丘東第一公園","公園種別":"街区公園","所在地市区町村名":"広島市","所在地都道府県名":"広島県","管理市区町村":"広島市","管理都道府県・整備局":"広島県","都市計画決定":"0"}},{"type":"Feature","geometry":{"type":"Point","coordinates":[132.38565402,34.3975153]},"properties":{"供用済面積":"1015","供用開始年":"1986","公園名":"美鈴が丘東第二公園","公園種別":"街区公園","所在地市区町村名":"広島市","所在地都道府県名":"広島県","管理市区町村":"広島市","管理都道府県・整備局":"広島県","都市計画決定":"0"}},{"type":"Feature","geometry":{"type":"Point","coordinates":[132.38828281,34.39575745]},"properties":{"供用済面積":"1862","供用開始年":"1986","公園名":"美鈴が丘東第三公園","公園種別":"街区公園","所在地市区町村名":"広島市","所在地都道府県名":"広島県","管理市区町村":"広島市","管理都道府県・整備局":"広島県","都市計画決定":"0"}},{"type":"Feature","geometry":{"type":"Point","coordinates":[132.3907156,34.39400187]},"properties":{"供用済面積":"872","供用開始年":"1986","公園名":"美鈴が丘東第四公園","公園種別":"街区公園","所在地市区町村名":"広島市","所在地都道府県名":"広島県","管理市区町村":"広島市","管理都道府県・整備局":"広島県","都市計画決定":"0"}},{"type":"Feature","geometry":{"type":"Point","coordinates":[132.38892582,34.39162764]},"properties":{"供用済面積":"2807","供用開始年":"1986","公園名":"美鈴が丘東第五公園","公園種別":"街区公園","所在地市区町村名":"広島市","所在地都道府県名":"広島県","管理市区町村":"広島市","管理都道府県・整備局":"広島県","都市計画決定":"0"}},{"type":"Feature","geometry":{"type":"Point","coordinates":[132.38187159,34.39537364]},"properties":{"供用済面積":"2517","供用開始年":"1986","公園名":"美鈴が丘西第一公園","公園種別":"街区公園","所在地市区町村名":"広島市","所在地都道府県名":"広島県","管理市区町村":"広島市","管理都道府県・整備局":"広島県","都市計画決定":"0"}},{"type":"Feature","geometry":{"type":"Point","coordinates":[132.38029243,34.39707776]},"properties":{"供用済面積":"1233","供用開始年":"1979","公園名":"美鈴が丘西第二公園","公園種別":"街区公園","所在地市区町村名":"広島市","所在地都道府県名":"広島県","管理市区町村":"広島市","管理都道府県・整備局":"広島県","都市計画決定":"0"}},{"type":"Feature","geometry":{"type":"Point","coordinates":[132.38039644,34.39891237]},"properties":{"供用済面積":"400","供用開始年":"1986","公園名":"美鈴が丘西第三公園","公園種別":"街区公園","所在地市区町村名":"広島市","所在地都道府県名":"広島県","管理市区町村":"広島市","管理都道府県・整備局":"広島県","都市計画決定":"0"}},{"type":"Feature","geometry":{"type":"Point","coordinates":[132.38214033,34.39838362]},"properties":{"供用済面積":"1022","供用開始年":"1986","公園名":"美鈴が丘西第四公園","公園種別":"街区公園","所在地市区町村名":"広島市","所在地都道府県名":"広島県","管理市区町村":"広島市","管理都道府県・整備局":"広島県","都市計画決定":"0"}},{"type":"Feature","geometry":{"type":"Point","coordinates":[132.38449577,34.39764825]},"properties":{"供用済面積":"516","供用開始年":"1986","公園名":"美鈴が丘西第五公園","公園種別":"街区公園","所在地市区町村名":"広島市","所在地都道府県名":"広島県","管理市区町村":"広島市","管理都道府県・整備局":"広島県","都市計画決定":"0"}},{"type":"Feature","geometry":{"type":"Point","coordinates":[132.37898749,34.39190399]},"properties":{"供用済面積":"4527","供用開始年":"1988","公園名":"美鈴が丘西第六公園","公園種別":"街区公園","所在地市区町村名":"広島市","所在地都道府県名":"広島県","管理市区町村":"広島市","管理都道府県・整備局":"広島県","都市計画決定":"0"}},{"type":"Feature","geometry":{"type":"Point","coordinates":[132.380680129,34.38939386]},"properties":{"供用済面積":"1325","供用開始年":"1986","公園名":"美鈴が丘南第一公園","公園種別":"街区公園","所在地市区町村名":"広島市","所在地都道府県名":"広島県","管理市区町村":"広島市","管理都道府県・整備局":"広島県","都市計画決定":"0"}},{"type":"Feature","geometry":{"type":"Point","coordinates":[132.37897803,34.39040712]},"properties":{"供用済面積":"2067","供用開始年":"1986","公園名":"美鈴が丘南第二公園","公園種別":"街区公園","所在地市区町村名":"広島市","所在地都道府県名":"広島県","管理市区町村":"広島市","管理都道府県・整備局":"広島県","都市計画決定":"0"}},{"type":"Feature","geometry":{"type":"Point","coordinates":[132.38644111,34.3912649]},"properties":{"供用済面積":"973","供用開始年":"1986","公園名":"美鈴が丘南第三公園","公園種別":"街区公園","所在地市区町村名":"広島市","所在地都道府県名":"広島県","管理市区町村":"広島市","管理都道府県・整備局":"広島県","都市計画決定":"0"}},{"type":"Feature","geometry":{"type":"Point","coordinates":[132.38415928,34.38963751]},"properties":{"供用済面積":"1811","供用開始年":"1986","公園名":"美鈴が丘南第四公園","公園種別":"街区公園","所在地市区町村名":"広島市","所在地都道府県名":"広島県","管理市区町村":"広島市","管理都道府県・整備局":"広島県","都市計画決定":"0"}},{"type":"Feature","geometry":{"type":"Point","coordinates":[132.388188249,34.38986979]},"properties":{"供用済面積":"7172","供用開始年":"1986","公園名":"美鈴が丘南第五公園","公園種別":"街区公園","所在地市区町村名":"広島市","所在地都道府県名":"広島県","管理市区町村":"広島市","管理都道府県・整備局":"広島県","都市計画決定":"0"}},{"type":"Feature","geometry":{"type":"Point","coordinates":[132.378921301,34.39516638]},"properties":{"供用済面積":"982","供用開始年":"1988","公園名":"美鈴が丘緑第一公園","公園種別":"街区公園","所在地市区町村名":"広島市","所在地都道府県名":"広島県","管理市区町村":"広島市","管理都道府県・整備局":"広島県","都市計画決定":"0"}},{"type":"Feature","geometry":{"type":"Point","coordinates":[132.37692606,34.39371557]},"properties":{"供用済面積":"983","供用開始年":"1988","公園名":"美鈴が丘緑第二公園","公園種別":"街区公園","所在地市区町村名":"広島市","所在地都道府県名":"広島県","管理市区町村":"広島市","管理都道府県・整備局":"広島県","都市計画決定":"0"}},{"type":"Feature","geometry":{"type":"Point","coordinates":[132.37477953,34.3941915]},"properties":{"供用済面積":"1685","供用開始年":"1988","公園名":"美鈴が丘緑第三公園","公園種別":"街区公園","所在地市区町村名":"広島市","所在地都道府県名":"広島県","管理市区町村":"広島市","管理都道府県・整備局":"広島県","都市計画決定":"0"}},{"type":"Feature","geometry":{"type":"Point","coordinates":[132.375866979,34.392449]},"properties":{"供用済面積":"1820","供用開始年":"1988","公園名":"美鈴が丘緑第四公園","公園種別":"街区公園","所在地市区町村名":"広島市","所在地都道府県名":"広島県","管理市区町村":"広島市","管理都道府県・整備局":"広島県","都市計画決定":"0"}},{"type":"Feature","geometry":{"type":"Point","coordinates":[132.33987,34.36755]},"properties":{"供用済面積":"1200","供用開始年":"9999","公園名":"緑ヶ丘公園","公園種別":"街区公園","所在地市区町村名":"広島市","所在地都道府県名":"広島県","管理市区町村":"広島市","管理都道府県・整備局":"広島県","都市計画決定":"0"}},{"type":"Feature","geometry":{"type":"Point","coordinates":[132.3629301,34.37550232]},"properties":{"供用済面積":"280","供用開始年":"1988","公園名":"皆賀西公園","公園種別":"街区公園","所在地市区町村名":"広島市","所在地都道府県名":"広島県","管理市区町村":"広島市","管理都道府県・整備局":"広島県","都市計画決定":"0"}},{"type":"Feature","geometry":{"type":"Point","coordinates":[132.34860951,34.36021294]},"properties":{"供用済面積":"1026","供用開始年":"2000","公園名":"美の里第三公園","公園種別":"街区公園","所在地市区町村名":"広島市","所在地都道府県名":"広島県","管理市区町村":"広島市","管理都道府県・整備局":"広島県","都市計画決定":"0"}},{"type":"Feature","geometry":{"type":"Point","coordinates":[132.35975383,34.37123194]},"properties":{"供用済面積":"862","供用開始年":"2000","公園名":"宮の下第二公園","公園種別":"街区公園","所在地市区町村名":"広島市","所在地都道府県名":"広島県","管理市区町村":"広島市","管理都道府県・整備局":"広島県","都市計画決定":"0"}},{"type":"Feature","geometry":{"type":"Point","coordinates":[132.35057457,34.39141176]},"properties":{"供用済面積":"1412","供用開始年":"2007","公園名":"薬師ヶ丘第二公園","公園種別":"街区公園","所在地市区町村名":"広島市","所在地都道府県名":"広島県","管理市区町村":"広島市","管理都道府県・整備局":"広島県","都市計画決定":"0"}},{"type":"Feature","geometry":{"type":"Point","coordinates":[132.35265893,34.39562625]},"properties":{"供用済面積":"988","供用開始年":"2007","公園名":"薬師ヶ丘第三公園","公園種別":"街区公園","所在地市区町村名":"広島市","所在地都道府県名":"広島県","管理市区町村":"広島市","管理都道府県・整備局":"広島県","都市計画決定":"0"}},{"type":"Feature","geometry":{"type":"Point","coordinates":[132.34947078,34.39456143]},"properties":{"供用済面積":"1429","供用開始年":"1976","公園名":"薬師ヶ丘第四公園","公園種別":"街区公園","所在地市区町村名":"広島市","所在地都道府県名":"広島県","管理市区町村":"広島市","管理都道府県・整備局":"広島県","都市計画決定":"0"}},{"type":"Feature","geometry":{"type":"Point","coordinates":[132.35262013,34.39080529]},"properties":{"供用済面積":"1028","供用開始年":"2000","公園名":"薬師ヶ丘第七公園","公園種別":"街区公園","所在地市区町村名":"広島市","所在地都道府県名":"広島県","管理市区町村":"広島市","管理都道府県・整備局":"広島県","都市計画決定":"0"}},{"type":"Feature","geometry":{"type":"Point","coordinates":[132.338206361,34.36907413]},"properties":{"供用済面積":"373","供用開始年":"1993","公園名":"屋代第一公園","公園種別":"街区公園","所在地市区町村名":"広島市","所在地都道府県名":"広島県","管理市区町村":"広島市","管理都道府県・整備局":"広島県","都市計画決定":"0"}},{"type":"Feature","geometry":{"type":"Point","coordinates":[132.35777751,34.38885653]},"properties":{"供用済面積":"1269","供用開始年":"1982","公園名":"八幡第一公園","公園種別":"街区公園","所在地市区町村名":"広島市","所在地都道府県名":"広島県","管理市区町村":"広島市","管理都道府県・整備局":"広島県","都市計画決定":"0"}},{"type":"Feature","geometry":{"type":"Point","coordinates":[132.35618066,34.39196908]},"properties":{"供用済面積":"546","供用開始年":"1982","公園名":"八幡ヶ丘第一公園","公園種別":"街区公園","所在地市区町村名":"広島市","所在地都道府県名":"広島県","管理市区町村":"広島市","管理都道府県・整備局":"広島県","都市計画決定":"0"}},{"type":"Feature","geometry":{"type":"Point","coordinates":[132.355142081,34.39572758]},"properties":{"供用済面積":"419","供用開始年":"1982","公園名":"八幡ヶ丘第二公園","公園種別":"街区公園","所在地市区町村名":"広島市","所在地都道府県名":"広島県","管理市区町村":"広島市","管理都道府県・整備局":"広島県","都市計画決定":"0"}},{"type":"Feature","geometry":{"type":"Point","coordinates":[132.35455528,34.39549796]},"properties":{"供用済面積":"423","供用開始年":"1982","公園名":"八幡ヶ丘第三公園","公園種別":"街区公園","所在地市区町村名":"広島市","所在地都道府県名":"広島県","管理市区町村":"広島市","管理都道府県・整備局":"広島県","都市計画決定":"0"}},{"type":"Feature","geometry":{"type":"Point","coordinates":[132.35426591,34.39540815]},"properties":{"供用済面積":"521","供用開始年":"1982","公園名":"八幡ヶ丘第四公園","公園種別":"街区公園","所在地市区町村名":"広島市","所在地都道府県名":"広島県","管理市区町村":"広島市","管理都道府県・整備局":"広島県","都市計画決定":"0"}},{"type":"Feature","geometry":{"type":"Point","coordinates":[132.35319082,34.39726999]},"properties":{"供用済面積":"1375","供用開始年":"1982","公園名":"八幡ヶ丘第五公園","公園種別":"街区公園","所在地市区町村名":"広島市","所在地都道府県名":"広島県","管理市区町村":"広島市","管理都道府県・整備局":"広島県","都市計画決定":"0"}},{"type":"Feature","geometry":{"type":"Point","coordinates":[132.36044412,34.38296887]},"properties":{"供用済面積":"787","供用開始年":"1998","公園名":"八幡東第三公園","公園種別":"街区公園","所在地市区町村名":"広島市","所在地都道府県名":"広島県","管理市区町村":"広島市","管理都道府県・整備局":"広島県","都市計画決定":"0"}},{"type":"Feature","geometry":{"type":"Point","coordinates":[132.37142263,34.36219703]},"properties":{"供用済面積":"978","供用開始年":"1986","公園名":"吉見園公園","公園種別":"街区公園","所在地市区町村名":"広島市","所在地都道府県名":"広島県","管理市区町村":"広島市","管理都道府県・整備局":"広島県","都市計画決定":"0"}},{"type":"Feature","geometry":{"type":"Point","coordinates":[132.35399012,34.35857531]},"properties":{"供用済面積":"200","供用開始年":"1975","公園名":"楽々園第一公園","公園種別":"街区公園","所在地市区町村名":"広島市","所在地都道府県名":"広島県","管理市区町村":"広島市","管理都道府県・整備局":"広島県","都市計画決定":"0"}},{"type":"Feature","geometry":{"type":"Point","coordinates":[132.35048,34.36145]},"properties":{"供用済面積":"501","供用開始年":"1998","公園名":"楽々園第三公園","公園種別":"街区公園","所在地市区町村名":"広島市","所在地都道府県名":"広島県","管理市区町村":"広島市","管理都道府県・整備局":"広島県","都市計画決定":"0"}},{"type":"Feature","geometry":{"type":"Point","coordinates":[132.34335699,34.40665767]},"properties":{"供用済面積":"10732","供用開始年":"1996","公園名":"彩が丘中央公園","公園種別":"近隣公園","所在地市区町村名":"広島市","所在地都道府県名":"広島県","管理市区町村":"広島市","管理都道府県・整備局":"広島県","都市計画決定":"0"}},{"type":"Feature","geometry":{"type":"Point","coordinates":[132.3893608,34.41486354]},"properties":{"供用済面積":"19127","供用開始年":"1999","公園名":"石内南中央公園","公園種別":"近隣公園","所在地市区町村名":"広島市","所在地都道府県名":"広島県","管理市区町村":"広島市","管理都道府県・整備局":"広島県","都市計画決定":"0"}},{"type":"Feature","geometry":{"type":"Point","coordinates":[132.39990433,34.42383704]},"properties":{"供用済面積":"31577","供用開始年":"1982","公園名":"五月が丘第五公園","公園種別":"近隣公園","所在地市区町村名":"広島市","所在地都道府県名":"広島県","管理市区町村":"広島市","管理都道府県・整備局":"広島県","都市計画決定":"0"}},{"type":"Feature","geometry":{"type":"Point","coordinates":[132.36563,34.36337]},"properties":{"供用済面積":"50000","供用開始年":"1972","公園名":"海老山公園","公園種別":"地区公園（カントリーパーク）","所在地市区町村名":"広島市","所在地都道府県名":"広島県","管理市区町村":"広島市","管理都道府県・整備局":"広島県","都市計画決定":"0"}},{"type":"Feature","geometry":{"type":"Point","coordinates":[132.38215527,34.3929633]},"properties":{"供用済面積":"58553","供用開始年":"1986","公園名":"美鈴が丘中央公園","公園種別":"地区公園（カントリーパーク）","所在地市区町村名":"広島市","所在地都道府県名":"広島県","管理市区町村":"広島市","管理都道府県・整備局":"広島県","都市計画決定":"0"}},{"type":"Feature","geometry":{"type":"Point","coordinates":[132.3391664,34.39907159]},"properties":{"供用済面積":"196338","供用開始年":"1996","公園名":"佐伯運動公園","公園種別":"運動公園","所在地市区町村名":"広島市","所在地都道府県名":"広島県","管理市区町村":"広島市","管理都道府県・整備局":"広島県","都市計画決定":"0"}},{"type":"Feature","geometry":{"type":"Point","coordinates":[132.34563051,34.39341188]},"properties":{"供用済面積":"162000","供用開始年":"1976","公園名":"広島市植物公園","公園種別":"特殊公園（風致公園、動植物公園、歴史公園、墓園）","所在地市区町村名":"広島市","所在地都道府県名":"広島県","管理市区町村":"広島市","管理都道府県・整備局":"広島県","都市計画決定":"0"}},{"type":"Feature","geometry":{"type":"Point","coordinates":[132.38817535,34.41244781]},"properties":{"供用済面積":"38614","供用開始年":"1999","公園名":"石内南緑地","公園種別":"都市緑地","所在地市区町村名":"広島市","所在地都道府県名":"広島県","管理市区町村":"広島市","管理都道府県・整備局":"広島県","都市計画決定":"0"}},{"type":"Feature","geometry":{"type":"Point","coordinates":[132.3497046,34.36589463]},"properties":{"供用済面積":"5490","供用開始年":"1996","公園名":"岡ノ下緑地","公園種別":"都市緑地","所在地市区町村名":"広島市","所在地都道府県名":"広島県","管理市区町村":"広島市","管理都道府県・整備局":"広島県","都市計画決定":"0"}}],"name":"34100_hiroshima-shi_city_2022_park","type":"FeatureCollection"}