{"features":[{"type":"Feature","geometry":{"type":"LineString","coordinates":[[132.59475,34.42771],[132.59428,34.42782],[132.59394,34.42787],[132.59239,34.42812],[132.59159,34.42826],[132.59136,34.42833],[132.59118,34.42839],[132.59099,34.42848],[132.5908,34.42859],[132.59058,34.42875],[132.59042,34.42891],[132.59027,34.42909],[132.58994,34.42964],[132.5897,34.43003]]},"properties":{"事業者種別":"民営鉄道","行政区域":"34100","路線名":"広島短距離交通瀬野線","運営会社":"スカイレールサービス","鉄道区分":"懸垂式モノレール"}},{"type":"Feature","geometry":{"type":"LineString","coordinates":[[132.59631,34.4221],[132.59632,34.42255]]},"properties":{"事業者種別":"民営鉄道","行政区域":"34100","路線名":"広島短距離交通瀬野線","運営会社":"スカイレールサービス","鉄道区分":"懸垂式モノレール"}},{"type":"Feature","geometry":{"type":"LineString","coordinates":[[132.58951,34.43045],[132.5897,34.43003]]},"properties":{"事業者種別":"民営鉄道","行政区域":"34100","路線名":"広島短距離交通瀬野線","運営会社":"スカイレールサービス","鉄道区分":"懸垂式モノレール"}},{"type":"Feature","geometry":{"type":"LineString","coordinates":[[132.59632,34.42255],[132.59632,34.42331],[132.59636,34.42346],[132.59652,34.42415],[132.59685,34.4256],[132.59691,34.42597],[132.59692,34.42639],[132.5969,34.4265],[132.59683,34.42669],[132.59666,34.42694],[132.5965,34.42711],[132.5963,34.42725],[132.59604,34.42737],[132.59528,34.42759]]},"properties":{"事業者種別":"民営鉄道","行政区域":"34100","路線名":"広島短距離交通瀬野線","運営会社":"スカイレールサービス","鉄道区分":"懸垂式モノレール"}},{"type":"Feature","geometry":{"type":"LineString","coordinates":[[132.59528,34.42759],[132.59475,34.42771]]},"properties":{"事業者種別":"民営鉄道","行政区域":"34100","路線名":"広島短距離交通瀬野線","運営会社":"スカイレールサービス","鉄道区分":"懸垂式モノレール"}},{"type":"Feature","geometry":{"type":"LineString","coordinates":[[132.45378,34.47469],[132.4532,34.47507]]},"properties":{"事業者種別":"第三セクター","行政区域":"34100","路線名":"広島新交通1号線","運営会社":"広島高速交通","鉄道区分":"跨座式モノレール"}},{"type":"Feature","geometry":{"type":"LineString","coordinates":[[132.43881,34.47532],[132.43801,34.47516]]},"properties":{"事業者種別":"第三セクター","行政区域":"34100","路線名":"広島新交通1号線","運営会社":"広島高速交通","鉄道区分":"跨座式モノレール"}},{"type":"Feature","geometry":{"type":"LineString","coordinates":[[132.4532,34.47507],[132.45272,34.47539],[132.45222,34.47566],[132.45188,34.4758],[132.45164,34.47588],[132.45118,34.47596],[132.45075,34.47601],[132.45019,34.47601],[132.44991,34.476],[132.44936,34.47597],[132.44807,34.4759],[132.44758,34.47587],[132.44598,34.47577],[132.44543,34.47574]]},"properties":{"事業者種別":"第三セクター","行政区域":"34100","路線名":"広島新交通1号線","運営会社":"広島高速交通","鉄道区分":"跨座式モノレール"}},{"type":"Feature","geometry":{"type":"LineString","coordinates":[[132.46476,34.41738],[132.46477,34.41744],[132.46491,34.41789],[132.46511,34.41848],[132.46513,34.41853],[132.46517,34.41865],[132.46522,34.41907],[132.46524,34.41926],[132.46525,34.41973],[132.46525,34.41991],[132.46524,34.42035],[132.46529,34.42088],[132.46534,34.42138],[132.46552,34.42194],[132.4659,34.42295],[132.46608,34.42334],[132.46626,34.42366],[132.46652,34.42407],[132.46687,34.42451],[132.46703,34.4247],[132.46752,34.42525],[132.46823,34.4259],[132.46879,34.4264]]},"properties":{"事業者種別":"第三セクター","行政区域":"34100","路線名":"広島新交通1号線","運営会社":"広島高速交通","鉄道区分":"跨座式モノレール"}},{"type":"Feature","geometry":{"type":"LineString","coordinates":[[132.40491,34.45529],[132.40445,34.45412],[132.40436,34.4539],[132.40434,34.45381],[132.40429,34.45365],[132.40427,34.45344],[132.40422,34.45315],[132.40417,34.45282],[132.40416,34.45248],[132.40411,34.45146],[132.40409,34.45099],[132.40406,34.45004],[132.40398,34.44845],[132.40395,34.44755],[132.40397,34.44738],[132.40404,34.44704],[132.4042,34.44641],[132.4043,34.44602],[132.40431,34.44573],[132.40425,34.4454],[132.40401,34.44473],[132.40385,34.44423],[132.40332,34.44268],[132.40322,34.44236],[132.40312,34.44214]]},"properties":{"事業者種別":"第三セクター","行政区域":"34100","路線名":"広島新交通1号線","運営会社":"広島高速交通","鉄道区分":"跨座式モノレール"}},{"type":"Feature","geometry":{"type":"LineString","coordinates":[[132.4196,34.46994],[132.41877,34.46983]]},"properties":{"事業者種別":"第三セクター","行政区域":"34100","路線名":"広島新交通1号線","運営会社":"広島高速交通","鉄道区分":"跨座式モノレール"}},{"type":"Feature","geometry":{"type":"LineString","coordinates":[[132.41263,34.46308],[132.41204,34.4626]]},"properties":{"事業者種別":"第三セクター","行政区域":"34100","路線名":"広島新交通1号線","運営会社":"広島高速交通","鉄道区分":"跨座式モノレール"}},{"type":"Feature","geometry":{"type":"LineString","coordinates":[[132.4627,34.41065],[132.46292,34.41134]]},"properties":{"事業者種別":"第三セクター","行政区域":"34100","路線名":"広島新交通1号線","運営会社":"広島高速交通","鉄道区分":"跨座式モノレール"}},{"type":"Feature","geometry":{"type":"LineString","coordinates":[[132.4711,34.46127],[132.47159,34.46098],[132.47191,34.46076],[132.4722,34.46053],[132.47254,34.46023],[132.47264,34.46014],[132.47317,34.45963],[132.47511,34.45778]]},"properties":{"事業者種別":"第三セクター","行政区域":"34100","路線名":"広島新交通1号線","運営会社":"広島高速交通","鉄道区分":"跨座式モノレール"}},{"type":"Feature","geometry":{"type":"LineString","coordinates":[[132.47083,34.43512],[132.4713,34.43568]]},"properties":{"事業者種別":"第三セクター","行政区域":"34100","路線名":"広島新交通1号線","運営会社":"広島高速交通","鉄道区分":"跨座式モノレール"}},{"type":"Feature","geometry":{"type":"LineString","coordinates":[[132.40276,34.44147],[132.40248,34.44098],[132.40234,34.44064],[132.4023,34.4405],[132.40226,34.4402],[132.40221,34.43975],[132.40216,34.4392],[132.40213,34.43873],[132.4021,34.43841],[132.40206,34.43822],[132.40202,34.43803],[132.40196,34.43789],[132.40183,34.43768],[132.40141,34.43713],[132.4009,34.43647],[132.40063,34.4361],[132.40033,34.43572]]},"properties":{"事業者種別":"第三セクター","行政区域":"34100","路線名":"広島新交通1号線","運営会社":"広島高速交通","鉄道区分":"跨座式モノレール"}},{"type":"Feature","geometry":{"type":"LineString","coordinates":[[132.40033,34.43572],[132.39991,34.43516]]},"properties":{"事業者種別":"第三セクター","行政区域":"34100","路線名":"広島新交通1号線","運営会社":"広島高速交通","鉄道区分":"跨座式モノレール"}},{"type":"Feature","geometry":{"type":"LineString","coordinates":[[132.43801,34.47516],[132.43657,34.47485],[132.43622,34.47478],[132.43572,34.47466],[132.43472,34.47444],[132.43413,34.47425],[132.43356,34.47403],[132.432,34.47337],[132.43133,34.47311]]},"properties":{"事業者種別":"第三セクター","行政区域":"34100","路線名":"広島新交通1号線","運営会社":"広島高速交通","鉄道区分":"跨座式モノレール"}},{"type":"Feature","geometry":{"type":"LineString","coordinates":[[132.45718,34.39377],[132.45805,34.39636]]},"properties":{"事業者種別":"第三セクター","行政区域":"34100","路線名":"広島新交通1号線","運営会社":"広島高速交通","鉄道区分":"案内軌条式鉄道"}},{"type":"Feature","geometry":{"type":"LineString","coordinates":[[132.47685,34.45145],[132.47703,34.45208]]},"properties":{"事業者種別":"第三セクター","行政区域":"34100","路線名":"広島新交通1号線","運営会社":"広島高速交通","鉄道区分":"跨座式モノレール"}},{"type":"Feature","geometry":{"type":"LineString","coordinates":[[132.46879,34.4264],[132.46933,34.4269]]},"properties":{"事業者種別":"第三セクター","行政区域":"34100","路線名":"広島新交通1号線","運営会社":"広島高速交通","鉄道区分":"跨座式モノレール"}},{"type":"Feature","geometry":{"type":"LineString","coordinates":[[132.43133,34.47311],[132.43049,34.47274]]},"properties":{"事業者種別":"第三セクター","行政区域":"34100","路線名":"広島新交通1号線","運営会社":"広島高速交通","鉄道区分":"跨座式モノレール"}},{"type":"Feature","geometry":{"type":"LineString","coordinates":[[132.47703,34.45208],[132.47734,34.45322],[132.47755,34.45382],[132.47769,34.45416],[132.4778,34.45453],[132.47787,34.45479],[132.47788,34.45491],[132.47786,34.45497],[132.47784,34.45508],[132.47779,34.45515],[132.47751,34.45544],[132.47675,34.4562],[132.47614,34.45678],[132.47562,34.45727]]},"properties":{"事業者種別":"第三セクター","行政区域":"34100","路線名":"広島新交通1号線","運営会社":"広島高速交通","鉄道区分":"跨座式モノレール"}},{"type":"Feature","geometry":{"type":"LineString","coordinates":[[132.46453,34.4167],[132.46476,34.41738]]},"properties":{"事業者種別":"第三セクター","行政区域":"34100","路線名":"広島新交通1号線","運営会社":"広島高速交通","鉄道区分":"跨座式モノレール"}},{"type":"Feature","geometry":{"type":"LineString","coordinates":[[132.47562,34.45727],[132.47511,34.45778]]},"properties":{"事業者種別":"第三セクター","行政区域":"34100","路線名":"広島新交通1号線","運営会社":"広島高速交通","鉄道区分":"跨座式モノレール"}},{"type":"Feature","geometry":{"type":"LineString","coordinates":[[132.46247,34.46967],[132.46079,34.47054],[132.45956,34.47119],[132.45902,34.47147],[132.45814,34.47193],[132.45734,34.47236],[132.45667,34.47278],[132.45579,34.47337],[132.45542,34.47361],[132.45378,34.47469]]},"properties":{"事業者種別":"第三セクター","行政区域":"34100","路線名":"広島新交通1号線","運営会社":"広島高速交通","鉄道区分":"跨座式モノレール"}},{"type":"Feature","geometry":{"type":"LineString","coordinates":[[132.45698,34.39316],[132.45718,34.39377]]},"properties":{"事業者種別":"第三セクター","行政区域":"34100","路線名":"広島新交通1号線","運営会社":"広島高速交通","鉄道区分":"案内軌条式鉄道"}},{"type":"Feature","geometry":{"type":"LineString","coordinates":[[132.40312,34.44214],[132.40276,34.44147]]},"properties":{"事業者種別":"第三セクター","行政区域":"34100","路線名":"広島新交通1号線","運営会社":"広島高速交通","鉄道区分":"跨座式モノレール"}},{"type":"Feature","geometry":{"type":"LineString","coordinates":[[132.47034,34.46176],[132.46682,34.46393],[132.46603,34.46444],[132.46597,34.46448],[132.46568,34.46468],[132.46561,34.46476],[132.46547,34.4649],[132.46519,34.46525],[132.46502,34.46551],[132.46479,34.46585],[132.46448,34.4663],[132.46431,34.46662],[132.46412,34.46718],[132.46393,34.46782],[132.46378,34.46829],[132.4637,34.4686],[132.46362,34.46879],[132.46351,34.46897],[132.46342,34.46907],[132.46326,34.46922]]},"properties":{"事業者種別":"第三セクター","行政区域":"34100","路線名":"広島新交通1号線","運営会社":"広島高速交通","鉄道区分":"跨座式モノレール"}},{"type":"Feature","geometry":{"type":"LineString","coordinates":[[132.46326,34.46922],[132.46287,34.46946],[132.46247,34.46967]]},"properties":{"事業者種別":"第三セクター","行政区域":"34100","路線名":"広島新交通1号線","運営会社":"広島高速交通","鉄道区分":"跨座式モノレール"}},{"type":"Feature","geometry":{"type":"LineString","coordinates":[[132.47483,34.44367],[132.47515,34.44517],[132.47533,34.44595],[132.47554,34.44666],[132.4758,34.44758],[132.4762,34.44909],[132.4764,34.44977],[132.47685,34.45145]]},"properties":{"事業者種別":"第三セクター","行政区域":"34100","路線名":"広島新交通1号線","運営会社":"広島高速交通","鉄道区分":"跨座式モノレール"}},{"type":"Feature","geometry":{"type":"LineString","coordinates":[[132.46292,34.41134],[132.46351,34.41322],[132.46377,34.41404],[132.46384,34.41432],[132.46388,34.41448],[132.46391,34.41473],[132.46395,34.41488],[132.46402,34.41513],[132.46453,34.4167]]},"properties":{"事業者種別":"第三セクター","行政区域":"34100","路線名":"広島新交通1号線","運営会社":"広島高速交通","鉄道区分":"跨座式モノレール"}},{"type":"Feature","geometry":{"type":"LineString","coordinates":[[132.45805,34.39636],[132.4581,34.39651],[132.45829,34.39705]]},"properties":{"事業者種別":"第三セクター","行政区域":"34100","路線名":"広島新交通1号線","運営会社":"広島高速交通","鉄道区分":"跨座式モノレール"}},{"type":"Feature","geometry":{"type":"LineString","coordinates":[[132.40517,34.45594],[132.40491,34.45529]]},"properties":{"事業者種別":"第三セクター","行政区域":"34100","路線名":"広島新交通1号線","運営会社":"広島高速交通","鉄道区分":"跨座式モノレール"}},{"type":"Feature","geometry":{"type":"LineString","coordinates":[[132.41877,34.46983],[132.41845,34.46978],[132.41818,34.46972],[132.4179,34.46964],[132.41772,34.46955],[132.41757,34.46947],[132.41735,34.46934],[132.4171,34.46916],[132.41688,34.46897],[132.41665,34.46878],[132.41651,34.46865],[132.41548,34.46774],[132.41457,34.46692],[132.4142,34.46659],[132.41398,34.46638],[132.41389,34.46627],[132.41381,34.46614],[132.41374,34.46594],[132.41369,34.46582],[132.41365,34.46564],[132.41356,34.46522],[132.41346,34.46473],[132.41343,34.46457],[132.41335,34.46425],[132.41326,34.46392],[132.41314,34.46369],[132.41298,34.46342],[132.41279,34.46322],[132.41263,34.46308]]},"properties":{"事業者種別":"第三セクター","行政区域":"34100","路線名":"広島新交通1号線","運営会社":"広島高速交通","鉄道区分":"跨座式モノレール"}},{"type":"Feature","geometry":{"type":"LineString","coordinates":[[132.43049,34.47274],[132.43007,34.47261],[132.42959,34.47253],[132.42918,34.4725],[132.42862,34.47245],[132.42801,34.47239],[132.42783,34.47239],[132.42751,34.47234],[132.42712,34.47223],[132.42687,34.47214],[132.4267,34.47207],[132.4264,34.47193],[132.42578,34.47161],[132.42505,34.47121],[132.4243,34.47081],[132.42399,34.47068],[132.42376,34.47058],[132.42344,34.4705],[132.42221,34.47031],[132.42055,34.47008],[132.4196,34.46994]]},"properties":{"事業者種別":"第三セクター","行政区域":"34100","路線名":"広島新交通1号線","運営会社":"広島高速交通","鉄道区分":"跨座式モノレール"}},{"type":"Feature","geometry":{"type":"LineString","coordinates":[[132.45829,34.39705],[132.45858,34.39787],[132.45875,34.39846],[132.45881,34.39869],[132.4588,34.39891],[132.45874,34.39905],[132.45863,34.39919],[132.45741,34.40049],[132.45732,34.4007],[132.45731,34.40092],[132.45739,34.40176],[132.45744,34.4019],[132.45874,34.4048],[132.45883,34.40506]]},"properties":{"事業者種別":"第三セクター","行政区域":"34100","路線名":"広島新交通1号線","運営会社":"広島高速交通","鉄道区分":"跨座式モノレール"}},{"type":"Feature","geometry":{"type":"LineString","coordinates":[[132.47471,34.44299],[132.47483,34.44367]]},"properties":{"事業者種別":"第三セクター","行政区域":"34100","路線名":"広島新交通1号線","運営会社":"広島高速交通","鉄道区分":"跨座式モノレール"}},{"type":"Feature","geometry":{"type":"LineString","coordinates":[[132.44543,34.47574],[132.44459,34.47568]]},"properties":{"事業者種別":"第三セクター","行政区域":"34100","路線名":"広島新交通1号線","運営会社":"広島高速交通","鉄道区分":"跨座式モノレール"}},{"type":"Feature","geometry":{"type":"LineString","coordinates":[[132.46933,34.4269],[132.46978,34.42729],[132.4701,34.42761],[132.47019,34.42774],[132.47021,34.42781],[132.47021,34.42794],[132.47019,34.42811],[132.47018,34.42818],[132.47015,34.42831],[132.47001,34.42888],[132.46978,34.42984],[132.46977,34.42989],[132.4694,34.43137],[132.46936,34.4316],[132.46931,34.43188],[132.46931,34.43218],[132.4693,34.43248],[132.46933,34.43273],[132.46937,34.43292],[132.46946,34.43318],[132.46959,34.43349],[132.46977,34.43375],[132.47004,34.43409],[132.47032,34.43442],[132.47083,34.43512]]},"properties":{"事業者種別":"第三セクター","行政区域":"34100","路線名":"広島新交通1号線","運営会社":"広島高速交通","鉄道区分":"跨座式モノレール"}},{"type":"Feature","geometry":{"type":"LineString","coordinates":[[132.4713,34.43568],[132.47175,34.43626],[132.47212,34.43676],[132.47258,34.43734],[132.47314,34.43813],[132.47338,34.43851],[132.47362,34.43897],[132.47382,34.43937],[132.47406,34.43989],[132.47424,34.44051],[132.47434,34.44091],[132.47436,34.44111],[132.47451,34.44189],[132.47465,34.44262],[132.47471,34.44299]]},"properties":{"事業者種別":"第三セクター","行政区域":"34100","路線名":"広島新交通1号線","運営会社":"広島高速交通","鉄道区分":"跨座式モノレール"}},{"type":"Feature","geometry":{"type":"LineString","coordinates":[[132.4711,34.46127],[132.47034,34.46176]]},"properties":{"事業者種別":"第三セクター","行政区域":"34100","路線名":"広島新交通1号線","運営会社":"広島高速交通","鉄道区分":"跨座式モノレール"}},{"type":"Feature","geometry":{"type":"LineString","coordinates":[[132.41204,34.4626],[132.41114,34.46188],[132.41022,34.46117],[132.40942,34.46051],[132.40873,34.45999],[132.40802,34.4595],[132.40775,34.4593],[132.40733,34.45901],[132.40681,34.45865],[132.40649,34.4584],[132.40631,34.45822],[132.40617,34.45805],[132.406,34.4578],[132.40585,34.45753],[132.40565,34.45713],[132.40544,34.45661],[132.40517,34.45594]]},"properties":{"事業者種別":"第三セクター","行政区域":"34100","路線名":"広島新交通1号線","運営会社":"広島高速交通","鉄道区分":"跨座式モノレール"}},{"type":"Feature","geometry":{"type":"LineString","coordinates":[[132.44459,34.47568],[132.44192,34.47554],[132.44067,34.47545],[132.43976,34.47539],[132.43942,34.47537],[132.43909,34.47536],[132.43881,34.47532]]},"properties":{"事業者種別":"第三セクター","行政区域":"34100","路線名":"広島新交通1号線","運営会社":"広島高速交通","鉄道区分":"跨座式モノレール"}},{"type":"Feature","geometry":{"type":"LineString","coordinates":[[132.45883,34.40506],[132.45907,34.4057]]},"properties":{"事業者種別":"第三セクター","行政区域":"34100","路線名":"広島新交通1号線","運営会社":"広島高速交通","鉄道区分":"跨座式モノレール"}},{"type":"Feature","geometry":{"type":"LineString","coordinates":[[132.45907,34.4057],[132.45932,34.40639],[132.45939,34.40656],[132.45956,34.40677],[132.46022,34.40745],[132.46033,34.40755],[132.46096,34.4081],[132.46101921,34.40815224]]},"properties":{"事業者種別":"第三セクター","行政区域":"34100","路線名":"広島新交通1号線","運営会社":"広島高速交通","鉄道区分":"跨座式モノレール"}},{"type":"Feature","geometry":{"type":"LineString","coordinates":[[132.45416,34.38324],[132.4539,34.38366]]},"properties":{"事業者種別":"民営鉄道","行政区域":"34100","路線名":"宇品線","運営会社":"広島電鉄","鉄道区分":"軌道"}},{"type":"Feature","geometry":{"type":"LineString","coordinates":[[132.46412,34.36034],[132.46444,34.36394]]},"properties":{"事業者種別":"民営鉄道","行政区域":"34100","路線名":"宇品線","運営会社":"広島電鉄","鉄道区分":"軌道"}},{"type":"Feature","geometry":{"type":"LineString","coordinates":[[132.45765,34.39499],[132.45776,34.39505],[132.45787,34.39508]]},"properties":{"事業者種別":"民営鉄道","行政区域":"34100","路線名":"宇品線","運営会社":"広島電鉄","鉄道区分":"軌道"}},{"type":"Feature","geometry":{"type":"LineString","coordinates":[[132.45639,34.39136],[132.45698,34.39309]]},"properties":{"事業者種別":"民営鉄道","行政区域":"34100","路線名":"宇品線","運営会社":"広島電鉄","鉄道区分":"軌道"}},{"type":"Feature","geometry":{"type":"LineString","coordinates":[[132.46469,34.3742],[132.46477,34.37445]]},"properties":{"事業者種別":"民営鉄道","行政区域":"34100","路線名":"宇品線","運営会社":"広島電鉄","鉄道区分":"軌道"}},{"type":"Feature","geometry":{"type":"LineString","coordinates":[[132.45944,34.35396],[132.45998,34.35392]]},"properties":{"事業者種別":"民営鉄道","行政区域":"34100","路線名":"宇品線","運営会社":"広島電鉄","鉄道区分":"軌道"}},{"type":"Feature","geometry":{"type":"LineString","coordinates":[[132.45578,34.38096],[132.45435,34.38298],[132.45416,34.38324]]},"properties":{"事業者種別":"民営鉄道","行政区域":"34100","路線名":"宇品線","運営会社":"広島電鉄","鉄道区分":"軌道"}},{"type":"Feature","geometry":{"type":"LineString","coordinates":[[132.45918,34.37617],[132.4585,34.37712]]},"properties":{"事業者種別":"民営鉄道","行政区域":"34100","路線名":"宇品線","運営会社":"広島電鉄","鉄道区分":"軌道"}},{"type":"Feature","geometry":{"type":"LineString","coordinates":[[132.46423,34.37408],[132.46371,34.37421]]},"properties":{"事業者種別":"民営鉄道","行政区域":"34100","路線名":"宇品線","運営会社":"広島電鉄","鉄道区分":"軌道"}},{"type":"Feature","geometry":{"type":"LineString","coordinates":[[132.46444,34.36394],[132.46448,34.36434]]},"properties":{"事業者種別":"民営鉄道","行政区域":"34100","路線名":"宇品線","運営会社":"広島電鉄","鉄道区分":"軌道"}},{"type":"Feature","geometry":{"type":"LineString","coordinates":[[132.46462,34.37373],[132.46469,34.3742]]},"properties":{"事業者種別":"民営鉄道","行政区域":"34100","路線名":"宇品線","運営会社":"広島電鉄","鉄道区分":"軌道"}},{"type":"Feature","geometry":{"type":"LineString","coordinates":[[132.46463,34.36616],[132.46467,34.36652]]},"properties":{"事業者種別":"民営鉄道","行政区域":"34100","路線名":"宇品線","運営会社":"広島電鉄","鉄道区分":"軌道"}},{"type":"Feature","geometry":{"type":"LineString","coordinates":[[132.45998,34.35392],[132.46022,34.3539],[132.46174,34.35382],[132.46257,34.35379],[132.4629,34.35379],[132.46298,34.35381],[132.46301,34.35389],[132.46302,34.35405],[132.46304,34.35436],[132.46306,34.3546],[132.46308,34.35497]]},"properties":{"事業者種別":"民営鉄道","行政区域":"34100","路線名":"宇品線","運営会社":"広島電鉄","鉄道区分":"軌道"}},{"type":"Feature","geometry":{"type":"LineString","coordinates":[[132.45555,34.38891],[132.4557,34.38937]]},"properties":{"事業者種別":"民営鉄道","行政区域":"34100","路線名":"宇品線","運営会社":"広島電鉄","鉄道区分":"軌道"}},{"type":"Feature","geometry":{"type":"LineString","coordinates":[[132.4639,34.35782],[132.46393,34.35815]]},"properties":{"事業者種別":"民営鉄道","行政区域":"34100","路線名":"宇品線","運営会社":"広島電鉄","鉄道区分":"軌道"}},{"type":"Feature","geometry":{"type":"LineString","coordinates":[[132.46311,34.35532],[132.46308,34.35497]]},"properties":{"事業者種別":"民営鉄道","行政区域":"34100","路線名":"宇品線","運営会社":"広島電鉄","鉄道区分":"軌道"}},{"type":"Feature","geometry":{"type":"LineString","coordinates":[[132.46448,34.36434],[132.46463,34.36616]]},"properties":{"事業者種別":"民営鉄道","行政区域":"34100","路線名":"宇品線","運営会社":"広島電鉄","鉄道区分":"軌道"}},{"type":"Feature","geometry":{"type":"LineString","coordinates":[[132.45698,34.39309],[132.45712,34.39349]]},"properties":{"事業者種別":"民営鉄道","行政区域":"34100","路線名":"宇品線","運営会社":"広島電鉄","鉄道区分":"軌道"}},{"type":"Feature","geometry":{"type":"LineString","coordinates":[[132.46434,34.37406],[132.46448,34.374],[132.46454,34.37393],[132.46459,34.37387],[132.46462,34.37373]]},"properties":{"事業者種別":"民営鉄道","行政区域":"34100","路線名":"宇品線","運営会社":"広島電鉄","鉄道区分":"軌道"}},{"type":"Feature","geometry":{"type":"LineString","coordinates":[[132.46371,34.37421],[132.4636,34.37424],[132.46321,34.37433],[132.46282,34.37441],[132.46247,34.37446],[132.46205,34.37449],[132.4616,34.37457],[132.46126,34.37464],[132.46097,34.37472],[132.46091,34.37474],[132.46049,34.37486],[132.46023,34.37494],[132.46008,34.37501],[132.45995,34.37509],[132.45979,34.37532],[132.45949,34.37574]]},"properties":{"事業者種別":"民営鉄道","行政区域":"34100","路線名":"宇品線","運営会社":"広島電鉄","鉄道区分":"軌道"}},{"type":"Feature","geometry":{"type":"LineString","coordinates":[[132.46467,34.36652],[132.46483,34.36824],[132.46484,34.36832]]},"properties":{"事業者種別":"民営鉄道","行政区域":"34100","路線名":"宇品線","運営会社":"広島電鉄","鉄道区分":"軌道"}},{"type":"Feature","geometry":{"type":"LineString","coordinates":[[132.45751,34.39517],[132.45761,34.39509],[132.45765,34.39499]]},"properties":{"事業者種別":"民営鉄道","行政区域":"34100","路線名":"宇品線","運営会社":"広島電鉄","鉄道区分":"軌道"}},{"type":"Feature","geometry":{"type":"LineString","coordinates":[[132.46484,34.36832],[132.46488,34.36868]]},"properties":{"事業者種別":"民営鉄道","行政区域":"34100","路線名":"宇品線","運営会社":"広島電鉄","鉄道区分":"軌道"}},{"type":"Feature","geometry":{"type":"LineString","coordinates":[[132.4557,34.38937],[132.45616,34.39069],[132.45622,34.39085]]},"properties":{"事業者種別":"民営鉄道","行政区域":"34100","路線名":"宇品線","運営会社":"広島電鉄","鉄道区分":"軌道"}},{"type":"Feature","geometry":{"type":"LineString","coordinates":[[132.46393,34.35815],[132.46409,34.35996]]},"properties":{"事業者種別":"民営鉄道","行政区域":"34100","路線名":"宇品線","運営会社":"広島電鉄","鉄道区分":"軌道"}},{"type":"Feature","geometry":{"type":"LineString","coordinates":[[132.45543,34.35279],[132.45612,34.3526]]},"properties":{"事業者種別":"民営鉄道","行政区域":"34100","路線名":"宇品線","運営会社":"広島電鉄","鉄道区分":"軌道"}},{"type":"Feature","geometry":{"type":"LineString","coordinates":[[132.46434,34.37406],[132.46445,34.37408],[132.46459,34.37413],[132.46469,34.3742]]},"properties":{"事業者種別":"民営鉄道","行政区域":"34100","路線名":"宇品線","運営会社":"広島電鉄","鉄道区分":"軌道"}},{"type":"Feature","geometry":{"type":"LineString","coordinates":[[132.45622,34.39085],[132.45639,34.39136]]},"properties":{"事業者種別":"民営鉄道","行政区域":"34100","路線名":"宇品線","運営会社":"広島電鉄","鉄道区分":"軌道"}},{"type":"Feature","geometry":{"type":"LineString","coordinates":[[132.45712,34.39349],[132.45747,34.39452],[132.45765,34.39499]]},"properties":{"事業者種別":"民営鉄道","行政区域":"34100","路線名":"宇品線","運営会社":"広島電鉄","鉄道区分":"軌道"}},{"type":"Feature","geometry":{"type":"LineString","coordinates":[[132.4539,34.38366],[132.45386,34.38371],[132.45382,34.3838],[132.45381,34.38393],[132.45388,34.38416],[132.45438,34.38557]]},"properties":{"事業者種別":"民営鉄道","行政区域":"34100","路線名":"宇品線","運営会社":"広島電鉄","鉄道区分":"軌道"}},{"type":"Feature","geometry":{"type":"LineString","coordinates":[[132.45818,34.37757],[132.45801,34.37782],[132.45717,34.37899],[132.45609,34.38052]]},"properties":{"事業者種別":"民営鉄道","行政区域":"34100","路線名":"宇品線","運営会社":"広島電鉄","鉄道区分":"軌道"}},{"type":"Feature","geometry":{"type":"LineString","coordinates":[[132.46488,34.36868],[132.4649,34.36882],[132.46487,34.36914],[132.46462,34.37139]]},"properties":{"事業者種別":"民営鉄道","行政区域":"34100","路線名":"宇品線","運営会社":"広島電鉄","鉄道区分":"軌道"}},{"type":"Feature","geometry":{"type":"LineString","coordinates":[[132.45609,34.38052],[132.45578,34.38096]]},"properties":{"事業者種別":"民営鉄道","行政区域":"34100","路線名":"宇品線","運営会社":"広島電鉄","鉄道区分":"軌道"}},{"type":"Feature","geometry":{"type":"LineString","coordinates":[[132.46311,34.35532],[132.46312,34.35552],[132.46318,34.35578],[132.46334,34.35612],[132.46354,34.3566],[132.46379,34.35719],[132.46386,34.35738],[132.46388,34.35755],[132.4639,34.35782]]},"properties":{"事業者種別":"民営鉄道","行政区域":"34100","路線名":"宇品線","運営会社":"広島電鉄","鉄道区分":"軌道"}},{"type":"Feature","geometry":{"type":"LineString","coordinates":[[132.45452,34.38597],[132.45482,34.38682],[132.45555,34.38891]]},"properties":{"事業者種別":"民営鉄道","行政区域":"34100","路線名":"宇品線","運営会社":"広島電鉄","鉄道区分":"軌道"}},{"type":"Feature","geometry":{"type":"LineString","coordinates":[[132.46423,34.37408],[132.46434,34.37406]]},"properties":{"事業者種別":"民営鉄道","行政区域":"34100","路線名":"宇品線","運営会社":"広島電鉄","鉄道区分":"軌道"}},{"type":"Feature","geometry":{"type":"LineString","coordinates":[[132.45949,34.37574],[132.45918,34.37617]]},"properties":{"事業者種別":"民営鉄道","行政区域":"34100","路線名":"宇品線","運営会社":"広島電鉄","鉄道区分":"軌道"}},{"type":"Feature","geometry":{"type":"LineString","coordinates":[[132.45612,34.3526],[132.45698,34.35238],[132.4572,34.35249],[132.45769,34.35393],[132.45777,34.35402],[132.45789,34.35407],[132.45944,34.35396]]},"properties":{"事業者種別":"民営鉄道","行政区域":"34100","路線名":"宇品線","運営会社":"広島電鉄","鉄道区分":"軌道"}},{"type":"Feature","geometry":{"type":"LineString","coordinates":[[132.45438,34.38557],[132.45452,34.38597]]},"properties":{"事業者種別":"民営鉄道","行政区域":"34100","路線名":"宇品線","運営会社":"広島電鉄","鉄道区分":"軌道"}},{"type":"Feature","geometry":{"type":"LineString","coordinates":[[132.46409,34.35996],[132.46412,34.36034]]},"properties":{"事業者種別":"民営鉄道","行政区域":"34100","路線名":"宇品線","運営会社":"広島電鉄","鉄道区分":"軌道"}},{"type":"Feature","geometry":{"type":"LineString","coordinates":[[132.46458,34.37173],[132.46457,34.37182],[132.46454,34.3725],[132.46456,34.37315],[132.46462,34.37373]]},"properties":{"事業者種別":"民営鉄道","行政区域":"34100","路線名":"宇品線","運営会社":"広島電鉄","鉄道区分":"軌道"}},{"type":"Feature","geometry":{"type":"LineString","coordinates":[[132.4585,34.37712],[132.45818,34.37757]]},"properties":{"事業者種別":"民営鉄道","行政区域":"34100","路線名":"宇品線","運営会社":"広島電鉄","鉄道区分":"軌道"}},{"type":"Feature","geometry":{"type":"LineString","coordinates":[[132.46462,34.37139],[132.46458,34.37173]]},"properties":{"事業者種別":"民営鉄道","行政区域":"34100","路線名":"宇品線","運営会社":"広島電鉄","鉄道区分":"軌道"}},{"type":"Feature","geometry":{"type":"LineString","coordinates":[[132.45787,34.39508],[132.45804,34.39504]]},"properties":{"事業者種別":"民営鉄道","行政区域":"34100","路線名":"宇品線","運営会社":"広島電鉄","鉄道区分":"軌道"}},{"type":"Feature","geometry":{"type":"LineString","coordinates":[[132.45664,34.39539],[132.4572,34.39525]]},"properties":{"事業者種別":"民営鉄道","行政区域":"34100","路線名":"宇品線","運営会社":"広島電鉄","鉄道区分":"軌道"}},{"type":"Feature","geometry":{"type":"LineString","coordinates":[[132.45857,34.39491],[132.45804,34.39504]]},"properties":{"事業者種別":"民営鉄道","行政区域":"34100","路線名":"宇品線","運営会社":"広島電鉄","鉄道区分":"軌道"}},{"type":"Feature","geometry":{"type":"LineString","coordinates":[[132.4572,34.39525],[132.45751,34.39517]]},"properties":{"事業者種別":"民営鉄道","行政区域":"34100","路線名":"宇品線","運営会社":"広島電鉄","鉄道区分":"軌道"}},{"type":"Feature","geometry":{"type":"LineString","coordinates":[[132.45011,34.40732],[132.4503,34.40903],[132.45033,34.40915],[132.45037,34.40923],[132.45042,34.40929],[132.45056,34.40949]]},"properties":{"事業者種別":"民営鉄道","行政区域":"34100","路線名":"横川線","運営会社":"広島電鉄","鉄道区分":"軌道"}},{"type":"Feature","geometry":{"type":"LineString","coordinates":[[132.44807,34.40059],[132.44821,34.40103]]},"properties":{"事業者種別":"民営鉄道","行政区域":"34100","路線名":"横川線","運営会社":"広島電鉄","鉄道区分":"軌道"}},{"type":"Feature","geometry":{"type":"LineString","coordinates":[[132.45056,34.40949],[132.45074,34.40972]]},"properties":{"事業者種別":"民営鉄道","行政区域":"34100","路線名":"横川線","運営会社":"広島電鉄","鉄道区分":"軌道"}},{"type":"Feature","geometry":{"type":"LineString","coordinates":[[132.44714046,34.39755321],[132.44742,34.39846],[132.44805,34.40051],[132.44807,34.40059]]},"properties":{"事業者種別":"民営鉄道","行政区域":"34100","路線名":"横川線","運営会社":"広島電鉄","鉄道区分":"軌道"}},{"type":"Feature","geometry":{"type":"LineString","coordinates":[[132.44952,34.4048],[132.44967,34.40529],[132.44975,34.4056],[132.44976,34.40563],[132.45001,34.40682],[132.45003,34.40689]]},"properties":{"事業者種別":"民営鉄道","行政区域":"34100","路線名":"横川線","運営会社":"広島電鉄","鉄道区分":"軌道"}},{"type":"Feature","geometry":{"type":"LineString","coordinates":[[132.44935,34.4044],[132.44952,34.4048]]},"properties":{"事業者種別":"民営鉄道","行政区域":"34100","路線名":"横川線","運営会社":"広島電鉄","鉄道区分":"軌道"}},{"type":"Feature","geometry":{"type":"LineString","coordinates":[[132.44821,34.40103],[132.44857,34.4022],[132.44887,34.40315],[132.4492,34.40401],[132.44935,34.4044]]},"properties":{"事業者種別":"民営鉄道","行政区域":"34100","路線名":"横川線","運営会社":"広島電鉄","鉄道区分":"軌道"}},{"type":"Feature","geometry":{"type":"LineString","coordinates":[[132.45003,34.40689],[132.45011,34.40732]]},"properties":{"事業者種別":"民営鉄道","行政区域":"34100","路線名":"横川線","運営会社":"広島電鉄","鉄道区分":"軌道"}},{"type":"Feature","geometry":{"type":"LineString","coordinates":[[132.47348,34.38982],[132.47356,34.38992],[132.47378,34.39015]]},"properties":{"事業者種別":"民営鉄道","行政区域":"34100","路線名":"皆実線","運営会社":"広島電鉄","鉄道区分":"軌道"}},{"type":"Feature","geometry":{"type":"LineString","coordinates":[[132.47127,34.38724],[132.47179,34.38788],[132.47236,34.38852],[132.47279,34.38902],[132.47325,34.38956],[132.47348,34.38982]]},"properties":{"事業者種別":"民営鉄道","行政区域":"34100","路線名":"皆実線","運営会社":"広島電鉄","鉄道区分":"軌道"}},{"type":"Feature","geometry":{"type":"LineString","coordinates":[[132.46477,34.37445],[132.46494,34.37482]]},"properties":{"事業者種別":"民営鉄道","行政区域":"34100","路線名":"皆実線","運営会社":"広島電鉄","鉄道区分":"軌道"}},{"type":"Feature","geometry":{"type":"LineString","coordinates":[[132.46608,34.37757],[132.46611,34.37766],[132.46665,34.37931],[132.46684,34.37978],[132.46706,34.38025]]},"properties":{"事業者種別":"民営鉄道","行政区域":"34100","路線名":"皆実線","運営会社":"広島電鉄","鉄道区分":"軌道"}},{"type":"Feature","geometry":{"type":"LineString","coordinates":[[132.46494,34.37482],[132.46545,34.37602],[132.46587,34.37697],[132.46595,34.37722]]},"properties":{"事業者種別":"民営鉄道","行政区域":"34100","路線名":"皆実線","運営会社":"広島電鉄","鉄道区分":"軌道"}},{"type":"Feature","geometry":{"type":"LineString","coordinates":[[132.46595,34.37722],[132.46608,34.37757]]},"properties":{"事業者種別":"民営鉄道","行政区域":"34100","路線名":"皆実線","運営会社":"広島電鉄","鉄道区分":"軌道"}},{"type":"Feature","geometry":{"type":"LineString","coordinates":[[132.46706,34.38025],[132.4672,34.38058]]},"properties":{"事業者種別":"民営鉄道","行政区域":"34100","路線名":"皆実線","運営会社":"広島電鉄","鉄道区分":"軌道"}},{"type":"Feature","geometry":{"type":"LineString","coordinates":[[132.4672,34.38058],[132.46728,34.38076],[132.46777,34.38183],[132.46806,34.38244],[132.46814,34.38257],[132.46846,34.38288],[132.46873,34.38315]]},"properties":{"事業者種別":"民営鉄道","行政区域":"34100","路線名":"皆実線","運営会社":"広島電鉄","鉄道区分":"軌道"}},{"type":"Feature","geometry":{"type":"LineString","coordinates":[[132.47378,34.39015],[132.47389,34.39027],[132.47463,34.39068],[132.47604,34.39136],[132.47609,34.39145],[132.4761,34.39151],[132.47535,34.39289]]},"properties":{"事業者種別":"民営鉄道","行政区域":"34100","路線名":"皆実線","運営会社":"広島電鉄","鉄道区分":"軌道"}},{"type":"Feature","geometry":{"type":"LineString","coordinates":[[132.4752,34.39316],[132.47535,34.39289]]},"properties":{"事業者種別":"民営鉄道","行政区域":"34100","路線名":"皆実線","運営会社":"広島電鉄","鉄道区分":"軌道"}},{"type":"Feature","geometry":{"type":"LineString","coordinates":[[132.4752,34.39316],[132.47518,34.39325],[132.47518,34.39331],[132.47521,34.39343]]},"properties":{"事業者種別":"民営鉄道","行政区域":"34100","路線名":"皆実線","運営会社":"広島電鉄","鉄道区分":"軌道"}},{"type":"Feature","geometry":{"type":"LineString","coordinates":[[132.46873,34.38315],[132.469,34.38344]]},"properties":{"事業者種別":"民営鉄道","行政区域":"34100","路線名":"皆実線","運営会社":"広島電鉄","鉄道区分":"軌道"}},{"type":"Feature","geometry":{"type":"LineString","coordinates":[[132.469,34.38344],[132.46905,34.3835],[132.46932,34.38383],[132.46968,34.38445],[132.47017,34.3854],[132.47102,34.38685]]},"properties":{"事業者種別":"民営鉄道","行政区域":"34100","路線名":"皆実線","運営会社":"広島電鉄","鉄道区分":"軌道"}},{"type":"Feature","geometry":{"type":"LineString","coordinates":[[132.47102,34.38685],[132.47114,34.38704],[132.47127,34.38724]]},"properties":{"事業者種別":"民営鉄道","行政区域":"34100","路線名":"皆実線","運営会社":"広島電鉄","鉄道区分":"軌道"}},{"type":"Feature","geometry":{"type":"LineString","coordinates":[[132.36142,34.36545],[132.36215,34.36551]]},"properties":{"事業者種別":"民営鉄道","行政区域":"34100","路線名":"宮島線","運営会社":"広島電鉄","鉄道区分":"普通鉄道"}},{"type":"Feature","geometry":{"type":"LineString","coordinates":[[132.39236,34.37568],[132.39166,34.37528]]},"properties":{"事業者種別":"民営鉄道","行政区域":"34100","路線名":"宮島線","運営会社":"広島電鉄","鉄道区分":"普通鉄道"}},{"type":"Feature","geometry":{"type":"LineString","coordinates":[[132.4111,34.386],[132.41095,34.3859],[132.41086,34.38585],[132.41029,34.38549],[132.40971,34.38512],[132.40864,34.38444],[132.40851,34.38436],[132.40807,34.38409],[132.40753,34.38374],[132.40707,34.38346],[132.40688,34.38333],[132.40674,34.38325],[132.40587,34.3827],[132.40541,34.38241],[132.4051,34.38222],[132.40483,34.38205],[132.40424,34.38169]]},"properties":{"事業者種別":"民営鉄道","行政区域":"34100","路線名":"宮島線","運営会社":"広島電鉄","鉄道区分":"普通鉄道"}},{"type":"Feature","geometry":{"type":"LineString","coordinates":[[132.39806,34.378],[132.398,34.37799],[132.39789,34.37796],[132.39728,34.37781],[132.39716,34.37778],[132.39672,34.3777],[132.3965,34.37765],[132.39644,34.37765],[132.39613,34.37757],[132.39596,34.37754],[132.39563,34.37743],[132.39536,34.37734],[132.395,34.3772],[132.39377,34.3765],[132.39322,34.37619],[132.39253,34.37578],[132.39236,34.37568]]},"properties":{"事業者種別":"民営鉄道","行政区域":"34100","路線名":"宮島線","運営会社":"広島電鉄","鉄道区分":"普通鉄道"}},{"type":"Feature","geometry":{"type":"LineString","coordinates":[[132.42006,34.39172],[132.41914,34.39111],[132.41901,34.39102],[132.41827,34.39053],[132.41758,34.39006],[132.41738,34.38993]]},"properties":{"事業者種別":"民営鉄道","行政区域":"34100","路線名":"宮島線","運営会社":"広島電鉄","鉄道区分":"普通鉄道"}},{"type":"Feature","geometry":{"type":"LineString","coordinates":[[132.36827,34.36661],[132.36902,34.36681],[132.36963,34.367],[132.36974,34.36702],[132.37019,34.36715],[132.37077,34.36732],[132.37107,34.36741],[132.3719,34.36762],[132.37249,34.36775],[132.37276,34.36782],[132.37287,34.36785],[132.37304,34.36789],[132.37338,34.36798],[132.37387,34.3681],[132.37391,34.36811]]},"properties":{"事業者種別":"民営鉄道","行政区域":"34100","路線名":"宮島線","運営会社":"広島電鉄","鉄道区分":"普通鉄道"}},{"type":"Feature","geometry":{"type":"LineString","coordinates":[[132.41174,34.38638],[132.41153,34.38626],[132.4111,34.386]]},"properties":{"事業者種別":"民営鉄道","行政区域":"34100","路線名":"宮島線","運営会社":"広島電鉄","鉄道区分":"普通鉄道"}},{"type":"Feature","geometry":{"type":"LineString","coordinates":[[132.427519,34.396594],[132.42677,34.39613],[132.42606,34.39567],[132.42549,34.39532],[132.42548,34.3953],[132.42546,34.39529],[132.4254,34.39525],[132.42498,34.395],[132.42468,34.3948],[132.42464,34.39479],[132.42439,34.39461],[132.42371,34.39415],[132.42274,34.39351],[132.42242,34.39329],[132.4224,34.39328],[132.42212,34.39309],[132.42135,34.39259],[132.42122,34.39249],[132.42049,34.392]]},"properties":{"事業者種別":"民営鉄道","行政区域":"34100","路線名":"宮島線","運営会社":"広島電鉄","鉄道区分":"普通鉄道"}},{"type":"Feature","geometry":{"type":"LineString","coordinates":[[132.4036,34.3813],[132.40329,34.38111],[132.40248,34.38057],[132.40188,34.38018],[132.4016,34.37996],[132.40091,34.37939],[132.4008,34.37931],[132.40031,34.37891],[132.40003,34.3787],[132.39976,34.37851],[132.39949,34.37838],[132.39908,34.37823],[132.39888,34.37819]]},"properties":{"事業者種別":"民営鉄道","行政区域":"34100","路線名":"宮島線","運営会社":"広島電鉄","鉄道区分":"普通鉄道"}},{"type":"Feature","geometry":{"type":"LineString","coordinates":[[132.41738,34.38993],[132.417,34.38968],[132.41681,34.38955]]},"properties":{"事業者種別":"民営鉄道","行政区域":"34100","路線名":"宮島線","運営会社":"広島電鉄","鉄道区分":"普通鉄道"}},{"type":"Feature","geometry":{"type":"LineString","coordinates":[[132.3675,34.3664],[132.36827,34.36661]]},"properties":{"事業者種別":"民営鉄道","行政区域":"34100","路線名":"宮島線","運営会社":"広島電鉄","鉄道区分":"普通鉄道"}},{"type":"Feature","geometry":{"type":"LineString","coordinates":[[132.3516,34.36428],[132.35098,34.36421],[132.35019,34.36412],[132.34969,34.36406],[132.34912,34.36399],[132.34887,34.36396],[132.34827,34.36389],[132.34775,34.36386],[132.34673,34.36381],[132.34436,34.3637],[132.34375,34.36368],[132.34349,34.36363],[132.343486993,34.363629248]]},"properties":{"事業者種別":"民営鉄道","行政区域":"34100","路線名":"宮島線","運営会社":"広島電鉄","鉄道区分":"普通鉄道"}},{"type":"Feature","geometry":{"type":"LineString","coordinates":[[132.35237,34.36437],[132.3516,34.36428]]},"properties":{"事業者種別":"民営鉄道","行政区域":"34100","路線名":"宮島線","運営会社":"広島電鉄","鉄道区分":"普通鉄道"}},{"type":"Feature","geometry":{"type":"LineString","coordinates":[[132.40424,34.38169],[132.4036,34.3813]]},"properties":{"事業者種別":"民営鉄道","行政区域":"34100","路線名":"宮島線","運営会社":"広島電鉄","鉄道区分":"普通鉄道"}},{"type":"Feature","geometry":{"type":"LineString","coordinates":[[132.41681,34.38955],[132.41669,34.38947],[132.41505,34.38843],[132.41471,34.38821],[132.41427,34.38794],[132.41269,34.38697],[132.4126,34.38691],[132.41207,34.38658],[132.41199,34.38654],[132.41174,34.38638]]},"properties":{"事業者種別":"民営鉄道","行政区域":"34100","路線名":"宮島線","運営会社":"広島電鉄","鉄道区分":"普通鉄道"}},{"type":"Feature","geometry":{"type":"LineString","coordinates":[[132.38542,34.3715],[132.38516,34.37134],[132.38497,34.37122],[132.3847,34.37105],[132.38443,34.37089],[132.38432,34.37083],[132.38408,34.3707],[132.38357,34.37049],[132.38349,34.37048],[132.38312,34.37035],[132.38273,34.37025],[132.38226,34.37015],[132.38098,34.36982],[132.38078,34.36978],[132.38069,34.36975],[132.38044,34.36969],[132.38023,34.36965],[132.37989,34.36956],[132.37981,34.36955],[132.37945,34.36946],[132.37934,34.36944],[132.37915,34.36938],[132.37809,34.36913],[132.3778,34.36905],[132.37699,34.36885],[132.37657,34.36875],[132.37612,34.36864],[132.37587,34.36858],[132.37523,34.36842],[132.37481,34.36832],[132.37462,34.36827],[132.37456,34.36826]]},"properties":{"事業者種別":"民営鉄道","行政区域":"34100","路線名":"宮島線","運営会社":"広島電鉄","鉄道区分":"普通鉄道"}},{"type":"Feature","geometry":{"type":"LineString","coordinates":[[132.37456,34.36826],[132.37391,34.36811]]},"properties":{"事業者種別":"民営鉄道","行政区域":"34100","路線名":"宮島線","運営会社":"広島電鉄","鉄道区分":"普通鉄道"}},{"type":"Feature","geometry":{"type":"LineString","coordinates":[[132.38612,34.37192],[132.38601,34.37185],[132.38542,34.3715]]},"properties":{"事業者種別":"民営鉄道","行政区域":"34100","路線名":"宮島線","運営会社":"広島電鉄","鉄道区分":"普通鉄道"}},{"type":"Feature","geometry":{"type":"LineString","coordinates":[[132.39166,34.37528],[132.39145,34.37516],[132.39137,34.37511],[132.39087,34.3748],[132.3906,34.37463],[132.38988,34.3742],[132.38975,34.37413],[132.38934,34.37387],[132.38771,34.37288],[132.38693,34.3724],[132.38681,34.37233],[132.38612,34.37192]]},"properties":{"事業者種別":"民営鉄道","行政区域":"34100","路線名":"宮島線","運営会社":"広島電鉄","鉄道区分":"普通鉄道"}},{"type":"Feature","geometry":{"type":"LineString","coordinates":[[132.39888,34.37819],[132.39806,34.378]]},"properties":{"事業者種別":"民営鉄道","行政区域":"34100","路線名":"宮島線","運営会社":"広島電鉄","鉄道区分":"普通鉄道"}},{"type":"Feature","geometry":{"type":"LineString","coordinates":[[132.36215,34.36551],[132.36366,34.36565],[132.36392,34.36568],[132.36544,34.36585],[132.36574,34.36591],[132.36615,34.36603],[132.36654,34.36613],[132.3675,34.3664]]},"properties":{"事業者種別":"民営鉄道","行政区域":"34100","路線名":"宮島線","運営会社":"広島電鉄","鉄道区分":"普通鉄道"}},{"type":"Feature","geometry":{"type":"LineString","coordinates":[[132.428027,34.396879],[132.427519,34.396594]]},"properties":{"事業者種別":"民営鉄道","行政区域":"34100","路線名":"宮島線","運営会社":"広島電鉄","鉄道区分":"普通鉄道"}},{"type":"Feature","geometry":{"type":"LineString","coordinates":[[132.35237,34.36437],[132.35568,34.36491],[132.35612,34.36499],[132.35658,34.36504],[132.35794,34.36516],[132.36033,34.36535],[132.36112,34.36542],[132.36142,34.36545]]},"properties":{"事業者種別":"民営鉄道","行政区域":"34100","路線名":"宮島線","運営会社":"広島電鉄","鉄道区分":"普通鉄道"}},{"type":"Feature","geometry":{"type":"LineString","coordinates":[[132.42049,34.392],[132.42006,34.39172]]},"properties":{"事業者種別":"民営鉄道","行政区域":"34100","路線名":"宮島線","運営会社":"広島電鉄","鉄道区分":"普通鉄道"}},{"type":"Feature","geometry":{"type":"LineString","coordinates":[[132.44266,34.3856],[132.44291,34.38601]]},"properties":{"事業者種別":"民営鉄道","行政区域":"34100","路線名":"江波線","運営会社":"広島電鉄","鉄道区分":"軌道"}},{"type":"Feature","geometry":{"type":"LineString","coordinates":[[132.44519,34.38966],[132.44526,34.38978],[132.44555,34.39033],[132.44584,34.391],[132.44594,34.3914],[132.44631,34.39426]]},"properties":{"事業者種別":"民営鉄道","行政区域":"34100","路線名":"江波線","運営会社":"広島電鉄","鉄道区分":"軌道"}},{"type":"Feature","geometry":{"type":"LineString","coordinates":[[132.43715,34.37478],[132.43729,34.37515]]},"properties":{"事業者種別":"民営鉄道","行政区域":"34100","路線名":"江波線","運営会社":"広島電鉄","鉄道区分":"軌道"}},{"type":"Feature","geometry":{"type":"LineString","coordinates":[[132.44117,34.38318],[132.44139,34.38353]]},"properties":{"事業者種別":"民営鉄道","行政区域":"34100","路線名":"江波線","運営会社":"広島電鉄","鉄道区分":"軌道"}},{"type":"Feature","geometry":{"type":"LineString","coordinates":[[132.43729,34.37515],[132.43738,34.37538],[132.43835,34.37785],[132.43887,34.37904],[132.43908,34.37947]]},"properties":{"事業者種別":"民営鉄道","行政区域":"34100","路線名":"江波線","運営会社":"広島電鉄","鉄道区分":"軌道"}},{"type":"Feature","geometry":{"type":"LineString","coordinates":[[132.44291,34.38601],[132.44345,34.38688],[132.44399,34.38775],[132.44441,34.38841],[132.44492,34.38923]]},"properties":{"事業者種別":"民営鉄道","行政区域":"34100","路線名":"江波線","運営会社":"広島電鉄","鉄道区分":"軌道"}},{"type":"Feature","geometry":{"type":"LineString","coordinates":[[132.4393,34.37986],[132.44068,34.38234],[132.44098,34.38286],[132.44117,34.38318]]},"properties":{"事業者種別":"民営鉄道","行政区域":"34100","路線名":"江波線","運営会社":"広島電鉄","鉄道区分":"軌道"}},{"type":"Feature","geometry":{"type":"LineString","coordinates":[[132.44492,34.38923],[132.44498,34.38932],[132.44519,34.38966]]},"properties":{"事業者種別":"民営鉄道","行政区域":"34100","路線名":"江波線","運営会社":"広島電鉄","鉄道区分":"軌道"}},{"type":"Feature","geometry":{"type":"LineString","coordinates":[[132.44139,34.38353],[132.44266,34.3856]]},"properties":{"事業者種別":"民営鉄道","行政区域":"34100","路線名":"江波線","運営会社":"広島電鉄","鉄道区分":"軌道"}},{"type":"Feature","geometry":{"type":"LineString","coordinates":[[132.43908,34.37947],[132.4393,34.37986]]},"properties":{"事業者種別":"民営鉄道","行政区域":"34100","路線名":"江波線","運営会社":"広島電鉄","鉄道区分":"軌道"}},{"type":"Feature","geometry":{"type":"LineString","coordinates":[[132.4356,34.37208],[132.43603,34.37234]]},"properties":{"事業者種別":"民営鉄道","行政区域":"34100","路線名":"江波線","運営会社":"広島電鉄","鉄道区分":"軌道"}},{"type":"Feature","geometry":{"type":"LineString","coordinates":[[132.43603,34.37234],[132.43626,34.37248],[132.43715,34.37478]]},"properties":{"事業者種別":"民営鉄道","行政区域":"34100","路線名":"江波線","運営会社":"広島電鉄","鉄道区分":"軌道"}},{"type":"Feature","geometry":{"type":"LineString","coordinates":[[132.44631,34.39426],[132.44636,34.39476]]},"properties":{"事業者種別":"民営鉄道","行政区域":"34100","路線名":"江波線","運営会社":"広島電鉄","鉄道区分":"軌道"}},{"type":"Feature","geometry":{"type":"LineString","coordinates":[[132.46484,34.39793],[132.46497,34.39838]]},"properties":{"事業者種別":"民営鉄道","行政区域":"34100","路線名":"白島線","運営会社":"広島電鉄","鉄道区分":"軌道"}},{"type":"Feature","geometry":{"type":"LineString","coordinates":[[132.46337,34.39375],[132.46346,34.39378],[132.46356,34.39384],[132.46363,34.39397],[132.4638,34.39454],[132.46396,34.39507]]},"properties":{"事業者種別":"民営鉄道","行政区域":"34100","路線名":"白島線","運営会社":"広島電鉄","鉄道区分":"軌道"}},{"type":"Feature","geometry":{"type":"LineString","coordinates":[[132.46524,34.39922],[132.46537,34.39966]]},"properties":{"事業者種別":"民営鉄道","行政区域":"34100","路線名":"白島線","運営会社":"広島電鉄","鉄道区分":"軌道"}},{"type":"Feature","geometry":{"type":"LineString","coordinates":[[132.46396,34.39507],[132.46408,34.39546]]},"properties":{"事業者種別":"民営鉄道","行政区域":"34100","路線名":"白島線","運営会社":"広島電鉄","鉄道区分":"軌道"}},{"type":"Feature","geometry":{"type":"LineString","coordinates":[[132.46408,34.39546],[132.46484,34.39793]]},"properties":{"事業者種別":"民営鉄道","行政区域":"34100","路線名":"白島線","運営会社":"広島電鉄","鉄道区分":"軌道"}},{"type":"Feature","geometry":{"type":"LineString","coordinates":[[132.46594,34.40153],[132.46601,34.40184],[132.46605,34.4023],[132.46603,34.40267],[132.46597,34.40314],[132.46586,34.40355],[132.46576,34.40387]]},"properties":{"事業者種別":"民営鉄道","行政区域":"34100","路線名":"白島線","運営会社":"広島電鉄","鉄道区分":"軌道"}},{"type":"Feature","geometry":{"type":"LineString","coordinates":[[132.46497,34.39838],[132.46524,34.39922]]},"properties":{"事業者種別":"民営鉄道","行政区域":"34100","路線名":"白島線","運営会社":"広島電鉄","鉄道区分":"軌道"}},{"type":"Feature","geometry":{"type":"LineString","coordinates":[[132.46581,34.4011],[132.46594,34.40153]]},"properties":{"事業者種別":"民営鉄道","行政区域":"34100","路線名":"白島線","運営会社":"広島電鉄","鉄道区分":"軌道"}},{"type":"Feature","geometry":{"type":"LineString","coordinates":[[132.46576,34.40387],[132.46563,34.40426]]},"properties":{"事業者種別":"民営鉄道","行政区域":"34100","路線名":"白島線","運営会社":"広島電鉄","鉄道区分":"軌道"}},{"type":"Feature","geometry":{"type":"LineString","coordinates":[[132.46537,34.39966],[132.46539,34.39972],[132.46563,34.40052],[132.46581,34.4011]]},"properties":{"事業者種別":"民営鉄道","行政区域":"34100","路線名":"白島線","運営会社":"広島電鉄","鉄道区分":"軌道"}},{"type":"Feature","geometry":{"type":"LineString","coordinates":[[132.46337,34.39375],[132.46283,34.39388]]},"properties":{"事業者種別":"民営鉄道","行政区域":"34100","路線名":"白島線","運営会社":"広島電鉄","鉄道区分":"軌道"}},{"type":"Feature","geometry":{"type":"LineString","coordinates":[[132.46128,34.39425],[132.46067,34.3944]]},"properties":{"事業者種別":"民営鉄道","行政区域":"34100","路線名":"本線","運営会社":"広島電鉄","鉄道区分":"軌道"}},{"type":"Feature","geometry":{"type":"LineString","coordinates":[[132.47137,34.39258],[132.47089,34.39267]]},"properties":{"事業者種別":"民営鉄道","行政区域":"34100","路線名":"本線","運営会社":"広島電鉄","鉄道区分":"軌道"}},{"type":"Feature","geometry":{"type":"LineString","coordinates":[[132.427519,34.396594],[132.428027,34.396879]]},"properties":{"事業者種別":"民営鉄道","行政区域":"34100","路線名":"本線","運営会社":"広島電鉄","鉄道区分":"軌道"}},{"type":"Feature","geometry":{"type":"LineString","coordinates":[[132.46283,34.39388],[132.46128,34.39425]]},"properties":{"事業者種別":"民営鉄道","行政区域":"34100","路線名":"本線","運営会社":"広島電鉄","鉄道区分":"軌道"}},{"type":"Feature","geometry":{"type":"LineString","coordinates":[[132.47591,34.39545],[132.47572,34.39616],[132.47565,34.39621]]},"properties":{"事業者種別":"民営鉄道","行政区域":"34100","路線名":"本線","運営会社":"広島電鉄","鉄道区分":"軌道"}},{"type":"Feature","geometry":{"type":"LineString","coordinates":[[132.47601,34.39506],[132.47591,34.39545]]},"properties":{"事業者種別":"民営鉄道","行政区域":"34100","路線名":"本線","運営会社":"広島電鉄","鉄道区分":"軌道"}},{"type":"Feature","geometry":{"type":"LineString","coordinates":[[132.45857,34.39491],[132.45804,34.39504]]},"properties":{"事業者種別":"民営鉄道","行政区域":"34100","路線名":"本線","運営会社":"広島電鉄","鉄道区分":"軌道"}},{"type":"Feature","geometry":{"type":"LineString","coordinates":[[132.46337,34.39375],[132.46283,34.39388]]},"properties":{"事業者種別":"民営鉄道","行政区域":"34100","路線名":"本線","運営会社":"広島電鉄","鉄道区分":"軌道"}},{"type":"Feature","geometry":{"type":"LineString","coordinates":[[132.47565,34.39621],[132.47522,34.39645]]},"properties":{"事業者種別":"民営鉄道","行政区域":"34100","路線名":"本線","運営会社":"広島電鉄","鉄道区分":"軌道"}},{"type":"Feature","geometry":{"type":"LineString","coordinates":[[132.45357,34.39615],[132.45412,34.39601]]},"properties":{"事業者種別":"民営鉄道","行政区域":"34100","路線名":"本線","運営会社":"広島電鉄","鉄道区分":"軌道"}},{"type":"Feature","geometry":{"type":"LineString","coordinates":[[132.4675,34.39316],[132.46722,34.39316],[132.46698,34.39317]]},"properties":{"事業者種別":"民営鉄道","行政区域":"34100","路線名":"本線","運営会社":"広島電鉄","鉄道区分":"軌道"}},{"type":"Feature","geometry":{"type":"LineString","coordinates":[[132.46067,34.3944],[132.46033,34.39448],[132.45857,34.39491]]},"properties":{"事業者種別":"民営鉄道","行政区域":"34100","路線名":"本線","運営会社":"広島電鉄","鉄道区分":"軌道"}},{"type":"Feature","geometry":{"type":"LineString","coordinates":[[132.46698,34.39317],[132.4667,34.39317],[132.46605,34.3932],[132.46552,34.39324]]},"properties":{"事業者種別":"民営鉄道","行政区域":"34100","路線名":"本線","運営会社":"広島電鉄","鉄道区分":"軌道"}},{"type":"Feature","geometry":{"type":"LineString","coordinates":[[132.4572,34.39525],[132.45751,34.39517]]},"properties":{"事業者種別":"民営鉄道","行政区域":"34100","路線名":"本線","運営会社":"広島電鉄","鉄道区分":"軌道"}},{"type":"Feature","geometry":{"type":"LineString","coordinates":[[132.45751,34.39517],[132.45787,34.39508]]},"properties":{"事業者種別":"民営鉄道","行政区域":"34100","路線名":"本線","運営会社":"広島電鉄","鉄道区分":"軌道"}},{"type":"Feature","geometry":{"type":"LineString","coordinates":[[132.45787,34.39508],[132.45804,34.39504]]},"properties":{"事業者種別":"民営鉄道","行政区域":"34100","路線名":"本線","運営会社":"広島電鉄","鉄道区分":"軌道"}},{"type":"Feature","geometry":{"type":"LineString","coordinates":[[132.45664,34.39539],[132.4572,34.39525]]},"properties":{"事業者種別":"民営鉄道","行政区域":"34100","路線名":"本線","運営会社":"広島電鉄","鉄道区分":"軌道"}},{"type":"Feature","geometry":{"type":"LineString","coordinates":[[132.428027,34.396879],[132.428149,34.396888],[132.428304,34.396946],[132.428629,34.39718],[132.428754,34.397213],[132.428854,34.397206],[132.428981,34.397162],[132.43235,34.39561],[132.43385,34.39493]]},"properties":{"事業者種別":"民営鉄道","行政区域":"34100","路線名":"本線","運営会社":"広島電鉄","鉄道区分":"軌道"}},{"type":"Feature","geometry":{"type":"LineString","coordinates":[[132.46498,34.39334],[132.46478,34.39339],[132.46337,34.39375]]},"properties":{"事業者種別":"民営鉄道","行政区域":"34100","路線名":"本線","運営会社":"広島電鉄","鉄道区分":"軌道"}},{"type":"Feature","geometry":{"type":"LineString","coordinates":[[132.44798,34.39723],[132.45022,34.39683]]},"properties":{"事業者種別":"民営鉄道","行政区域":"34100","路線名":"本線","運営会社":"広島電鉄","鉄道区分":"軌道"}},{"type":"Feature","geometry":{"type":"LineString","coordinates":[[132.47486,34.3933],[132.47521,34.39343]]},"properties":{"事業者種別":"民営鉄道","行政区域":"34100","路線名":"本線","運営会社":"広島電鉄","鉄道区分":"軌道"}},{"type":"Feature","geometry":{"type":"LineString","coordinates":[[132.47521,34.39343],[132.47574,34.39362],[132.47598,34.39371],[132.47617,34.39385],[132.47624,34.39392],[132.47627,34.39402],[132.47615,34.3945],[132.47601,34.39506]]},"properties":{"事業者種別":"民営鉄道","行政区域":"34100","路線名":"本線","運営会社":"広島電鉄","鉄道区分":"軌道"}},{"type":"Feature","geometry":{"type":"LineString","coordinates":[[132.43427,34.39473],[132.43469,34.39453],[132.43532,34.39426],[132.43596,34.39411],[132.43661,34.39399]]},"properties":{"事業者種別":"民営鉄道","行政区域":"34100","路線名":"本線","運営会社":"広島電鉄","鉄道区分":"軌道"}},{"type":"Feature","geometry":{"type":"LineString","coordinates":[[132.43851,34.39558],[132.43891,34.39551]]},"properties":{"事業者種別":"民営鉄道","行政区域":"34100","路線名":"本線","運営会社":"広島電鉄","鉄道区分":"軌道"}},{"type":"Feature","geometry":{"type":"LineString","coordinates":[[132.43385,34.39493],[132.43427,34.39473]]},"properties":{"事業者種別":"民営鉄道","行政区域":"34100","路線名":"本線","運営会社":"広島電鉄","鉄道区分":"軌道"}},{"type":"Feature","geometry":{"type":"LineString","coordinates":[[132.44742,34.39733],[132.44798,34.39723]]},"properties":{"事業者種別":"民営鉄道","行政区域":"34100","路線名":"本線","運営会社":"広島電鉄","鉄道区分":"軌道"}},{"type":"Feature","geometry":{"type":"LineString","coordinates":[[132.47089,34.39267],[132.47081,34.39268],[132.47023,34.39275],[132.46957,34.39285],[132.4675,34.39316]]},"properties":{"事業者種別":"民営鉄道","行政区域":"34100","路線名":"本線","運営会社":"広島電鉄","鉄道区分":"軌道"}},{"type":"Feature","geometry":{"type":"LineString","coordinates":[[132.45022,34.39683],[132.45077,34.39674]]},"properties":{"事業者種別":"民営鉄道","行政区域":"34100","路線名":"本線","運営会社":"広島電鉄","鉄道区分":"軌道"}},{"type":"Feature","geometry":{"type":"LineString","coordinates":[[132.44083,34.39518],[132.44125,34.39512]]},"properties":{"事業者種別":"民営鉄道","行政区域":"34100","路線名":"本線","運営会社":"広島電鉄","鉄道区分":"軌道"}},{"type":"Feature","geometry":{"type":"LineString","coordinates":[[132.44636,34.39476],[132.44641,34.39514],[132.44656,34.3957],[132.44685,34.3966]]},"properties":{"事業者種別":"民営鉄道","行政区域":"34100","路線名":"本線","運営会社":"広島電鉄","鉄道区分":"軌道"}},{"type":"Feature","geometry":{"type":"LineString","coordinates":[[132.43711,34.39389],[132.43727,34.39386],[132.43736,34.39387],[132.43741,34.39392],[132.4375,34.39404],[132.43765,34.39423],[132.43776,34.39444],[132.43814,34.39527],[132.43825,34.39552],[132.43831,34.39557],[132.43841,34.39559],[132.43851,34.39558]]},"properties":{"事業者種別":"民営鉄道","行政区域":"34100","路線名":"本線","運営会社":"広島電鉄","鉄道区分":"軌道"}},{"type":"Feature","geometry":{"type":"LineString","coordinates":[[132.4744,34.39314],[132.47394,34.39297],[132.4724,34.39269],[132.47163,34.39255],[132.47146,34.39256],[132.47137,34.39258]]},"properties":{"事業者種別":"民営鉄道","行政区域":"34100","路線名":"本線","運営会社":"広島電鉄","鉄道区分":"軌道"}},{"type":"Feature","geometry":{"type":"LineString","coordinates":[[132.45412,34.39601],[132.45664,34.39539]]},"properties":{"事業者種別":"民営鉄道","行政区域":"34100","路線名":"本線","運営会社":"広島電鉄","鉄道区分":"軌道"}},{"type":"Feature","geometry":{"type":"LineString","coordinates":[[132.46552,34.39324],[132.4651,34.39331],[132.46498,34.39334]]},"properties":{"事業者種別":"民営鉄道","行政区域":"34100","路線名":"本線","運営会社":"広島電鉄","鉄道区分":"軌道"}},{"type":"Feature","geometry":{"type":"LineString","coordinates":[[132.44475,34.3944],[132.44597,34.39413],[132.44609,34.39413],[132.44616,34.39415],[132.44624,34.39418],[132.44631,34.39426]]},"properties":{"事業者種別":"民営鉄道","行政区域":"34100","路線名":"本線","運営会社":"広島電鉄","鉄道区分":"軌道"}},{"type":"Feature","geometry":{"type":"LineString","coordinates":[[132.44424,34.39451],[132.44475,34.3944]]},"properties":{"事業者種別":"民営鉄道","行政区域":"34100","路線名":"本線","運営会社":"広島電鉄","鉄道区分":"軌道"}},{"type":"Feature","geometry":{"type":"LineString","coordinates":[[132.45077,34.39674],[132.45182,34.39655],[132.45258,34.39639],[132.45357,34.39615]]},"properties":{"事業者種別":"民営鉄道","行政区域":"34100","路線名":"本線","運営会社":"広島電鉄","鉄道区分":"軌道"}},{"type":"Feature","geometry":{"type":"LineString","coordinates":[[132.44125,34.39512],[132.44195,34.39498],[132.44319,34.39471],[132.44358,34.39464],[132.44424,34.39451]]},"properties":{"事業者種別":"民営鉄道","行政区域":"34100","路線名":"本線","運営会社":"広島電鉄","鉄道区分":"軌道"}},{"type":"Feature","geometry":{"type":"LineString","coordinates":[[132.47486,34.3933],[132.4744,34.39314]]},"properties":{"事業者種別":"民営鉄道","行政区域":"34100","路線名":"本線","運営会社":"広島電鉄","鉄道区分":"軌道"}},{"type":"Feature","geometry":{"type":"LineString","coordinates":[[132.44631,34.39426],[132.44636,34.39476]]},"properties":{"事業者種別":"民営鉄道","行政区域":"34100","路線名":"本線","運営会社":"広島電鉄","鉄道区分":"軌道"}},{"type":"Feature","geometry":{"type":"LineString","coordinates":[[132.43891,34.39551],[132.43939,34.39544],[132.44083,34.39518]]},"properties":{"事業者種別":"民営鉄道","行政区域":"34100","路線名":"本線","運営会社":"広島電鉄","鉄道区分":"軌道"}},{"type":"Feature","geometry":{"type":"LineString","coordinates":[[132.43661,34.39399],[132.43711,34.39389]]},"properties":{"事業者種別":"民営鉄道","行政区域":"34100","路線名":"本線","運営会社":"広島電鉄","鉄道区分":"軌道"}},{"type":"Feature","geometry":{"type":"LineString","coordinates":[[132.44701,34.39713],[132.44713,34.3973],[132.44724,34.39734],[132.44742,34.39733]]},"properties":{"事業者種別":"民営鉄道","行政区域":"34100","路線名":"本線","運営会社":"広島電鉄","鉄道区分":"軌道"}},{"type":"Feature","geometry":{"type":"LineString","coordinates":[[132.50647,34.49015],[132.50673,34.4908]]},"properties":{"事業者種別":"JR在来線","行政区域":"34100","路線名":"可部線","運営会社":"西日本旅客鉄道","鉄道区分":"普通鉄道JR"}},{"type":"Feature","geometry":{"type":"LineString","coordinates":[[132.49462,34.48099],[132.49613,34.48187],[132.49692,34.48235],[132.49724,34.48253],[132.49747,34.48266],[132.49754,34.48269],[132.4976,34.4827],[132.49811,34.48276],[132.4983,34.48277],[132.49847,34.48279],[132.49859,34.48281],[132.49874,34.48285],[132.49908,34.48302],[132.49945,34.48321],[132.49968,34.48337],[132.50017,34.48369],[132.50034,34.48382],[132.5004,34.48387],[132.50059,34.48401],[132.50066,34.48404],[132.50091,34.48421],[132.50174,34.48471],[132.50213,34.4849],[132.50244,34.48506],[132.50248,34.48509],[132.50256,34.48513],[132.50278,34.48525],[132.50343,34.48563],[132.50385,34.48592],[132.50391,34.48599],[132.50409,34.48614],[132.50431,34.48641],[132.50526,34.48778],[132.50543,34.48803],[132.50545,34.48805],[132.50575,34.48851],[132.50586,34.48875],[132.50596,34.48894],[132.5061,34.48928],[132.50626,34.48968],[132.50633,34.48982],[132.50639,34.48995],[132.50647,34.49015]]},"properties":{"事業者種別":"JR在来線","行政区域":"34100","路線名":"可部線","運営会社":"西日本旅客鉄道","鉄道区分":"普通鉄道JR"}},{"type":"Feature","geometry":{"type":"LineString","coordinates":[[132.46806,34.45018],[132.46816,34.45095]]},"properties":{"事業者種別":"JR在来線","行政区域":"34100","路線名":"可部線","運営会社":"西日本旅客鉄道","鉄道区分":"普通鉄道JR"}},{"type":"Feature","geometry":{"type":"LineString","coordinates":[[132.47101,34.46175],[132.4712,34.46198],[132.47129,34.46211],[132.47136,34.4622],[132.47172,34.46262],[132.47202,34.46296],[132.47264,34.46369],[132.47268,34.46374],[132.47278,34.46386],[132.47374,34.46497],[132.47419,34.46552],[132.47449,34.46586],[132.47456,34.46595],[132.47493,34.46641],[132.47536,34.46687],[132.47555,34.46713]]},"properties":{"事業者種別":"JR在来線","行政区域":"34100","路線名":"可部線","運営会社":"西日本旅客鉄道","鉄道区分":"普通鉄道JR"}},{"type":"Feature","geometry":{"type":"LineString","coordinates":[[132.49364,34.48045],[132.49462,34.48099]]},"properties":{"事業者種別":"JR在来線","行政区域":"34100","路線名":"可部線","運営会社":"西日本旅客鉄道","鉄道区分":"普通鉄道JR"}},{"type":"Feature","geometry":{"type":"LineString","coordinates":[[132.46264,34.43984],[132.46361,34.44109],[132.46414,34.4418],[132.46444,34.44222],[132.46479,34.44273],[132.46604,34.44521],[132.46754,34.44821],[132.46787,34.44896],[132.46799,34.44933],[132.46802,34.44957],[132.46804,34.44984],[132.46806,34.45018]]},"properties":{"事業者種別":"JR在来線","行政区域":"34100","路線名":"可部線","運営会社":"西日本旅客鉄道","鉄道区分":"普通鉄道JR"}},{"type":"Feature","geometry":{"type":"LineString","coordinates":[[132.44776,34.4175],[132.44783,34.41756],[132.4495,34.41905],[132.45014,34.41965],[132.45031,34.41982],[132.45038,34.41991],[132.45075,34.42045],[132.45093,34.42091],[132.45108,34.42145],[132.45119,34.42186],[132.45131,34.42232],[132.45136,34.42248],[132.45143,34.42273],[132.45152,34.42286],[132.4516,34.42297],[132.45186,34.42327],[132.45234,34.42373],[132.45298,34.42436],[132.4537,34.42504],[132.45409,34.42537],[132.45413,34.42541],[132.45447,34.42569],[132.45477,34.42597],[132.45503,34.42626],[132.4554,34.4269],[132.45592,34.42803]]},"properties":{"事業者種別":"JR在来線","行政区域":"34100","路線名":"可部線","運営会社":"西日本旅客鉄道","鉄道区分":"普通鉄道JR"}},{"type":"Feature","geometry":{"type":"LineString","coordinates":[[132.47049,34.46093],[132.47062,34.46115],[132.47076,34.46138],[132.47098,34.46171],[132.47101,34.46175]]},"properties":{"事業者種別":"JR在来線","行政区域":"34100","路線名":"可部線","運営会社":"西日本旅客鉄道","鉄道区分":"普通鉄道JR"}},{"type":"Feature","geometry":{"type":"LineString","coordinates":[[132.44704,34.41696],[132.44751,34.41732],[132.44776,34.4175]]},"properties":{"事業者種別":"JR在来線","行政区域":"34100","路線名":"可部線","運営会社":"西日本旅客鉄道","鉄道区分":"普通鉄道JR"}},{"type":"Feature","geometry":{"type":"LineString","coordinates":[[132.45592,34.42803],[132.45629,34.42875]]},"properties":{"事業者種別":"JR在来線","行政区域":"34100","路線名":"可部線","運営会社":"西日本旅客鉄道","鉄道区分":"普通鉄道JR"}},{"type":"Feature","geometry":{"type":"LineString","coordinates":[[132.51063,34.51253],[132.51078,34.51193],[132.5109,34.5115]]},"properties":{"事業者種別":"JR在来線","行政区域":"34100","路線名":"可部線","運営会社":"西日本旅客鉄道","鉄道区分":"普通鉄道JR"}},{"type":"Feature","geometry":{"type":"LineString","coordinates":[[132.5132,34.5007],[132.5132,34.50075],[132.51324,34.50086],[132.51337,34.50131],[132.51356,34.50191],[132.51358,34.50198],[132.51361,34.50206],[132.51367,34.50226],[132.51379,34.50258],[132.5138,34.5026],[132.51384,34.50273],[132.51393,34.50295],[132.51398,34.50307],[132.51405,34.50323],[132.51418,34.5038],[132.51425,34.50419],[132.51425,34.5043],[132.51431,34.50455],[132.51431,34.5046],[132.51435,34.50493],[132.51436,34.50508],[132.51436,34.50512],[132.51435,34.50537],[132.51431,34.50557],[132.51426,34.50575],[132.51419,34.50589],[132.51403,34.50613],[132.51359,34.50673],[132.51336,34.50702],[132.5131,34.50734],[132.5129,34.50758],[132.51286,34.50763],[132.51261,34.50791],[132.51258,34.50795],[132.5125,34.50804],[132.51246,34.50808],[132.51241,34.50813],[132.51218,34.50842],[132.51205,34.50857],[132.5118,34.50886],[132.51167,34.50905],[132.51159,34.50914],[132.51148,34.50931],[132.51135,34.50956],[132.51124,34.50985],[132.51119,34.51008],[132.51118,34.51009],[132.51096,34.51124],[132.5109,34.5115]]},"properties":{"事業者種別":"JR在来線","行政区域":"34100","路線名":"可部線","運営会社":"西日本旅客鉄道","鉄道区分":"普通鉄道JR"}},{"type":"Feature","geometry":{"type":"LineString","coordinates":[[132.50673,34.4908],[132.5068,34.49098],[132.50684,34.49109],[132.50687,34.49116],[132.50695,34.49136],[132.50702,34.49155],[132.50716,34.49186],[132.50717,34.49187],[132.50729,34.49213],[132.50759,34.49264],[132.508,34.49325],[132.50832,34.49364],[132.50847,34.4938],[132.50875,34.49405],[132.50893,34.49416],[132.50987,34.49469],[132.51031,34.49493],[132.51036,34.49496],[132.51054,34.49506],[132.51057,34.49509],[132.51063,34.49512],[132.51163,34.4957],[132.512,34.49596],[132.51224,34.49618],[132.51239,34.49633],[132.51254,34.49657],[132.51267,34.49687],[132.51271,34.49708],[132.51273,34.49725],[132.51297,34.49887],[132.51299,34.49901],[132.51301,34.49913],[132.51302,34.49923],[132.51311,34.49988],[132.51313,34.49999]]},"properties":{"事業者種別":"JR在来線","行政区域":"34100","路線名":"可部線","運営会社":"西日本旅客鉄道","鉄道区分":"普通鉄道JR"}},{"type":"Feature","geometry":{"type":"LineString","coordinates":[[132.47613,34.46781],[132.47661,34.46839],[132.47701,34.46884],[132.47751,34.46932],[132.47826,34.46998],[132.47885,34.47052],[132.47982,34.47143],[132.48088,34.4724]]},"properties":{"事業者種別":"JR在来線","行政区域":"34100","路線名":"可部線","運営会社":"西日本旅客鉄道","鉄道区分":"普通鉄道JR"}},{"type":"Feature","geometry":{"type":"LineString","coordinates":[[132.47555,34.46713],[132.47613,34.46781]]},"properties":{"事業者種別":"JR在来線","行政区域":"34100","路線名":"可部線","運営会社":"西日本旅客鉄道","鉄道区分":"普通鉄道JR"}},{"type":"Feature","geometry":{"type":"LineString","coordinates":[[132.45629,34.42875],[132.45645,34.42918],[132.45685,34.43002],[132.45719,34.43078],[132.45745,34.43139],[132.45785,34.43229],[132.45839,34.43358],[132.45882,34.43451],[132.45887,34.43462],[132.459,34.43487],[132.45911,34.43509],[132.45928,34.43542],[132.45942,34.43563],[132.45958,34.43583],[132.45999,34.4364],[132.46037,34.43689],[132.46069,34.43731],[132.46194,34.43897]]},"properties":{"事業者種別":"JR在来線","行政区域":"34100","路線名":"可部線","運営会社":"西日本旅客鉄道","鉄道区分":"普通鉄道JR"}},{"type":"Feature","geometry":{"type":"LineString","coordinates":[[132.44704,34.41696],[132.44641,34.41654],[132.44609,34.41636],[132.44601,34.41631],[132.44561,34.41608],[132.44551,34.41603],[132.44542,34.41595],[132.44536,34.41588],[132.44525,34.41574],[132.44509,34.41552],[132.44505,34.41537],[132.44497,34.41505],[132.44495,34.41499],[132.44493,34.41483],[132.44495,34.41464],[132.44501,34.41436],[132.44514,34.41412],[132.44528,34.41394],[132.44539,34.4138],[132.44541,34.41377],[132.44551,34.41364],[132.44552,34.41363],[132.44572,34.4134],[132.44593,34.41313],[132.44654,34.41237],[132.44726,34.41148],[132.44736,34.41138],[132.44741,34.41131],[132.4476,34.41112],[132.44763,34.41109],[132.44785,34.41091],[132.44802,34.41081],[132.44829,34.41067],[132.44848,34.41059],[132.44853,34.41057],[132.44863,34.41054],[132.44913,34.4105],[132.44965,34.4105],[132.44996,34.4105]]},"properties":{"事業者種別":"JR在来線","行政区域":"34100","路線名":"可部線","運営会社":"西日本旅客鉄道","鉄道区分":"普通鉄道JR"}},{"type":"Feature","geometry":{"type":"LineString","coordinates":[[132.46816,34.45095],[132.4683,34.45178],[132.46836,34.45212],[132.46863,34.45375],[132.46904,34.45601],[132.46936,34.45784],[132.46956,34.45865],[132.4698,34.45937],[132.47013,34.46026],[132.47049,34.46093]]},"properties":{"事業者種別":"JR在来線","行政区域":"34100","路線名":"可部線","運営会社":"西日本旅客鉄道","鉄道区分":"普通鉄道JR"}},{"type":"Feature","geometry":{"type":"LineString","coordinates":[[132.44996,34.4105],[132.45151,34.41055]]},"properties":{"事業者種別":"JR在来線","行政区域":"34100","路線名":"可部線","運営会社":"西日本旅客鉄道","鉄道区分":"普通鉄道JR"}},{"type":"Feature","geometry":{"type":"LineString","coordinates":[[132.48146,34.47288],[132.48157,34.47298],[132.482,34.47328],[132.48244,34.47365],[132.4832,34.47419],[132.48398,34.47474],[132.48466,34.47518],[132.48479,34.47527],[132.48568,34.47584],[132.48629,34.47623],[132.48682,34.47654],[132.48753,34.47697],[132.48836,34.47745],[132.48908,34.47786],[132.48995,34.47834],[132.49045,34.47864],[132.49112,34.47902],[132.4917,34.47935],[132.49364,34.48045]]},"properties":{"事業者種別":"JR在来線","行政区域":"34100","路線名":"可部線","運営会社":"西日本旅客鉄道","鉄道区分":"普通鉄道JR"}},{"type":"Feature","geometry":{"type":"LineString","coordinates":[[132.51313,34.49999],[132.5132,34.5007]]},"properties":{"事業者種別":"JR在来線","行政区域":"34100","路線名":"可部線","運営会社":"西日本旅客鉄道","鉄道区分":"普通鉄道JR"}},{"type":"Feature","geometry":{"type":"LineString","coordinates":[[132.48088,34.4724],[132.48146,34.47288]]},"properties":{"事業者種別":"JR在来線","行政区域":"34100","路線名":"可部線","運営会社":"西日本旅客鉄道","鉄道区分":"普通鉄道JR"}},{"type":"Feature","geometry":{"type":"LineString","coordinates":[[132.46194,34.43897],[132.46264,34.43984]]},"properties":{"事業者種別":"JR在来線","行政区域":"34100","路線名":"可部線","運営会社":"西日本旅客鉄道","鉄道区分":"普通鉄道JR"}},{"type":"Feature","geometry":{"type":"LineString","coordinates":[[132.65808,34.5547],[132.65792,34.5554],[132.65778,34.5561],[132.65773,34.55635],[132.65767,34.55683],[132.65766,34.55706],[132.65768,34.55735],[132.6577,34.55758],[132.65774,34.55793],[132.65807,34.55903],[132.65843,34.56],[132.65908,34.56179],[132.65922,34.56229],[132.65935,34.56279],[132.65943,34.56306],[132.65968,34.5641],[132.65984,34.56486],[132.65989,34.56508],[132.66015,34.56632],[132.66047,34.56753],[132.66049,34.5676],[132.66066,34.56813],[132.66075,34.56837],[132.66096,34.56879],[132.66125,34.56925],[132.66152,34.5696],[132.66187,34.57002],[132.66219,34.57033],[132.66252,34.57066],[132.66293,34.57104],[132.66341,34.57149],[132.66479,34.57268],[132.66562,34.57338],[132.6662,34.57378],[132.66641,34.57391],[132.66694,34.57422],[132.6675,34.57458],[132.66839,34.57509],[132.66896,34.57541],[132.67046,34.57625],[132.67072,34.5764],[132.67125,34.5767],[132.67203,34.57715],[132.67245,34.57739],[132.67358,34.57805],[132.67396,34.5783],[132.67418,34.57845],[132.67437,34.57867],[132.67454,34.57893],[132.67475,34.57929],[132.67486,34.57959],[132.6749,34.57977],[132.67492,34.58005],[132.67493,34.58037],[132.6749,34.5806],[132.67479,34.58101],[132.67464,34.58175],[132.67458,34.58227],[132.67458,34.58256],[132.67462,34.58275],[132.67471,34.58297],[132.67496,34.58352],[132.67503,34.58365],[132.67508,34.58378],[132.67543,34.58458]]},"properties":{"事業者種別":"JR在来線","行政区域":"34100","路線名":"芸備線","運営会社":"西日本旅客鉄道","鉄道区分":"普通鉄道JR"}},{"type":"Feature","geometry":{"type":"LineString","coordinates":[[132.587995937,34.500870875],[132.58764,34.50028]]},"properties":{"事業者種別":"JR在来線","行政区域":"34100","路線名":"芸備線","運営会社":"西日本旅客鉄道","鉄道区分":"普通鉄道JR"}},{"type":"Feature","geometry":{"type":"LineString","coordinates":[[132.67581,34.58544],[132.67621,34.58656],[132.67686,34.58849],[132.67695,34.58877],[132.67697,34.58887],[132.677,34.58895],[132.67714,34.58944],[132.6774,34.59044],[132.67774,34.59167],[132.67793,34.59239],[132.67802,34.59269],[132.67808,34.59295],[132.67819,34.59317],[132.67855,34.59361],[132.67879,34.59384],[132.67902,34.59402],[132.67926,34.59417],[132.67948,34.59434],[132.67954,34.59437],[132.67986,34.59459],[132.67992,34.59462],[132.68007,34.59474],[132.68027,34.5949],[132.6805,34.59511],[132.68072,34.59535],[132.68084,34.59549],[132.68119,34.59594],[132.68128,34.59604],[132.68156,34.59642],[132.68168,34.59661],[132.68182,34.5968],[132.68188,34.59688],[132.68242,34.59759],[132.68274,34.59802],[132.68283,34.59813],[132.68305,34.59836],[132.6832,34.59849],[132.68335,34.59859],[132.68345,34.59864],[132.68345218,34.598641242]]},"properties":{"事業者種別":"JR在来線","行政区域":"34100","路線名":"芸備線","運営会社":"西日本旅客鉄道","鉄道区分":"普通鉄道JR"}},{"type":"Feature","geometry":{"type":"LineString","coordinates":[[132.608803437,34.513168125],[132.609965437,34.514008125]]},"properties":{"事業者種別":"JR在来線","行政区域":"34100","路線名":"芸備線","運営会社":"西日本旅客鉄道","鉄道区分":"普通鉄道JR"}},{"type":"Feature","geometry":{"type":"LineString","coordinates":[[132.64347,34.53871],[132.64422,34.53865]]},"properties":{"事業者種別":"JR在来線","行政区域":"34100","路線名":"芸備線","運営会社":"西日本旅客鉄道","鉄道区分":"普通鉄道JR"}},{"type":"Feature","geometry":{"type":"LineString","coordinates":[[132.609965437,34.514008125],[132.611340937,34.515054625],[132.612355937,34.515803625],[132.612698937,34.516097625],[132.612922937,34.516405625],[132.613829437,34.517788125],[132.614301937,34.518488125],[132.614571437,34.518771625],[132.614882937,34.519023625],[132.615208437,34.519233625],[132.615603937,34.519415625],[132.616006437,34.519548625],[132.617430937,34.519986125],[132.618704937,34.520388625],[132.619259687,34.520624875],[132.619537937,34.520794625],[132.620006937,34.521123625],[132.620412937,34.521466625],[132.623680187,34.524315625],[132.623963687,34.524527375],[132.624224437,34.524693625],[132.625130937,34.525127625],[132.626471437,34.525736625],[132.63155,34.52803],[132.63385,34.52903],[132.63433,34.52928],[132.63462,34.52944],[132.635,34.52967],[132.6352,34.52983],[132.63543,34.53006],[132.63577,34.53044],[132.63583,34.53055],[132.63666,34.53225],[132.63669,34.53231],[132.63703,34.53309],[132.63749,34.53418],[132.63793,34.5352],[132.63852,34.53653],[132.63885,34.53723],[132.63896,34.5374],[132.63933,34.53785],[132.63951,34.53802],[132.63976,34.53819],[132.64013,34.53835],[132.64064,34.53851],[132.64158,34.53867],[132.64211,34.5387],[132.64272,34.53873],[132.64309,34.53872],[132.64347,34.53871]]},"properties":{"事業者種別":"JR在来線","行政区域":"34100","路線名":"芸備線","運営会社":"西日本旅客鉄道","鉄道区分":"普通鉄道JR"}},{"type":"Feature","geometry":{"type":"LineString","coordinates":[[132.67543,34.58458],[132.67581,34.58544]]},"properties":{"事業者種別":"JR在来線","行政区域":"34100","路線名":"芸備線","運営会社":"西日本旅客鉄道","鉄道区分":"普通鉄道JR"}},{"type":"Feature","geometry":{"type":"LineString","coordinates":[[132.64422,34.53865],[132.6455,34.53847],[132.64592,34.53837],[132.64663,34.53804],[132.64696,34.53789],[132.64729,34.53773],[132.64799,34.5374],[132.64858,34.53713],[132.64876,34.53704],[132.64949,34.53671],[132.65036,34.5363],[132.65138,34.53583],[132.65197,34.53558],[132.65236,34.5354],[132.6527,34.53524],[132.65296,34.53515],[132.65318,34.53511],[132.65371,34.53506],[132.65419,34.53508],[132.65447,34.53513],[132.65483,34.53524],[132.65566,34.53558],[132.65685,34.53607],[132.65785,34.53648],[132.6581,34.53665],[132.65838,34.53689],[132.6584,34.53692],[132.65849,34.53702],[132.65855,34.53713],[132.65868,34.53736],[132.65891,34.53788],[132.65913,34.53839],[132.65969,34.53977],[132.65978,34.54008],[132.65982,34.54049],[132.65982,34.54074],[132.65973,34.54269],[132.6597,34.54321],[132.65972,34.54337],[132.65976,34.54355],[132.66,34.54431],[132.66043,34.54566],[132.66059,34.54619],[132.66088,34.5471],[132.66103,34.54762],[132.66111,34.54813],[132.66112,34.54833],[132.66106,34.5487],[132.66095,34.54913],[132.66087,34.54937],[132.6608,34.54951],[132.66062,34.54977],[132.66039,34.55006],[132.65943,34.55108],[132.65924,34.55134],[132.65904,34.55165],[132.65879,34.55222],[132.65861,34.55267],[132.65824,34.55395],[132.65822,34.55404]]},"properties":{"事業者種別":"JR在来線","行政区域":"34100","路線名":"芸備線","運営会社":"西日本旅客鉄道","鉄道区分":"普通鉄道JR"}},{"type":"Feature","geometry":{"type":"LineString","coordinates":[[132.587995937,34.500870875],[132.588160437,34.501066875],[132.588468437,34.501352125],[132.588736187,34.501551625],[132.589233187,34.501852625],[132.590125687,34.502391625],[132.592159187,34.503611375],[132.594000187,34.504720875],[132.594343187,34.504955375],[132.594500687,34.505095375],[132.594654687,34.505245875],[132.594836687,34.505466375],[132.594994187,34.505693875],[132.595856937,34.507088625],[132.596077437,34.507417625],[132.596238437,34.507638125],[132.596427437,34.507841125],[132.596626937,34.508030125],[132.596871937,34.508208625],[132.597193937,34.508394125],[132.597592937,34.508572625],[132.597865937,34.508660125],[132.602954937,34.510371625],[132.605117937,34.511113625],[132.606507437,34.511628125],[132.606881937,34.511799625],[132.607284437,34.512030625],[132.607788437,34.512380625],[132.608803437,34.513168125]]},"properties":{"事業者種別":"JR在来線","行政区域":"34100","路線名":"芸備線","運営会社":"西日本旅客鉄道","鉄道区分":"普通鉄道JR"}},{"type":"Feature","geometry":{"type":"LineString","coordinates":[[132.578988687,34.485682625],[132.579139187,34.487026625]]},"properties":{"事業者種別":"JR在来線","行政区域":"34100","路線名":"芸備線","運営会社":"西日本旅客鉄道","鉄道区分":"普通鉄道JR"}},{"type":"Feature","geometry":{"type":"LineString","coordinates":[[132.58764,34.50028],[132.5875335,34.4998585],[132.587509,34.4997255],[132.58745475,34.49923025],[132.5873585,34.498546],[132.5872955,34.4982275],[132.58718,34.4979195],[132.5870715,34.49770425],[132.5869315,34.49748375],[132.58675125,34.4972615],[132.58655,34.497055],[132.58634875,34.49688525],[132.58612125,34.4967225],[132.585913,34.496600875],[132.585679375,34.496485375],[132.58550525,34.49641275],[132.585101,34.49627275],[132.58493825,34.496240375],[132.584667875,34.496194875],[132.584480625,34.496168625],[132.583946875,34.496109125],[132.583246,34.496021625],[132.582928375,34.49595425],[132.58277,34.495914],[132.582637875,34.49587375],[132.58244975,34.495806375],[132.582175,34.495683875],[132.581857375,34.49550625],[132.58154,34.49531],[132.580811312,34.49485875],[132.580437687,34.49462775],[132.580220687,34.494483375],[132.580108687,34.49440375],[132.579987062,34.4943075],[132.579834812,34.494166625],[132.579688687,34.494014375],[132.579605562,34.49392075],[132.579472562,34.4937405],[132.579347437,34.493527],[132.579263437,34.493363375],[132.579202187,34.493207625],[132.579128687,34.492983625],[132.579090187,34.492820875],[132.579065687,34.492570625],[132.579060437,34.492350125],[132.579081437,34.492078875],[132.579177687,34.491578375],[132.579296687,34.491007875],[132.579342187,34.490787375],[132.579368437,34.490572125],[132.579391187,34.490265875],[132.579384187,34.489935125],[132.579326437,34.489308625],[132.579284437,34.488888625],[132.579231937,34.488276125],[132.579167187,34.487670625],[132.579139187,34.487026625]]},"properties":{"事業者種別":"JR在来線","行政区域":"34100","路線名":"芸備線","運営会社":"西日本旅客鉄道","鉄道区分":"普通鉄道JR"}},{"type":"Feature","geometry":{"type":"LineString","coordinates":[[132.65822,34.55404],[132.65808,34.5547]]},"properties":{"事業者種別":"JR在来線","行政区域":"34100","路線名":"芸備線","運営会社":"西日本旅客鉄道","鉄道区分":"普通鉄道JR"}},{"type":"Feature","geometry":{"type":"LineString","coordinates":[[132.50831,34.48229],[132.50855,34.48253],[132.50857,34.48256],[132.50943,34.48341],[132.50974,34.48372],[132.51035,34.48438],[132.51055,34.48462],[132.51081,34.48491],[132.51097,34.48511],[132.51118,34.48537],[132.51121,34.48541],[132.51135,34.48557],[132.51141,34.48564],[132.51164,34.48587],[132.51199,34.48618],[132.51232,34.48645],[132.51281,34.48678],[132.51294,34.48687],[132.5134,34.48716],[132.5136,34.48729],[132.51413,34.48767],[132.5151,34.48834],[132.5161,34.48907],[132.51641,34.48925],[132.51695,34.48954],[132.51704,34.48957],[132.51742,34.48967],[132.51767,34.48971],[132.51808,34.48975],[132.51842,34.48977],[132.51877,34.48978],[132.51922,34.48976],[132.51984,34.48967],[132.52044,34.48956],[132.52097,34.48946],[132.52139,34.48938],[132.52206,34.48924],[132.52301,34.48905],[132.52395,34.48886]]},"properties":{"事業者種別":"JR在来線","行政区域":"34100","路線名":"芸備線","運営会社":"西日本旅客鉄道","鉄道区分":"普通鉄道JR"}},{"type":"Feature","geometry":{"type":"LineString","coordinates":[[132.49521,34.46445],[132.49537,34.46562],[132.49565,34.46794],[132.49573,34.4686],[132.4959,34.46909],[132.49615,34.46945],[132.49654,34.46987],[132.49704,34.47025],[132.49747,34.47049],[132.49771,34.47061],[132.49831,34.47104],[132.49881,34.47146],[132.49894,34.47162],[132.49906,34.47178],[132.49911,34.47182],[132.49918,34.47193],[132.49933,34.47218],[132.49946,34.47248],[132.49971,34.47301],[132.50057,34.47484],[132.50075,34.47508],[132.50082,34.47525],[132.5009,34.47541],[132.50107,34.47558],[132.50138,34.47596],[132.5015,34.47608],[132.50171,34.47627],[132.50173,34.47628],[132.50207,34.47656],[132.50262,34.47698],[132.50304,34.47728],[132.50338,34.47754],[132.50357,34.47769],[132.50413,34.47818],[132.50449,34.47853],[132.5048,34.47884],[132.50502,34.47905],[132.50536,34.47939],[132.50562,34.47965],[132.50592,34.47995],[132.50645,34.48047],[132.50721,34.48119],[132.50745,34.48142],[132.50776,34.48174]]},"properties":{"事業者種別":"JR在来線","行政区域":"34100","路線名":"芸備線","運営会社":"西日本旅客鉄道","鉄道区分":"普通鉄道JR"}},{"type":"Feature","geometry":{"type":"LineString","coordinates":[[132.53276,34.48116],[132.53401,34.48103]]},"properties":{"事業者種別":"JR在来線","行政区域":"34100","路線名":"芸備線","運営会社":"西日本旅客鉄道","鉄道区分":"普通鉄道JR"}},{"type":"Feature","geometry":{"type":"LineString","coordinates":[[132.47397,34.39816],[132.47689,34.39688],[132.47697,34.39683]]},"properties":{"事業者種別":"JR在来線","行政区域":"34100","路線名":"芸備線","運営会社":"西日本旅客鉄道","鉄道区分":"普通鉄道JR"}},{"type":"Feature","geometry":{"type":"LineString","coordinates":[[132.49736,34.39864],[132.49748,34.39879],[132.49787,34.39933],[132.49812,34.3997]]},"properties":{"事業者種別":"JR在来線","行政区域":"34100","路線名":"芸備線","運営会社":"西日本旅客鉄道","鉄道区分":"普通鉄道JR"}},{"type":"Feature","geometry":{"type":"LineString","coordinates":[[132.49133,34.43781],[132.4911,34.43922]]},"properties":{"事業者種別":"JR在来線","行政区域":"34100","路線名":"芸備線","運営会社":"西日本旅客鉄道","鉄道区分":"普通鉄道JR"}},{"type":"Feature","geometry":{"type":"LineString","coordinates":[[132.4911,34.43922],[132.49106,34.43945],[132.49106,34.43973],[132.49107,34.43995],[132.49114,34.44045],[132.49137,34.44154],[132.49156,34.4425],[132.49165,34.44301],[132.49175,34.44358],[132.49203,34.44551],[132.49216,34.44676],[132.49219,34.44707],[132.4922,34.44712],[132.49232,34.44832],[132.49237,34.44893],[132.49239,34.44913],[132.4925,34.45024],[132.49255,34.45076],[132.49272,34.45236],[132.49286,34.45398],[132.49303,34.45585],[132.49316,34.45718],[132.49324,34.4579],[132.49334,34.4586],[132.49344,34.45905],[132.4936,34.45949],[132.4937,34.45971],[132.49375,34.45982],[132.49378,34.45989],[132.49382,34.45995],[132.49436,34.46098],[132.49467,34.46161],[132.49481,34.46206],[132.4949,34.46268]]},"properties":{"事業者種別":"JR在来線","行政区域":"34100","路線名":"芸備線","運営会社":"西日本旅客鉄道","鉄道区分":"普通鉄道JR"}},{"type":"Feature","geometry":{"type":"LineString","coordinates":[[132.56302,34.47601],[132.56348,34.47612],[132.56383,34.47618],[132.56453,34.47625],[132.56496,34.47632],[132.56535,34.47642],[132.5656,34.47651],[132.56585,34.47664],[132.56605,34.47673],[132.56618,34.47681],[132.56637,34.47696],[132.56651,34.47709],[132.56669,34.47729],[132.56688,34.47759],[132.56707,34.47802],[132.56708,34.47805],[132.56718,34.47835],[132.56732,34.47899],[132.56747,34.4796],[132.56754,34.4799],[132.56764,34.48024],[132.56785,34.48063],[132.56831,34.48113],[132.56855,34.48132],[132.56885,34.48151],[132.56915,34.48165],[132.56937,34.48173],[132.56965,34.48179],[132.57004,34.48184],[132.57082,34.48187],[132.57132,34.48185],[132.57172,34.48184],[132.57261,34.4818],[132.57354,34.48177],[132.57392,34.48179],[132.5743,34.48182],[132.57467,34.48188],[132.57507,34.48196],[132.57534,34.48202],[132.57561,34.4821],[132.57603,34.48225],[132.57634,34.48239],[132.57666,34.48258],[132.57715,34.48287],[132.57754,34.48316],[132.57775,34.48331],[132.57781,34.48336],[132.57793,34.48346],[132.5781,34.48364],[132.57832,34.48393],[132.57858,34.48437],[132.578775187,34.484919625],[132.578908187,34.485269625],[132.578988687,34.485682625]]},"properties":{"事業者種別":"JR在来線","行政区域":"34100","路線名":"芸備線","運営会社":"西日本旅客鉄道","鉄道区分":"普通鉄道JR"}},{"type":"Feature","geometry":{"type":"LineString","coordinates":[[132.50831,34.48229],[132.50776,34.48174]]},"properties":{"事業者種別":"JR在来線","行政区域":"34100","路線名":"芸備線","運営会社":"西日本旅客鉄道","鉄道区分":"普通鉄道JR"}},{"type":"Feature","geometry":{"type":"LineString","coordinates":[[132.52395,34.48886],[132.52538,34.48857]]},"properties":{"事業者種別":"JR在来線","行政区域":"34100","路線名":"芸備線","運営会社":"西日本旅客鉄道","鉄道区分":"普通鉄道JR"}},{"type":"Feature","geometry":{"type":"LineString","coordinates":[[132.52538,34.48857],[132.52631,34.48836],[132.52657,34.48831],[132.52695,34.48819],[132.52718,34.4881],[132.52744,34.48796],[132.5276,34.48785],[132.52778,34.48771],[132.52794,34.48756],[132.5281,34.48737],[132.52833,34.48705],[132.52854,34.48669],[132.52868,34.48639],[132.52877,34.48611],[132.52885,34.48577],[132.52903,34.48488],[132.52918,34.48422],[132.52944,34.48336],[132.5295,34.48319],[132.52963,34.48284],[132.52974,34.48262],[132.52992,34.48242],[132.53012,34.48223],[132.5305,34.48193],[132.53092,34.48168],[132.53123,34.48152],[132.53166,34.48136],[132.53194,34.4813],[132.53221,34.48125],[132.53245,34.48121],[132.53276,34.48116]]},"properties":{"事業者種別":"JR在来線","行政区域":"34100","路線名":"芸備線","運営会社":"西日本旅客鉄道","鉄道区分":"普通鉄道JR"}},{"type":"Feature","geometry":{"type":"LineString","coordinates":[[132.49812,34.3997],[132.49835,34.40005],[132.49884,34.4008],[132.49914,34.40127],[132.49927,34.4015],[132.49934,34.40161],[132.49948,34.4019],[132.49958,34.40214],[132.49974,34.40258],[132.49978,34.40275],[132.4998,34.4029],[132.49982,34.40318],[132.49983,34.40361],[132.49978,34.40432],[132.49965,34.40499],[132.49945,34.40583],[132.49943,34.40593],[132.49933,34.40627],[132.49931,34.40638],[132.49914,34.40705],[132.49907,34.40736],[132.49888,34.40814],[132.49869,34.40891],[132.4986,34.4093],[132.49846,34.40989],[132.4984,34.41009],[132.49836,34.41033],[132.49834,34.41048],[132.4983,34.41088],[132.49829,34.41114],[132.49826,34.41264],[132.49823,34.41342],[132.4982,34.41483],[132.49818,34.41539],[132.49818,34.41587],[132.49817,34.41596],[132.49814,34.41617],[132.4981,34.41636],[132.49805,34.4166],[132.49797,34.41682],[132.49785,34.41707],[132.49777,34.4172],[132.4977,34.41737],[132.4976,34.41756],[132.49748,34.41774],[132.49682,34.41895],[132.49626,34.41991],[132.49592,34.42052],[132.49422,34.42348],[132.494,34.42396],[132.4935,34.4249],[132.49294,34.42595],[132.49258,34.42661],[132.49226,34.42721],[132.49184,34.42806],[132.49176,34.42827],[132.49174,34.42847],[132.49172,34.42899],[132.49171,34.42925],[132.49166,34.43079],[132.49165,34.431],[132.49164,34.43126],[132.49163,34.43194],[132.49163,34.43199],[132.49162,34.43218],[132.4916,34.43272],[132.4916,34.43297],[132.49158,34.43347],[132.49155,34.43478],[132.49154,34.43587],[132.49152,34.43649],[132.49146,34.43695],[132.49145,34.4372],[132.49133,34.43781]]},"properties":{"事業者種別":"JR在来線","行政区域":"34100","路線名":"芸備線","運営会社":"西日本旅客鉄道","鉄道区分":"普通鉄道JR"}},{"type":"Feature","geometry":{"type":"LineString","coordinates":[[132.4949,34.46268],[132.49521,34.46445]]},"properties":{"事業者種別":"JR在来線","行政区域":"34100","路線名":"芸備線","運営会社":"西日本旅客鉄道","鉄道区分":"普通鉄道JR"}},{"type":"Feature","geometry":{"type":"LineString","coordinates":[[132.49736,34.39864],[132.49701,34.39808],[132.49678,34.39772],[132.49619,34.3968],[132.49502,34.395],[132.49471,34.39459],[132.49452,34.3944],[132.49426,34.39417],[132.4941,34.39407],[132.49384,34.3939],[132.49379,34.39386],[132.49375,34.39384],[132.49323,34.39359],[132.49289,34.39348],[132.4928,34.39345],[132.49241,34.39341],[132.49198,34.39339],[132.48912,34.39327],[132.48856,34.3932],[132.48827,34.39318],[132.4878,34.39318],[132.48732,34.39321]]},"properties":{"事業者種別":"JR在来線","行政区域":"34100","路線名":"芸備線","運営会社":"西日本旅客鉄道","鉄道区分":"普通鉄道JR"}},{"type":"Feature","geometry":{"type":"LineString","coordinates":[[132.48732,34.39321],[132.48533,34.39358],[132.48518,34.39361],[132.4851,34.39363],[132.48486,34.39369],[132.48461,34.39375],[132.48438,34.3938],[132.48395,34.39391],[132.4838,34.39395],[132.48316,34.39413],[132.48278,34.39424],[132.48257,34.39429],[132.48213,34.39439],[132.48148,34.3946],[132.48124,34.39469],[132.48047,34.39498],[132.47869,34.39581],[132.47817,34.39609],[132.47791,34.39624],[132.47765,34.39642],[132.47697,34.39683]]},"properties":{"事業者種別":"JR在来線","行政区域":"34100","路線名":"芸備線","運営会社":"西日本旅客鉄道","鉄道区分":"普通鉄道JR"}},{"type":"Feature","geometry":{"type":"LineString","coordinates":[[132.53401,34.48103],[132.53524,34.48092],[132.53613,34.48086],[132.53705,34.48076],[132.53719,34.48074],[132.5376,34.48068],[132.53807,34.4806],[132.53844,34.4805],[132.53879,34.48039],[132.5396,34.48006],[132.54018,34.47982],[132.54076,34.47957],[132.54087,34.47951],[132.54123,34.47935],[132.54141,34.47927],[132.543,34.47847],[132.54422,34.47786],[132.54461,34.47766],[132.54506,34.47744],[132.54545,34.47724],[132.54561,34.47718],[132.54593,34.47705],[132.54631,34.47692],[132.54656,34.47684],[132.54682,34.47679],[132.54705,34.47675],[132.54734,34.4767],[132.54816,34.4766],[132.54901,34.47651],[132.54955,34.47647],[132.54993,34.4764],[132.55028,34.47627],[132.55062,34.4761],[132.55081,34.47599],[132.55102,34.47585],[132.5514,34.47558],[132.55187,34.47522],[132.55213,34.47502],[132.5524,34.47481],[132.55249,34.47475],[132.55272,34.47459],[132.55286,34.4745],[132.553,34.47443],[132.55335,34.47428],[132.5538,34.47416],[132.55411,34.4741],[132.55441,34.47408],[132.55475,34.4741],[132.55503,34.47415],[132.55547,34.47425],[132.55623,34.47444],[132.5572,34.47466],[132.55792,34.47483],[132.55873,34.47502],[132.55886,34.47505],[132.55925,34.47514],[132.56021,34.47536],[132.56085,34.47552],[132.56221,34.47583]]},"properties":{"事業者種別":"JR在来線","行政区域":"34100","路線名":"芸備線","運営会社":"西日本旅客鉄道","鉄道区分":"普通鉄道JR"}},{"type":"Feature","geometry":{"type":"LineString","coordinates":[[132.56302,34.47601],[132.56221,34.47583]]},"properties":{"事業者種別":"JR在来線","行政区域":"34100","路線名":"芸備線","運営会社":"西日本旅客鉄道","鉄道区分":"普通鉄道JR"}},{"type":"Feature","geometry":{"type":"LineString","coordinates":[[132.520806237,34.349198746],[132.52081,34.3492],[132.52113,34.34933],[132.52133,34.34937],[132.52162,34.34943],[132.52169,34.34945],[132.52184,34.34947],[132.52222,34.34954],[132.5227,34.3496],[132.52282,34.34961],[132.52301,34.34964],[132.52313,34.34966],[132.52339,34.34967],[132.52351,34.34969],[132.52359,34.34969],[132.52503,34.34979],[132.52515,34.34981],[132.52563,34.34985],[132.52598,34.34988],[132.5262,34.34989],[132.52714,34.34997],[132.52774,34.35002],[132.52804,34.35008],[132.52833,34.35017],[132.52868,34.35029],[132.52971,34.3508],[132.52987,34.3509],[132.53097,34.35152]]},"properties":{"事業者種別":"JR在来線","行政区域":"34100","路線名":"呉線","運営会社":"西日本旅客鉄道","鉄道区分":"普通鉄道JR"}},{"type":"Feature","geometry":{"type":"LineString","coordinates":[[132.53097,34.35152],[132.53328,34.35285]]},"properties":{"事業者種別":"JR在来線","行政区域":"34100","路線名":"呉線","運営会社":"西日本旅客鉄道","鉄道区分":"普通鉄道JR"}},{"type":"Feature","geometry":{"type":"LineString","coordinates":[[132.53328,34.35285],[132.5336,34.3531],[132.53365,34.35314],[132.53374,34.35322],[132.53386,34.35331],[132.53389,34.35334],[132.53441,34.35379],[132.53452,34.35392],[132.53468,34.35416],[132.53475,34.35427],[132.53479,34.35434],[132.53486,34.35444],[132.53491,34.35455],[132.53494,34.35462],[132.53499,34.35477],[132.53514,34.35522],[132.53514,34.35527],[132.53516,34.35539],[132.53516,34.35579],[132.53516,34.35664],[132.53515,34.35879],[132.53515,34.35902],[132.535149994,34.359022174]]},"properties":{"事業者種別":"JR在来線","行政区域":"34100","路線名":"呉線","運営会社":"西日本旅客鉄道","鉄道区分":"普通鉄道JR"}},{"type":"Feature","geometry":{"type":"LineString","coordinates":[[132.47351,34.39948],[132.47309,34.39974],[132.47298,34.39981],[132.47286,34.39989],[132.47248,34.40014],[132.47161,34.40072],[132.47128,34.40096],[132.47098,34.40119],[132.47084,34.4013],[132.47011,34.40192],[132.46968,34.40232],[132.4692,34.40281],[132.46901,34.40305],[132.46838,34.40385],[132.46811,34.40417],[132.46804,34.40425],[132.46745,34.40489],[132.46721,34.40513],[132.46688,34.40542],[132.46639,34.40581],[132.46603,34.40606],[132.46558,34.40635],[132.46538,34.40646],[132.46506,34.40664],[132.4645,34.40692],[132.46403,34.40712],[132.46337,34.40738],[132.46306,34.4075],[132.46274,34.40763],[132.46268,34.40765],[132.46257,34.40769],[132.46216,34.40784],[132.46147,34.40808],[132.46097,34.40826],[132.46039,34.40847],[132.45982,34.40869],[132.4591,34.40896],[132.45895,34.40901],[132.45844,34.4092],[132.45828,34.40927],[132.45772,34.40947],[132.45728,34.40961],[132.45692,34.4097],[132.45653,34.4098],[132.45589,34.4099],[132.45559,34.40993],[132.45529,34.40997],[132.4547,34.41001],[132.45394,34.41005],[132.45256,34.41],[132.45125,34.40989],[132.45117,34.40988],[132.44937,34.40975],[132.44852,34.40971],[132.44796,34.40968],[132.44751,34.40965],[132.4469,34.40959],[132.44612,34.40953],[132.44536,34.40945],[132.44455,34.40936],[132.44444,34.40935],[132.44383,34.40929],[132.44336,34.40925],[132.44311,34.40921],[132.44166,34.40907],[132.44072,34.40897],[132.44015,34.40891],[132.43928,34.40883],[132.43888,34.40879],[132.43704,34.40862],[132.43682,34.4086],[132.43649,34.40856],[132.43564,34.40849],[132.43473,34.40841],[132.43466,34.40841],[132.42778,34.40777],[132.42689,34.40769],[132.42612,34.40761],[132.42183,34.40713],[132.42021,34.407],[132.41589,34.4066],[132.41203,34.40625],[132.40897,34.40593],[132.40719,34.40573],[132.40488,34.40552],[132.40399,34.40544],[132.39946,34.40496],[132.398,34.40477],[132.39763,34.40471],[132.3945,34.40424],[132.39397,34.40416],[132.39368,34.40412],[132.39129,34.40382],[132.3902,34.40365],[132.38872,34.40338],[132.3853,34.40274],[132.38394,34.40246],[132.38284,34.40223],[132.37249,34.40006],[132.37115,34.39979],[132.36902,34.39935],[132.36901,34.39935],[132.36692,34.39894],[132.36441,34.39841],[132.362,34.39787],[132.36111,34.39765],[132.35987,34.39729],[132.35837,34.39686],[132.35808,34.39678],[132.35572,34.39596],[132.35488,34.39564],[132.35417,34.39534],[132.35337,34.39498],[132.35333,34.39496],[132.34727,34.39203],[132.34654,34.39164],[132.34559,34.39111],[132.34453,34.39046],[132.344,34.39011],[132.34321,34.38957],[132.34104,34.388],[132.3403,34.3874],[132.33783,34.38536],[132.33679,34.38449],[132.33637,34.38412],[132.33607,34.38382],[132.33517,34.38292],[132.33404,34.38162],[132.33367,34.38119],[132.33274,34.37999],[132.33207,34.37908],[132.33136,34.37813],[132.33071,34.37716],[132.330112896,34.37624444]]},"properties":{"事業者種別":"JRの新幹線","行政区域":"34100","路線名":"山陽新幹線","運営会社":"西日本旅客鉄道","鉄道区分":"普通鉄道JR"}},{"type":"Feature","geometry":{"type":"LineString","coordinates":[[132.47692,34.39738],[132.47607,34.39792],[132.47418,34.39908],[132.47351,34.39948]]},"properties":{"事業者種別":"JRの新幹線","行政区域":"34100","路線名":"山陽新幹線","運営会社":"西日本旅客鉄道","鉄道区分":"普通鉄道JR"}},{"type":"Feature","geometry":{"type":"LineString","coordinates":[[132.48586,34.39405],[132.48664,34.39399],[132.48707,34.39397],[132.4879,34.39388],[132.4881,34.39386],[132.48815,34.39385],[132.48889,34.39377],[132.48944,34.3937],[132.4897,34.39366],[132.48989,34.39363],[132.49012,34.39359],[132.49035,34.39357],[132.49056,34.39353],[132.49073,34.39351],[132.49107,34.39345],[132.49155,34.39337],[132.49197,34.39332],[132.49222,34.39328],[132.4926,34.39321],[132.49261,34.39321]]},"properties":{"事業者種別":"JRの新幹線","行政区域":"34100","路線名":"山陽新幹線","運営会社":"西日本旅客鉄道","鉄道区分":"普通鉄道JR"}},{"type":"Feature","geometry":{"type":"MultiLineString","coordinates":[[[132.57731123,34.373953799],[132.5773,34.37396],[132.57712,34.37405],[132.57604,34.37466],[132.57527,34.3751],[132.57346,34.37607],[132.57162,34.37704],[132.57013,34.37782],[132.56855,34.37862],[132.56709,34.3794],[132.566741381,34.379569329]],[[132.542598254,34.383947149],[132.54192,34.384],[132.54063,34.38407],[132.53934,34.38415],[132.53812,34.38423],[132.53661,34.38432],[132.53454,34.38444],[132.53396,34.38448],[132.53266,34.38455],[132.53128,34.38462],[132.5301,34.38469],[132.52872,34.38477],[132.52804,34.38481],[132.52743,34.38486],[132.5267,34.3849],[132.52541,34.38499],[132.52415,34.38506],[132.52348,34.38512],[132.52291,34.38516],[132.522909373,34.38516007]],[[132.501078952,34.390540386],[132.50051,34.39075],[132.50029,34.39083],[132.49894,34.3913],[132.49845,34.39147],[132.49748,34.39179],[132.49689,34.39198],[132.49647,34.39211],[132.49509,34.39259],[132.49478,34.39269],[132.49457,34.39275],[132.4944,34.39281],[132.49389,34.39297],[132.49368,34.39303],[132.49333,34.39311],[132.49302,34.39316],[132.4928,34.3932],[132.49261,34.39321]]]},"properties":{"事業者種別":"JRの新幹線","行政区域":"34100","路線名":"山陽新幹線","運営会社":"西日本旅客鉄道","鉄道区分":"普通鉄道JR"}},{"type":"Feature","geometry":{"type":"LineString","coordinates":[[132.48586,34.39405],[132.48608,34.39398],[132.48661,34.39385],[132.48684,34.39379],[132.4877,34.39361],[132.48843,34.39352],[132.48863,34.3935],[132.48915,34.39344],[132.48972,34.39337],[132.49024,34.39332],[132.49036,34.3933],[132.49071,34.39327],[132.49153,34.39324],[132.49235,34.39322],[132.49261,34.39321]]},"properties":{"事業者種別":"JRの新幹線","行政区域":"34100","路線名":"山陽新幹線","運営会社":"西日本旅客鉄道","鉄道区分":"普通鉄道JR"}},{"type":"Feature","geometry":{"type":"LineString","coordinates":[[132.47692,34.39738],[132.47704,34.39731],[132.47864,34.39625],[132.47937,34.39577],[132.48002,34.39536],[132.48036,34.3952],[132.48068,34.39507],[132.48104,34.39493],[132.48111,34.39492],[132.48125,34.39487],[132.48138,34.39483],[132.48151,34.3948],[132.48164,34.39477],[132.48226,34.39464],[132.48261,34.39459],[132.48316,34.3945],[132.48402,34.39436],[132.48432,34.3943],[132.48481,34.39422],[132.48502,34.39419],[132.4856,34.39408],[132.48586,34.39405]]},"properties":{"事業者種別":"JRの新幹線","行政区域":"34100","路線名":"山陽新幹線","運営会社":"西日本旅客鉄道","鉄道区分":"普通鉄道JR"}},{"type":"Feature","geometry":{"type":"LineString","coordinates":[[132.59774,34.42198],[132.60008,34.42195],[132.60111,34.42193],[132.60154,34.42193],[132.60219,34.42196],[132.6028,34.42201],[132.60312,34.42206],[132.60331,34.42209],[132.60383,34.4222],[132.60453,34.42234],[132.60525,34.42248],[132.60595,34.4226],[132.60638,34.42263],[132.60689,34.42266],[132.60743,34.4227],[132.60773,34.42272],[132.60797,34.42274],[132.60894,34.42279],[132.60937,34.42282],[132.60982,34.42284],[132.6106,34.42285],[132.61071,34.42283],[132.61109,34.42282],[132.61116,34.42281],[132.61142,34.4228],[132.61148,34.42279],[132.61163,34.42278],[132.61217,34.42273],[132.6127,34.42273],[132.61304,34.42274],[132.61338,34.4228],[132.61372,34.42289],[132.61404,34.423],[132.61405,34.423],[132.61425,34.42309],[132.61446,34.42318],[132.61488,34.4234],[132.61523,34.42359],[132.61547,34.42372],[132.61603,34.42402],[132.61619,34.42411],[132.61678,34.42443],[132.61735,34.42473],[132.61797,34.42506],[132.61939,34.42585],[132.61973,34.42607],[132.61988,34.42619],[132.62025,34.4265],[132.62063,34.42691],[132.62131,34.42763],[132.62196,34.42834],[132.62208,34.42845],[132.62247,34.42872],[132.6231,34.42908],[132.62326,34.42916],[132.62424,34.42959],[132.62441,34.42967],[132.62458,34.42974],[132.6251,34.42996],[132.62529,34.43003],[132.62595,34.43028],[132.62669,34.43059],[132.62712,34.43085],[132.62741,34.43106],[132.62743,34.43107],[132.62835,34.43176],[132.62877,34.43209],[132.62905,34.43231],[132.62919,34.43242],[132.62964,34.4328],[132.62981,34.43296],[132.63003,34.43316],[132.63038,34.43348],[132.63043,34.43351],[132.63068,34.43375],[132.63144,34.43442],[132.63196,34.43483],[132.63246,34.43518],[132.63296,34.43548],[132.63297,34.43549],[132.63333,34.43568],[132.6336,34.4358],[132.63388,34.4359],[132.63406,34.43595],[132.63445,34.43601],[132.6351,34.43602],[132.63594,34.43598],[132.63646,34.43595],[132.63685,34.43599],[132.63719,34.43605],[132.63784,34.43622],[132.63801,34.43627],[132.63925,34.43672],[132.63958,34.43683],[132.63981,34.43689],[132.63991,34.43691],[132.64002,34.43692],[132.6402,34.43694],[132.64041,34.43695],[132.64066,34.43693],[132.64091,34.43688],[132.64129,34.43678],[132.64136,34.43675],[132.64146,34.43673],[132.64161,34.43665],[132.64166,34.43665],[132.64205,34.43647],[132.64223,34.43637],[132.64239,34.43626],[132.6428,34.43598],[132.64291,34.43589],[132.64316,34.43564],[132.64427,34.43483],[132.64431,34.43479],[132.64441,34.43472],[132.64466,34.43457],[132.64477,34.43452],[132.64502,34.43441],[132.6452,34.43435],[132.64533,34.4343],[132.64544,34.43428],[132.64572,34.43423],[132.64649,34.43412],[132.64693,34.43408],[132.64709,34.43408],[132.64728,34.43406],[132.64808,34.43406],[132.64811,34.43407],[132.64832,34.43409],[132.64854,34.43411],[132.64895,34.43418],[132.64926,34.43424],[132.64942,34.43429],[132.6497,34.43441],[132.64996,34.43454],[132.65024,34.43474],[132.65045,34.43493],[132.65054,34.43503],[132.6507,34.4352],[132.65086,34.43541],[132.65099,34.43562],[132.65108,34.43584],[132.65127,34.43638],[132.6513,34.43665],[132.65131,34.43716],[132.65129,34.43732],[132.65123,34.43752],[132.65107,34.43783],[132.65105,34.43784],[132.65102,34.4379],[132.65059,34.4387],[132.65051,34.4389],[132.65047,34.43908],[132.65044,34.43922],[132.6504,34.43944],[132.6504,34.43952],[132.65037,34.43993],[132.65041,34.44036],[132.65046,34.44045],[132.650508335,34.440575671]]},"properties":{"事業者種別":"JR在来線","行政区域":"34100","路線名":"山陽線","運営会社":"西日本旅客鉄道","鉄道区分":"普通鉄道JR"}},{"type":"Feature","geometry":{"type":"LineString","coordinates":[[132.57898,34.40408],[132.57905,34.40433],[132.57906,34.40439],[132.57912,34.40463],[132.57916,34.40471],[132.57918,34.40474],[132.5793,34.40495],[132.57942,34.40512],[132.57952,34.40523],[132.57958,34.4053],[132.57984,34.40559],[132.58008,34.40588],[132.5802,34.40604],[132.58022,34.40605],[132.58026,34.40611],[132.58066,34.40664],[132.58081,34.40688],[132.58091,34.40708],[132.58104,34.40743],[132.58119,34.40789],[132.58121,34.40798],[132.5813,34.40829],[132.58148,34.40864],[132.58164,34.40893],[132.58172,34.40904],[132.58225,34.40988],[132.58228,34.40995],[132.58238,34.4101],[132.58242,34.41019],[132.58272,34.41065],[132.58316,34.4114],[132.5835,34.41195],[132.58384,34.41252],[132.58397,34.41273],[132.58401,34.4128],[132.58436,34.41339],[132.58437,34.41339],[132.58441,34.41348],[132.58442,34.41348],[132.58486,34.41423],[132.58517,34.41473],[132.58536,34.41502],[132.58557,34.41527],[132.58572,34.41546],[132.58579,34.41554],[132.5859,34.41568],[132.58595,34.41571],[132.58626,34.41591],[132.58646,34.41603],[132.5865,34.41606],[132.58712,34.41638],[132.58764,34.41664],[132.58844,34.41707],[132.58852,34.41712],[132.58872,34.41725],[132.58888,34.41739],[132.58914,34.41768],[132.5892,34.41776],[132.58926,34.41785],[132.58951,34.41819],[132.58967,34.41847],[132.58972,34.41858],[132.58985,34.41887],[132.59022,34.41991],[132.59051,34.42049],[132.5907,34.42082],[132.59084,34.42099],[132.5911,34.42126],[132.59141,34.42149],[132.59159,34.42161],[132.59182,34.42174],[132.59201,34.42181],[132.59222,34.4219],[132.59258,34.42199],[132.59287,34.42204],[132.59331,34.42208],[132.5937,34.4221],[132.5942,34.42209],[132.59537,34.42206],[132.59575,34.42204]]},"properties":{"事業者種別":"JR在来線","行政区域":"34100","路線名":"山陽線","運営会社":"西日本旅客鉄道","鉄道区分":"普通鉄道JR"}},{"type":"Feature","geometry":{"type":"LineString","coordinates":[[132.56433,34.39191],[132.56462,34.39218],[132.56486,34.3924],[132.56501,34.39253],[132.5651,34.39261],[132.56523,34.39273],[132.56546,34.39298],[132.56575,34.39332],[132.56596,34.39359],[132.56624,34.39382],[132.56643,34.39399],[132.56672,34.39422],[132.56679,34.39428],[132.56728,34.3946],[132.5675,34.39472],[132.56755,34.39473],[132.56785,34.39486],[132.56798,34.39493],[132.56958,34.39564],[132.56964,34.39565],[132.56969,34.39568],[132.56999,34.39581],[132.57058,34.39608],[132.57066,34.39611],[132.57136,34.39642],[132.57138,34.39643],[132.57265,34.39699],[132.57269,34.39702],[132.57475,34.39792],[132.57483,34.39796],[132.57515,34.39808],[132.57526,34.39813],[132.57557,34.39824],[132.57619,34.39853],[132.57637,34.39866],[132.5767,34.39887],[132.5771,34.3992],[132.57739,34.39955],[132.57763,34.39989],[132.57781,34.40035],[132.57802,34.4009],[132.57806,34.40102],[132.5782,34.40146],[132.57828,34.40177],[132.5783,34.40179],[132.57848,34.40242],[132.57851,34.40253]]},"properties":{"事業者種別":"JR在来線","行政区域":"34100","路線名":"山陽線","運営会社":"西日本旅客鉄道","鉄道区分":"普通鉄道JR"}},{"type":"Feature","geometry":{"type":"LineString","coordinates":[[132.57851,34.40253],[132.57898,34.40408]]},"properties":{"事業者種別":"JR在来線","行政区域":"34100","路線名":"山陽線","運営会社":"西日本旅客鉄道","鉄道区分":"普通鉄道JR"}},{"type":"Feature","geometry":{"type":"LineString","coordinates":[[132.59575,34.42204],[132.59774,34.42198]]},"properties":{"事業者種別":"JR在来線","行政区域":"34100","路線名":"山陽線","運営会社":"西日本旅客鉄道","鉄道区分":"普通鉄道JR"}},{"type":"Feature","geometry":{"type":"LineString","coordinates":[[132.47397,34.39816],[132.47689,34.39688],[132.47697,34.39683]]},"properties":{"事業者種別":"JR在来線","行政区域":"34100","路線名":"山陽線","運営会社":"西日本旅客鉄道","鉄道区分":"普通鉄道JR"}},{"type":"Feature","geometry":{"type":"LineString","coordinates":[[132.48732,34.39321],[132.48533,34.39358],[132.48518,34.39361],[132.4851,34.39363],[132.48486,34.39369],[132.48461,34.39375],[132.48438,34.3938],[132.48395,34.39391],[132.4838,34.39395],[132.48316,34.39413],[132.48278,34.39424],[132.48257,34.39429],[132.48213,34.39439],[132.48148,34.3946],[132.48124,34.39469],[132.48047,34.39498],[132.47869,34.39581],[132.47817,34.39609],[132.47791,34.39624],[132.47765,34.39642],[132.47697,34.39683]]},"properties":{"事業者種別":"JR在来線","行政区域":"34100","路線名":"山陽線","運営会社":"西日本旅客鉄道","鉄道区分":"普通鉄道JR"}},{"type":"Feature","geometry":{"type":"LineString","coordinates":[[132.44996,34.4105],[132.45151,34.41055]]},"properties":{"事業者種別":"JR在来線","行政区域":"34100","路線名":"山陽線","運営会社":"西日本旅客鉄道","鉄道区分":"普通鉄道JR"}},{"type":"Feature","geometry":{"type":"LineString","coordinates":[[132.44885,34.41002],[132.44934,34.41008],[132.45204,34.41027]]},"properties":{"事業者種別":"JR在来線","行政区域":"34100","路線名":"山陽線","運営会社":"西日本旅客鉄道","鉄道区分":"普通鉄道JR"}},{"type":"Feature","geometry":{"type":"LineString","coordinates":[[132.5624,34.39007],[132.56181,34.38952],[132.56169,34.38942],[132.56096,34.38874],[132.5608,34.38858],[132.56057,34.38837],[132.56035,34.38816],[132.56006,34.38789],[132.55995,34.38779],[132.55948,34.38736],[132.55947,34.38734],[132.55924,34.38713],[132.55876,34.38667],[132.55856,34.3865],[132.55844,34.38638],[132.55841,34.38636],[132.55804,34.386],[132.55773,34.38573],[132.55743,34.38545],[132.55741,34.38543],[132.55727,34.3853],[132.55703,34.38509],[132.55699,34.38505],[132.55664,34.38471],[132.55657,34.38465],[132.55603,34.38413],[132.555942308,34.384061795]]},"properties":{"事業者種別":"JR在来線","行政区域":"34100","路線名":"山陽線","運営会社":"西日本旅客鉄道","鉄道区分":"普通鉄道JR"}},{"type":"Feature","geometry":{"type":"LineString","coordinates":[[132.42905,34.39884],[132.42921,34.39896],[132.42957,34.3992],[132.42995,34.39948],[132.43095,34.40023],[132.43122,34.40042],[132.43175,34.40086],[132.43242,34.40151],[132.43244,34.40153],[132.43314,34.40233],[132.43331,34.40249],[132.43357,34.40279],[132.43435,34.40366],[132.43508,34.40452],[132.43513,34.40459],[132.43518,34.40466],[132.43581,34.40537],[132.43603,34.40562],[132.43646,34.40613],[132.43682,34.40651],[132.43698,34.40668],[132.43762,34.40733],[132.43789,34.40759],[132.43828,34.40791],[132.43862,34.40816],[132.4391,34.40847],[132.4392,34.40852],[132.43928,34.40856],[132.43959,34.40872],[132.44023,34.40899],[132.44062,34.40913],[132.44096,34.4092],[132.44106,34.40922],[132.44129,34.40926],[132.44181,34.40931],[132.44231,34.40937],[132.44246,34.40939],[132.44269,34.40941],[132.44291,34.40944],[132.44301,34.40944],[132.44332,34.40949],[132.44438,34.40959],[132.44457,34.40961],[132.44522,34.40968],[132.44539,34.4097],[132.44558,34.40973],[132.44576,34.40975],[132.44641,34.40981],[132.44679,34.40984],[132.44726,34.40988],[132.44797,34.40994],[132.44815,34.40996],[132.44885,34.41002]]},"properties":{"事業者種別":"JR在来線","行政区域":"34100","路線名":"山陽線","運営会社":"西日本旅客鉄道","鉄道区分":"普通鉄道JR"}},{"type":"Feature","geometry":{"type":"LineString","coordinates":[[132.39193,34.37569],[132.39238,34.37597],[132.39273,34.37629],[132.39282,34.3764],[132.39314,34.37672],[132.39338,34.37692],[132.39359,34.37707],[132.39367,34.37713],[132.39399,34.37731],[132.39436,34.37751],[132.39456,34.37759],[132.39479,34.37769],[132.39518,34.37783],[132.39544,34.37791],[132.39561,34.37797],[132.39604,34.37809],[132.39669,34.37823],[132.39678,34.37826],[132.39756,34.37843],[132.39772,34.37848],[132.39793,34.37852],[132.39813,34.37857],[132.39821,34.37859],[132.39872,34.37873],[132.39876,34.37874],[132.39888,34.37877],[132.39893,34.37879],[132.39899,34.37882],[132.39937,34.37904],[132.39952,34.37915],[132.39989,34.37947],[132.39991,34.37948],[132.39997,34.37953],[132.40032,34.37989],[132.40049,34.38009],[132.40084,34.38053],[132.40097,34.38069],[132.40103,34.38077],[132.40109,34.38084],[132.40123,34.38103],[132.40138,34.3812],[132.40151,34.38134],[132.40179,34.38156],[132.40203,34.38173],[132.40234,34.38188],[132.40246,34.38193],[132.40273,34.38206],[132.4031,34.38222],[132.40357,34.38244],[132.40397,34.38262],[132.40448,34.38285],[132.40482,34.38299],[132.40516,34.38316],[132.40531,34.38322],[132.40548,34.38329],[132.40631,34.38372],[132.40638,34.38375],[132.40682,34.384],[132.40706,34.38414],[132.40781,34.38456],[132.40798,34.38467],[132.40854,34.38498],[132.40902,34.38525],[132.40999,34.3858],[132.4104,34.38602],[132.4108,34.38625],[132.41131,34.38655],[132.4119,34.38688],[132.4121,34.387],[132.41228,34.3871],[132.41326,34.38763],[132.41379,34.38793],[132.4142,34.38816],[132.4144,34.38828],[132.41473,34.38847],[132.41563,34.38897],[132.41617,34.38932],[132.41641,34.38949],[132.41698,34.3899],[132.41728,34.39011],[132.41787,34.39056],[132.4188,34.39124],[132.41888,34.3913],[132.41899,34.39139],[132.41905,34.39142],[132.4206,34.39257],[132.42119,34.39302],[132.42176,34.39342],[132.42208,34.39366],[132.42267,34.3941],[132.42406,34.39512],[132.42425,34.39525],[132.42428,34.39528],[132.42502,34.39583],[132.42544,34.39614],[132.42555,34.39622],[132.42582,34.39643],[132.42591,34.39649],[132.42662,34.39701],[132.42691,34.39724],[132.427,34.39731]]},"properties":{"事業者種別":"JR在来線","行政区域":"34100","路線名":"山陽線","運営会社":"西日本旅客鉄道","鉄道区分":"普通鉄道JR"}},{"type":"Feature","geometry":{"type":"LineString","coordinates":[[132.52804,34.37266],[132.52852,34.37247],[132.52899,34.37231],[132.528990597,34.37230978]]},"properties":{"事業者種別":"JR在来線","行政区域":"34100","路線名":"山陽線","運営会社":"西日本旅客鉄道","鉄道区分":"普通鉄道JR"}},{"type":"Feature","geometry":{"type":"LineString","coordinates":[[132.4617245,34.40825871],[132.46179,34.40824],[132.46196,34.40818],[132.46209,34.40813],[132.4622,34.40809],[132.46254,34.40796],[132.46274,34.40788],[132.46324,34.40771],[132.46348,34.40762],[132.46359,34.40758],[132.4638,34.40749],[132.46399,34.40743],[132.46447,34.40723],[132.46463,34.40715],[132.46484,34.40705],[132.46495,34.407],[132.46522,34.40687],[132.46575,34.40659],[132.46579,34.40657],[132.466,34.40644],[132.46619,34.40633],[132.46634,34.40624],[132.46638,34.4062],[132.46666,34.406],[132.46679,34.4059],[132.46693,34.40578],[132.46716,34.40557],[132.46725,34.4055],[132.46741,34.40535],[132.46753,34.40524],[132.46763,34.40515],[132.46764,34.40513],[132.46774,34.40503],[132.46786,34.40491],[132.46794,34.40483],[132.46813,34.40464],[132.46824,34.40452],[132.46866,34.4041],[132.46873,34.40403],[132.46891,34.40383],[132.46906,34.40359],[132.46911,34.40352],[132.46918,34.40341],[132.4693,34.4032],[132.46935,34.40311],[132.46955,34.40269],[132.4698,34.40199],[132.46986,34.40174],[132.46995,34.40147],[132.47008,34.40113],[132.47023,34.40089],[132.47037,34.40066],[132.47063,34.4003],[132.47077,34.40016],[132.47123,34.39975],[132.47152,34.39951],[132.47188,34.39927],[132.47212,34.39912],[132.47246,34.39893],[132.47254,34.39889],[132.47291,34.39869],[132.47298,34.39866],[132.47378,34.39826],[132.47397,34.39816]]},"properties":{"事業者種別":"JR在来線","行政区域":"34100","路線名":"山陽線","運営会社":"西日本旅客鉄道","鉄道区分":"普通鉄道JR"}},{"type":"Feature","geometry":{"type":"LineString","coordinates":[[132.4966,34.38997],[132.49834,34.38954]]},"properties":{"事業者種別":"JR在来線","行政区域":"34100","路線名":"山陽線","運営会社":"西日本旅客鉄道","鉄道区分":"普通鉄道JR"}},{"type":"Feature","geometry":{"type":"LineString","coordinates":[[132.49834,34.38954],[132.49881,34.3894],[132.49918,34.38929]]},"properties":{"事業者種別":"JR在来線","行政区域":"34100","路線名":"山陽線","運営会社":"西日本旅客鉄道","鉄道区分":"普通鉄道JR"}},{"type":"Feature","geometry":{"type":"LineString","coordinates":[[132.48732,34.39321],[132.48886,34.39302],[132.48941,34.3929],[132.4898,34.39281],[132.4899,34.39279],[132.49019,34.39272],[132.49071,34.39258],[132.49128,34.39242],[132.49132,34.39239],[132.49204,34.3921],[132.49235,34.39197],[132.49243,34.39194],[132.49364,34.39144],[132.4942,34.39123],[132.49473,34.39106],[132.49501,34.39097],[132.49566,34.39076],[132.49638,34.39051],[132.49647,34.39048],[132.49748,34.39012],[132.49816,34.38981],[132.4982,34.38979],[132.49849,34.38967],[132.49885,34.38947],[132.49918,34.38929]]},"properties":{"事業者種別":"JR在来線","行政区域":"34100","路線名":"山陽線","運営会社":"西日本旅客鉄道","鉄道区分":"普通鉄道JR"}},{"type":"Feature","geometry":{"type":"LineString","coordinates":[[132.4966,34.38997],[132.49614,34.39009],[132.49603,34.39011],[132.49501,34.39038],[132.4948,34.39042],[132.49458,34.39048],[132.49431,34.39055],[132.49423,34.39057],[132.49404,34.39061],[132.4939,34.39065],[132.49335,34.39079],[132.49278,34.39095],[132.49168,34.39125],[132.49141,34.39131],[132.49128,34.39135],[132.49055,34.39149],[132.48946,34.39163],[132.48927,34.39166],[132.48883,34.39171],[132.48849,34.39176],[132.48834,34.3918],[132.48805,34.39184],[132.48746,34.39198],[132.48712,34.39208],[132.48692,34.39214],[132.48681,34.39218],[132.4866,34.39226],[132.48631,34.39237],[132.4858,34.3926],[132.48556,34.39268],[132.48494,34.39295],[132.48462,34.39309],[132.48392,34.39337],[132.48371,34.39345],[132.48332,34.39361],[132.48312,34.39368],[132.48242,34.39397],[132.48185,34.39421],[132.48168,34.39428],[132.48039,34.39484],[132.47956,34.3952],[132.47952,34.39521],[132.47853,34.3957],[132.47741,34.39629]]},"properties":{"事業者種別":"JR在来線","行政区域":"34100","路線名":"山陽線","運営会社":"西日本旅客鉄道","鉄道区分":"普通鉄道JR"}},{"type":"Feature","geometry":{"type":"LineString","coordinates":[[132.344841945,34.364624362],[132.34493,34.36463],[132.34498,34.36463],[132.34591,34.36469],[132.34778,34.36481],[132.34919,34.36489],[132.34974,34.36493],[132.34975,34.36493],[132.35146,34.36504],[132.35241,34.36511],[132.35339,34.36517],[132.35396,34.36521],[132.35537,34.36529],[132.35551,34.36529],[132.35604,34.36532],[132.36083,34.36559],[132.36193,34.36565],[132.36257,34.36571],[132.36324,34.36579],[132.36345,34.36582],[132.36369,34.36588],[132.3647,34.36612],[132.3663,34.36651]]},"properties":{"事業者種別":"JR在来線","行政区域":"34100","路線名":"山陽線","運営会社":"西日本旅客鉄道","鉄道区分":"普通鉄道JR"}},{"type":"Feature","geometry":{"type":"LineString","coordinates":[[132.427,34.39731],[132.42848,34.3984],[132.42905,34.39884]]},"properties":{"事業者種別":"JR在来線","行政区域":"34100","路線名":"山陽線","運営会社":"西日本旅客鉄道","鉄道区分":"普通鉄道JR"}},{"type":"Feature","geometry":{"type":"LineString","coordinates":[[132.52804,34.37266],[132.5285,34.37256],[132.52903,34.37243],[132.52907,34.37242],[132.529072832,34.372419508]]},"properties":{"事業者種別":"JR在来線","行政区域":"34100","路線名":"山陽線","運営会社":"西日本旅客鉄道","鉄道区分":"普通鉄道JR"}},{"type":"Feature","geometry":{"type":"LineString","coordinates":[[132.45204,34.41027],[132.45214,34.41028],[132.45326,34.41029]]},"properties":{"事業者種別":"JR在来線","行政区域":"34100","路線名":"山陽線","運営会社":"西日本旅客鉄道","鉄道区分":"普通鉄道JR"}},{"type":"Feature","geometry":{"type":"LineString","coordinates":[[132.499553227,34.389142674],[132.49918,34.38929]]},"properties":{"事業者種別":"JR在来線","行政区域":"34100","路線名":"山陽線","運営会社":"西日本旅客鉄道","鉄道区分":"普通鉄道JR"}},{"type":"Feature","geometry":{"type":"LineString","coordinates":[[132.39055,34.37484],[132.39193,34.37569]]},"properties":{"事業者種別":"JR在来線","行政区域":"34100","路線名":"山陽線","運営会社":"西日本旅客鉄道","鉄道区分":"普通鉄道JR"}},{"type":"Feature","geometry":{"type":"LineString","coordinates":[[132.45151,34.41055],[132.45187,34.41053],[132.45221,34.41051],[132.45258,34.41045],[132.4528,34.41041],[132.45284,34.4104],[132.4532,34.41031],[132.45326,34.41029]]},"properties":{"事業者種別":"JR在来線","行政区域":"34100","路線名":"山陽線","運営会社":"西日本旅客鉄道","鉄道区分":"普通鉄道JR"}},{"type":"Feature","geometry":{"type":"LineString","coordinates":[[132.56433,34.39191],[132.5624,34.39007]]},"properties":{"事業者種別":"JR在来線","行政区域":"34100","路線名":"山陽線","運営会社":"西日本旅客鉄道","鉄道区分":"普通鉄道JR"}},{"type":"Feature","geometry":{"type":"LineString","coordinates":[[132.3663,34.36651],[132.36916,34.36717]]},"properties":{"事業者種別":"JR在来線","行政区域":"34100","路線名":"山陽線","運営会社":"西日本旅客鉄道","鉄道区分":"普通鉄道JR"}},{"type":"Feature","geometry":{"type":"LineString","coordinates":[[132.47741,34.39629],[132.47397,34.39816]]},"properties":{"事業者種別":"JR在来線","行政区域":"34100","路線名":"山陽線","運営会社":"西日本旅客鉄道","鉄道区分":"普通鉄道JR"}},{"type":"Feature","geometry":{"type":"MultiLineString","coordinates":[[[132.507132308,34.375577538],[132.50728,34.37542],[132.50758,34.37515],[132.50765,34.37508],[132.50774,34.37501],[132.50796,34.37488],[132.50811,34.37482],[132.50856,34.37467],[132.50865,34.37465],[132.50899,34.37457],[132.50919,34.37453],[132.50937,34.37449],[132.50952,34.37448],[132.50996,34.37443],[132.51031,34.37443],[132.51066,34.37447],[132.51068,34.37448],[132.51075,34.37449],[132.51079,34.3745],[132.51093,34.37452],[132.51135,34.37461],[132.51205,34.37478],[132.51286,34.37498],[132.51301,34.37502],[132.51302,34.37503],[132.51358,34.37511],[132.5141,34.37517],[132.51453,34.37521],[132.514535945,34.375210637]],[[132.516194195,34.375179779],[132.51638,34.37517],[132.51683,34.3751],[132.51698,34.37509],[132.51708,34.37507],[132.51717,34.37506],[132.5174,34.37501],[132.51752,34.375],[132.51764,34.37497],[132.51777,34.37494],[132.51797,34.3749],[132.51825,34.37483],[132.51833,34.37481],[132.51902,34.37461],[132.51917,34.37456],[132.51944,34.37448],[132.51951,34.37445],[132.51985,34.37435],[132.51995,34.37433],[132.52001,34.37431],[132.52017,34.37426],[132.52042,34.37419],[132.52084,34.37407],[132.52098,34.37402],[132.52124,34.37395],[132.52133,34.37393],[132.52158,34.37386],[132.52169,34.37384],[132.52245,34.37365],[132.52281,34.37358],[132.52304,34.37357],[132.52405,34.37354],[132.5242,34.37354],[132.52439,34.37351],[132.52506,34.37332],[132.52551,34.37323],[132.52615,34.37308],[132.52641,34.37302],[132.52672,34.37295],[132.52681,34.37294],[132.52759,34.37277],[132.52804,34.37266]]]},"properties":{"事業者種別":"JR在来線","行政区域":"34100","路線名":"山陽線","運営会社":"西日本旅客鉄道","鉄道区分":"普通鉄道JR"}},{"type":"Feature","geometry":{"type":"LineString","coordinates":[[132.39055,34.37484],[132.39037,34.37472],[132.38984,34.3744],[132.3891,34.37395],[132.38808,34.37334],[132.38777,34.37315],[132.38749,34.37298],[132.38722,34.37281],[132.38663,34.37246],[132.38626,34.37224],[132.38607,34.37213],[132.3858,34.37197],[132.38542,34.37173],[132.38453,34.37118],[132.38429,34.37104],[132.38428,34.37103],[132.38387,34.37079],[132.38352,34.37064],[132.3831,34.3705],[132.38265,34.37039],[132.3821,34.37026],[132.38137,34.37009],[132.3813,34.37007],[132.38097,34.36999],[132.37996,34.36975],[132.37906,34.36954],[132.37857,34.36941],[132.37796,34.36927],[132.37777,34.36922],[132.37744,34.36915],[132.37721,34.36909],[132.37701,34.36903],[132.3769,34.36901],[132.37662,34.36895],[132.37587,34.36877],[132.37572,34.36873],[132.37457,34.36846],[132.37445,34.36843],[132.37405,34.36833],[132.37377,34.36826],[132.37375,34.36826],[132.37321,34.36812],[132.3727,34.36799],[132.37265,34.36798],[132.37258,34.36796],[132.37249,34.36794],[132.37237,34.36792],[132.37176,34.36778],[132.37016,34.36742],[132.36916,34.36717]]},"properties":{"事業者種別":"JR在来線","行政区域":"34100","路線名":"山陽線","運営会社":"西日本旅客鉄道","鉄道区分":"普通鉄道JR"}},{"type":"Feature","geometry":{"type":"LineString","coordinates":[[132.45326,34.41029],[132.45331,34.41029],[132.45456,34.41027],[132.45586,34.41017],[132.45604,34.41015],[132.45634,34.4101],[132.45682,34.40999],[132.45759,34.40976],[132.45827,34.40953],[132.45837,34.40949],[132.45852,34.40943],[132.45923,34.40916],[132.45929,34.40914],[132.46001,34.40888],[132.46012,34.40885],[132.46051955,34.40869698]]},"properties":{"事業者種別":"JR在来線","行政区域":"34100","路線名":"山陽線","運営会社":"西日本旅客鉄道","鉄道区分":"普通鉄道JR"}},{"type":"Feature","geometry":{"type":"LineString","coordinates":[[132.46051955,34.40869698],[132.46059,34.40867],[132.4607,34.40863],[132.46086,34.40857],[132.46126,34.40842],[132.46165,34.40828],[132.4617245,34.40825871]]},"properties":{"事業者種別":"JR在来線","行政区域":"34100","路線名":"山陽線","運営会社":"西日本旅客鉄道","鉄道区分":"普通鉄道JR"}},{"type":"Feature","geometry":{"type":"LineString","coordinates":[[132.46142198,34.40850763],[132.46147,34.40855],[132.46173,34.40879],[132.46211,34.40916],[132.46221,34.40927],[132.4623,34.40943],[132.46239,34.40965],[132.4627,34.41065]]},"properties":{"事業者種別":"第三セクター","行政区域":"34100","路線名":"広島新交通1号線","運営会社":"広島高速交通","鉄道区分":"跨座式モノレール"}},{"type":"Feature","geometry":{"type":"LineString","coordinates":[[132.46101921,34.40815224],[132.46142198,34.40850763]]},"properties":{"事業者種別":"第三セクター","行政区域":"34100","路線名":"広島新交通1号線","運営会社":"広島高速交通","鉄道区分":"跨座式モノレール"}},{"type":"Feature","geometry":{"type":"LineString","coordinates":[[132.44701,34.39713],[132.44714046,34.39755321]]},"properties":{"事業者種別":"民営鉄道","行政区域":"34100","路線名":"横川線","運営会社":"広島電鉄","鉄道区分":"軌道"}},{"type":"Feature","geometry":{"type":"LineString","coordinates":[[132.44714046,34.39755321],[132.44742,34.39733]]},"properties":{"事業者種別":"民営鉄道","行政区域":"34100","路線名":"本線","運営会社":"広島電鉄","鉄道区分":"軌道"}},{"type":"Feature","geometry":{"type":"LineString","coordinates":[[132.44742,34.39733],[132.44798,34.39723]]},"properties":{"事業者種別":"民営鉄道","行政区域":"34100","路線名":"本線","運営会社":"広島電鉄","鉄道区分":"軌道"}},{"type":"Feature","geometry":{"type":"LineString","coordinates":[[132.44685,34.3966],[132.44701,34.39713]]},"properties":{"事業者種別":"民営鉄道","行政区域":"34100","路線名":"本線","運営会社":"広島電鉄","鉄道区分":"軌道"}},{"type":"Feature","geometry":{"type":"LineString","coordinates":[[132.4958037,34.51716128],[132.4966632,34.51723705]]},"properties":{"事業者種別":"JR在来線","行政区域":"34100","路線名":"可部線","運営会社":"西日本旅客鉄道","鉄道区分":"普通鉄道JR"}},{"type":"Feature","geometry":{"type":"LineString","coordinates":[[132.4966632,34.51723705],[132.49725457,34.51726277],[132.49783359,34.51725612],[132.50060223,34.51705645],[132.50474188,34.51671037]]},"properties":{"事業者種別":"JR在来線","行政区域":"34100","路線名":"可部線","運営会社":"西日本旅客鉄道","鉄道区分":"普通鉄道JR"}},{"type":"Feature","geometry":{"type":"LineString","coordinates":[[132.50474188,34.51671037],[132.50560042,34.51665713]]},"properties":{"事業者種別":"JR在来線","行政区域":"34100","路線名":"可部線","運営会社":"西日本旅客鉄道","鉄道区分":"普通鉄道JR"}},{"type":"Feature","geometry":{"type":"LineString","coordinates":[[132.50560042,34.51665713],[132.50638576,34.51657727],[132.50694481,34.51647078],[132.50734413,34.51635098],[132.50783663,34.51613801],[132.50834244,34.51583186],[132.50886156,34.51541923],[132.50931413,34.5150066],[132.50981994,34.51431444],[132.51012608,34.51379532],[132.51041892,34.51308984],[132.51063,34.51253]]},"properties":{"事業者種別":"JR在来線","行政区域":"34100","路線名":"可部線","運営会社":"西日本旅客鉄道","鉄道区分":"普通鉄道JR"}}],"name":"34100_hiroshima-shi_city_2022_railway","type":"FeatureCollection"}