{"features":[{"type":"Feature","geometry":{"type":"LineString","coordinates":[[132.420475228,34.35924745],[132.422889728,34.362962226],[132.424999999,34.366152775],[132.425339884,34.366666666],[132.425628327,34.367102775],[132.430851051,34.374999999],[132.43087917,34.375042495],[132.431808327,34.376447495],[132.432086394,34.376731108],[132.432376108,34.377093054],[132.433333333,34.378286414],[132.433445837,34.378426667],[132.433785837,34.378908892],[132.434526667,34.379959441],[132.435088327,34.380772495],[132.435478612,34.381371387],[132.435863891,34.381901108],[132.436592776,34.382756108],[132.437084942,34.383333332],[132.437238885,34.383513892],[132.437507224,34.383909721],[132.437630272,34.384182774],[132.437694449,34.384669163],[132.437790558,34.385268333],[132.437876394,34.385535829],[132.438036394,34.385771387],[132.438394994,34.386038892],[132.439416667,34.386648613],[132.439803606,34.386893053],[132.440269729,34.387187775],[132.44073306,34.387480559],[132.441337497,34.387881387],[132.441666667,34.388135333],[132.44189917,34.38831472],[132.442182776,34.388571667],[132.442401946,34.389021108],[132.442753333,34.389807495],[132.442872776,34.390074999],[132.443209443,34.391428893],[132.44324428,34.391666667],[132.443359171,34.392450828],[132.443385279,34.392651668],[132.443466108,34.393274442],[132.443582503,34.394635],[132.443582503,34.394635559],[132.443626667,34.395152775],[132.443594449,34.395339999],[132.443575279,34.395440279],[132.443551661,34.395564721],[132.443021115,34.396613054],[132.442860558,34.396998334],[132.442743061,34.397383612],[132.442748327,34.397784721],[132.442791115,34.397982776],[132.442943332,34.398593054],[132.442954994,34.398621946],[132.443039729,34.398833613],[132.443168054,34.399031667],[132.443831388,34.399711107],[132.444101803,34.399999999],[132.444457224,34.400379721],[132.444901388,34.400909162],[132.445158054,34.401289162],[132.445243606,34.401567225],[132.445291946,34.401674721],[132.44547917,34.402091667],[132.445748327,34.402584441],[132.446004994,34.403001387],[132.446229728,34.403258334],[132.446695279,34.403798613],[132.447198054,34.404333613],[132.447909442,34.404948892],[132.448492503,34.405333893],[132.44876083,34.405494441],[132.449065837,34.405564162],[132.449322776,34.405628333],[132.449426667,34.405620829],[132.449746668,34.405598333],[132.449753606,34.405598054],[132.45,34.405580532],[132.450007224,34.40558],[132.450335837,34.405526667],[132.450798884,34.405451666],[132.452018885,34.405264441],[132.452452218,34.405205559],[132.452773061,34.405269721],[132.453318885,34.405441108],[132.454275279,34.405964999],[132.454698327,34.406307225],[132.455368327,34.406749162],[132.456820829,34.407542775],[132.457723606,34.407984441],[132.458227497,34.408241108],[132.458333332,34.408313387],[132.458362555,34.408333333],[132.458645279,34.408526387],[132.458963606,34.408830559],[132.458996939,34.408861947],[132.459099728,34.408958892],[132.45919083,34.409044441],[132.45929166,34.40913972],[132.4594,34.409241667],[132.459457782,34.409296108],[132.45982611,34.409911946],[132.460201659,34.410705559],[132.460339443,34.411023892],[132.460975837,34.412630829],[132.461313892,34.413484162],[132.461542776,34.414273892],[132.461800272,34.415333892],[132.462050272,34.415226945],[132.462365278,34.415091667],[132.462558612,34.415009162],[132.46291166,34.414857775],[132.46299917,34.414807775],[132.463842504,34.414324441],[132.463845838,34.414322494],[132.464444449,34.413979721],[132.464695279,34.413813614],[132.465108054,34.413540559],[132.465401945,34.413285829],[132.465701388,34.412796387],[132.46606,34.411618054],[132.466236109,34.411121387],[132.466273892,34.411014721],[132.466373605,34.410805559],[132.466666667,34.41052536],[132.466696667,34.410496668],[132.467157782,34.410078613],[132.467746939,34.409608054],[132.468036939,34.409418053],[132.468635837,34.408952775],[132.469169443,34.408537775],[132.469238885,34.408483892],[132.469377808,34.408333333],[132.469523892,34.408175],[132.469723606,34.407851666],[132.469918326,34.407424162],[132.470041946,34.407005829],[132.470037497,34.406720829],[132.470008884,34.406364721],[132.469937781,34.406127224],[132.468946109,34.405254162],[132.468394994,34.404735279],[132.468039729,34.404245279],[132.467882503,34.404028613],[132.467871116,34.404013055],[132.46786166,34.403993613],[132.467801388,34.403870829],[132.467723606,34.403704721],[132.467686394,34.403624721],[132.467684994,34.403621947],[132.46755,34.403333613],[132.46740555,34.402959162],[132.467385551,34.402731946],[132.46738166,34.402687226],[132.467378885,34.402654441],[132.46745917,34.40229],[132.467470558,34.402265],[132.467635551,34.401904721],[132.467849727,34.401567775],[132.468154449,34.401252225],[132.468646667,34.40090444],[132.469224449,34.400439162],[132.469692996,34.4],[132.469738054,34.399957774],[132.469962775,34.399588613],[132.470566939,34.398689162],[132.470823891,34.398197225],[132.470860272,34.397694441],[132.470796108,34.397245],[132.470656939,34.396736667],[132.470558328,34.396364441],[132.470491388,34.39611083],[132.470464449,34.396009162],[132.470316667,34.395603613],[132.469902503,34.394468054],[132.469831388,34.394181108],[132.469768886,34.393927495],[132.469656667,34.393275],[132.469572218,34.392856387],[132.469501388,34.392504721],[132.469458612,34.391932225],[132.469463864,34.391666667],[132.469469442,34.391391946],[132.469538885,34.390722495],[132.469656667,34.390053891],[132.469806394,34.389711667],[132.470020558,34.389064441],[132.470277224,34.388074721],[132.470314721,34.387694721],[132.470261115,34.387235],[132.470027224,34.386782225],[132.469743061,34.386231946],[132.469591115,34.385972225],[132.469133061,34.385188892],[132.468571388,34.384279441],[132.468261115,34.383867495],[132.467746355,34.383333333],[132.466666666,34.382212198],[132.466645837,34.382190558],[132.465883333,34.381422775],[132.46583389,34.381373054],[132.465802503,34.381341108],[132.465691946,34.381230279],[132.465603332,34.381141108],[132.465603061,34.381140559],[132.465248612,34.380783892],[132.464382218,34.380013333],[132.464157497,34.379740559],[132.463832776,34.379374162],[132.463263891,34.378732225],[132.462718327,34.37801],[132.462370557,34.377373613],[132.462177496,34.377055829],[132.461916109,34.376624721],[132.461029416,34.375],[132.461006668,34.374958334],[132.460915551,34.374776666],[132.46090917,34.374735001],[132.460908326,34.374729161],[132.460872777,34.374493054],[132.460781946,34.373776107],[132.460658885,34.372411946],[132.460577224,34.370962226],[132.460573333,34.370895559],[132.460439728,34.370531946],[132.460140272,34.369895279],[132.459738885,34.369216108],[132.45922445,34.368525829],[132.458598327,34.367905279],[132.458333333,34.367678225],[132.457384163,34.366865],[132.457177782,34.366666667],[132.45684389,34.366345829],[132.456250001,34.365666667],[132.455640271,34.364853613],[132.455164163,34.364249162],[132.454467224,34.363542775],[132.454237782,34.363310279],[132.45400917,34.363120279],[132.453098327,34.362363613],[132.451691388,34.361341667],[132.450562776,34.36055],[132.45,34.360156586],[132.447391829,34.358333332],[132.446480272,34.357696108],[132.446221388,34.357530829],[132.445533333,34.357091667],[132.441666666,34.355336864],[132.436683346,34.353075306],[132.4336431,34.353749622],[132.433415305,34.353165722],[132.433333333,34.35318836],[132.433306693,34.353195721],[132.433309001,34.353200225],[132.433293774,34.353205586],[132.433299274,34.353220081],[132.433313385,34.35321636],[132.433333333,34.353265973],[132.433359416,34.353330829],[132.433346393,34.353335387],[132.433352945,34.353349694],[132.433365863,34.353346162],[132.433393256,34.353414533],[132.433376978,34.353420974],[132.433382477,34.353436278],[132.433399832,34.353430748],[132.433437108,34.353527107],[132.433424188,34.353532641],[132.433430752,34.353546162],[132.433444864,34.353542532],[132.433472282,34.353613695],[132.433457057,34.353619135],[132.433463645,34.353633441],[132.433479922,34.353629892],[132.433491894,34.353661414],[132.433517199,34.353729802],[132.433534746,34.35377483],[132.433496667,34.353766892],[132.433438911,34.353755225],[132.433333332,34.353736974],[132.43329,34.353729468],[132.433193476,34.35348708],[132.433179416,34.353479082],[132.432301244,34.353876694],[132.43223672,34.353784054],[132.432118275,34.353835252],[132.432099248,34.353830695],[132.43209817,34.353837026],[132.432095941,34.353851162],[132.432159974,34.353955973],[132.431630999,34.354201198],[132.431563696,34.354100458],[132.431417172,34.354164225],[132.431482049,34.354260558],[132.431062827,34.354451964],[132.431007237,34.354369045],[132.430863878,34.354435586],[132.430916692,34.354515027],[132.430520273,34.354692667],[132.430504527,34.354668722],[132.430499728,34.354661442],[132.430469585,34.354615532],[132.430458664,34.354603919],[132.430452387,34.354608],[132.430443501,34.354613775],[132.430444578,34.354617468],[132.430369585,34.354653694],[132.430416693,34.354733829],[132.430215966,34.354825333],[132.429522218,34.355141468],[132.429508003,34.355150495],[132.429503774,34.355154027],[132.42950258,34.355156749],[132.429501505,34.355161252],[132.429502607,34.355166748],[132.429502633,34.355171252],[132.429503839,34.355175748],[132.429536641,34.355235108],[132.429530026,34.355238802],[132.429639248,34.355403559],[132.429640442,34.355407162],[132.42964908,34.355424198],[132.429655668,34.355443198],[132.42965572,34.355459414],[132.429653671,34.355465749],[132.429650337,34.355471973],[132.429647198,34.355480197],[132.429642866,34.355486494],[132.429632022,34.355499054],[132.429610337,34.35551264],[132.429437587,34.355577919],[132.42934847,34.355550252],[132.429269105,34.35559],[132.429313994,34.355690865],[132.429429301,34.355675305],[132.429623281,34.356172558],[132.429632088,34.356206775],[132.429629857,34.356230225],[132.429620169,34.356254586],[132.429600752,34.356273559],[132.429567108,34.356292468],[132.429277173,34.356424919],[132.429247951,34.356432198],[132.42921642,34.35643036],[132.429188106,34.356421414],[132.429148885,34.356389947],[132.428876226,34.356102026],[132.428699274,34.356180919],[132.428567108,34.355982865],[132.428541024,34.355986532],[132.428513865,34.355985586],[132.428484476,34.355974829],[132.428461479,34.355958666],[132.428440856,34.355930829],[132.428315228,34.355737279],[132.428299947,34.355718279],[132.428286782,34.355711107],[132.428269364,34.355707613],[132.428134333,34.355768135],[132.427659079,34.355990587],[132.427219638,34.356189414],[132.4251907,34.357107081],[132.425125967,34.357272197],[132.425077108,34.357294865],[132.425,34.357326333],[132.424954112,34.357345054],[132.424901894,34.357264829],[132.424877912,34.357310865],[132.424734061,34.357376251],[132.424665694,34.357378749],[132.424717808,34.357459135],[132.424557004,34.35752936],[132.42436109,34.357482081],[132.424009364,34.357646081],[132.424282386,34.358059162],[132.424254164,34.358071918],[132.424426783,34.358333333],[132.424692244,34.358735468],[132.4247183,34.358724586],[132.424756524,34.358781305],[132.42489642,34.358989197],[132.423558716,34.359596054],[132.423024642,34.358785028],[132.422727303,34.358333333],[132.422671971,34.358249333],[132.422485304,34.358333333],[132.422101608,34.358511622],[132.420475228,34.35924745]]},"properties":{"city_code":"34101","city_name":"中区","prefecture_code":"34","prefecture_name":"広島県"}},{"type":"Feature","geometry":{"type":"LineString","coordinates":[[132.53831083,34.462026666],[132.538659441,34.462016667],[132.538778327,34.462036946],[132.538947497,34.462113333],[132.539120273,34.462196108],[132.539265837,34.462232775],[132.539308327,34.462230829],[132.539478328,34.462222775],[132.539667497,34.462206108],[132.539810271,34.462163054],[132.539936394,34.462089999],[132.540065837,34.461957225],[132.540208327,34.461824441],[132.540394162,34.461718333],[132.540553606,34.461631946],[132.540706109,34.461591387],[132.540972218,34.461586667],[132.541227782,34.461626667],[132.541294162,34.461639441],[132.541400272,34.461659721],[132.541549728,34.461726108],[132.541666667,34.46178844],[132.541705551,34.461809162],[132.54187166,34.461941946],[132.54201083,34.462041387],[132.542130558,34.462107775],[132.542246668,34.462157495],[132.542349441,34.462167495],[132.542442503,34.462154162],[132.542548612,34.462111109],[132.542843891,34.461925279],[132.543016667,34.461805829],[132.543228886,34.461706108],[132.54373083,34.461493892],[132.543833607,34.461477495],[132.543963061,34.461474162],[132.544056109,34.461477495],[132.544208612,34.461547226],[132.544444449,34.46165],[132.544706394,34.461766108],[132.544911556,34.461818613],[132.544991945,34.461839162],[132.545138054,34.461888892],[132.545343606,34.461991946],[132.545622503,34.462141108],[132.546055499,34.462370613],[132.54639917,34.462552775],[132.546991388,34.462850829],[132.547230272,34.462930279],[132.547455837,34.462948892],[132.547788611,34.462937494],[132.54803,34.462933613],[132.548291946,34.46292083],[132.548577782,34.462903892],[132.549015837,34.462891387],[132.549417497,34.462921108],[132.549696394,34.462977776],[132.549934994,34.463044162],[132.55,34.463056892],[132.550194994,34.463095],[132.550480557,34.463185559],[132.550793891,34.463266108],[132.550873607,34.463252775],[132.550906668,34.463203054],[132.550969728,34.463027225],[132.551048885,34.462874441],[132.551258611,34.46246944],[132.551375279,34.462158333],[132.551458054,34.462015829],[132.551574449,34.461906387],[132.551730272,34.461740559],[132.551962777,34.461591108],[132.55219917,34.461490559],[132.552300558,34.461404163],[132.552428885,34.461236946],[132.552553891,34.461045],[132.552723892,34.46082528],[132.552929999,34.460566109],[132.553103839,34.460354082],[132.55330917,34.460103613],[132.553440558,34.459924721],[132.553503062,34.459754441],[132.553518054,34.459599441],[132.553498885,34.459496108],[132.553478054,34.459372225],[132.553438612,34.45927],[132.55336083,34.459147495],[132.553220559,34.458992225],[132.553050558,34.458822224],[132.552975279,34.458721946],[132.552907224,34.458631108],[132.552787782,34.458401387],[132.552763191,34.458333333],[132.552711388,34.458189999],[132.552708327,34.458094441],[132.552741388,34.457959721],[132.552896668,34.457667225],[132.553124994,34.457320559],[132.55313166,34.457310279],[132.553136394,34.457303333],[132.553375551,34.457040279],[132.553435551,34.456988892],[132.55363083,34.456821108],[132.553757496,34.456712225],[132.553762503,34.456708054],[132.554021946,34.456530559],[132.554130272,34.456458334],[132.554314162,34.456340829],[132.554565279,34.456155558],[132.554774163,34.456053892],[132.555366108,34.455844721],[132.555485551,34.455790829],[132.555556109,34.455763613],[132.556380559,34.455446108],[132.556475551,34.455404162],[132.556482776,34.455401109],[132.556992776,34.455193892],[132.557061659,34.455182775],[132.557142218,34.455169721],[132.5572,34.455153892],[132.557315551,34.455121946],[132.557403332,34.454999722],[132.557482776,34.454888892],[132.557650272,34.454757226],[132.557829727,34.454721388],[132.558032775,34.454703613],[132.558176394,34.454536108],[132.558333332,34.454343802],[132.558522776,34.454111667],[132.558568054,34.454056108],[132.558600558,34.454016108],[132.558726109,34.453872775],[132.558844162,34.453763613],[132.55912083,34.453508055],[132.559467497,34.453346668],[132.559821219,34.453243533],[132.560663333,34.453001946],[132.560771946,34.452979441],[132.560937497,34.452930559],[132.561027224,34.452828892],[132.561134995,34.452685279],[132.561284449,34.452494162],[132.561415279,34.452363334],[132.561505551,34.452272775],[132.561661114,34.452189161],[132.561918054,34.452063613],[132.56221083,34.451908333],[132.56257555,34.451669441],[132.562671115,34.451525829],[132.562722502,34.45134],[132.56283083,34.450937495],[132.56287917,34.450590829],[132.562919728,34.450309162],[132.562980272,34.450124441],[132.563049728,34.450007224],[132.563053995,34.449999999],[132.5631,34.449922495],[132.563171115,34.449802495],[132.563558885,34.449177226],[132.563833891,34.448854441],[132.564091115,34.448597495],[132.564455837,34.448214722],[132.564503607,34.448077224],[132.56449166,34.447963613],[132.56443166,34.447856108],[132.564288326,34.447712495],[132.564091115,34.447503333],[132.563947498,34.447323893],[132.563776394,34.447087495],[132.563722218,34.446896108],[132.563667782,34.446755279],[132.563606394,34.446500279],[132.563579442,34.446310279],[132.563566109,34.446180559],[132.563576667,34.445800829],[132.563518328,34.445533054],[132.563504722,34.445369721],[132.563477497,34.445251386],[132.563477497,34.445082225],[132.563612503,34.444753891],[132.564439443,34.443368613],[132.564569169,34.443151108],[132.565104722,34.442203053],[132.565265836,34.442005829],[132.56537166,34.441909721],[132.565456939,34.441832224],[132.565614423,34.441666667],[132.565684163,34.441593334],[132.565953333,34.441288053],[132.566285837,34.440877224],[132.566401659,34.440698053],[132.566563333,34.440305829],[132.566629727,34.440111108],[132.566666667,34.44001536],[132.566768055,34.439752494],[132.566857498,34.439431108],[132.566951115,34.439169441],[132.567044449,34.439035],[132.567141659,34.438937774],[132.56792917,34.438513334],[132.567970272,34.438491108],[132.568116666,34.438412225],[132.568509169,34.438176667],[132.568838054,34.437967496],[132.568914721,34.437912775],[132.569096939,34.437781386],[132.569407223,34.437586947],[132.569508884,34.437553054],[132.56958166,34.437528892],[132.56990083,34.437478054],[132.570846497,34.437343775],[132.570874994,34.43733972],[132.571005837,34.437298613],[132.571088054,34.437246387],[132.571185279,34.437111667],[132.571278612,34.436995829],[132.571338327,34.436861388],[132.571428054,34.436753054],[132.571532776,34.436708054],[132.571723333,34.436640828],[132.572007497,34.436495279],[132.572088444,34.436441108],[132.572220273,34.436353054],[132.572144449,34.436098053],[132.572137223,34.436007776],[132.572083061,34.435827224],[132.572006667,34.435737225],[132.571886939,34.435636387],[132.571741387,34.435513053],[132.571647782,34.435400829],[132.57157306,34.435262775],[132.571539441,34.435101946],[132.571502218,34.434889162],[132.571505837,34.434601386],[132.571525551,34.434363334],[132.571566667,34.434109721],[132.571559441,34.433935],[132.571553061,34.433912495],[132.571434721,34.433665829],[132.571386109,34.433508892],[132.571378885,34.433344441],[132.571382244,34.433333333],[132.571437224,34.433152226],[132.571434721,34.433011947],[132.57139,34.432925829],[132.571266667,34.432813892],[132.571113333,34.432653054],[132.571049728,34.432538054],[132.57100917,34.432442225],[132.57094083,34.432228333],[132.570853891,34.432122775],[132.570644448,34.431999721],[132.570356667,34.43186528],[132.57011,34.43179444],[132.56989,34.431719441],[132.56972917,34.431704721],[132.569504994,34.431689442],[132.569404163,34.431663333],[132.569284449,34.431603613],[132.569164994,34.431469162],[132.568862218,34.431103053],[132.56867166,34.430934721],[132.56851083,34.430796388],[132.56841389,34.430725559],[132.56829,34.430707495],[132.568081114,34.430708893],[132.56806672,34.430710974],[132.567823333,34.430746108],[132.567636667,34.430746108],[132.567464994,34.430708892],[132.567326667,34.430626667],[132.567240558,34.430529441],[132.567206939,34.430398613],[132.567206939,34.430260279],[132.567158327,34.430080829],[132.567091115,34.429972495],[132.567023891,34.429871666],[132.566923061,34.429796946],[132.566830558,34.429765],[132.566728612,34.429729722],[132.566666668,34.429715162],[132.566443606,34.429662775],[132.566426109,34.429658613],[132.566254163,34.429628892],[132.565693332,34.429412496],[132.565465642,34.429300495],[132.564708053,34.428928054],[132.564555279,34.428868054],[132.564379442,34.428825],[132.56415389,34.428825],[132.563831388,34.428881946],[132.563579729,34.428928054],[132.563251116,34.428967776],[132.562954449,34.428977775],[132.56260083,34.429022775],[132.562385279,34.429076946],[132.562163062,34.429113333],[132.562093256,34.429091441],[132.561993891,34.429060279],[132.561771388,34.428954163],[132.561266939,34.428705279],[132.560984721,34.428542495],[132.560772776,34.428449721],[132.560520557,34.42835],[132.560221946,34.428223892],[132.560165279,34.428180829],[132.560152218,34.428078054],[132.560120272,34.427952775],[132.560036109,34.427818333],[132.559958612,34.427761666],[132.559886667,34.427708892],[132.559714163,34.427645829],[132.559039441,34.427637495],[132.558592218,34.427685559],[132.558383606,34.427698892],[132.558333332,34.427695667],[132.55821,34.427687775],[132.558121946,34.427671108],[132.557950272,34.427642225],[132.55785083,34.427618892],[132.557664721,34.427648892],[132.557211115,34.42780083],[132.557014449,34.427894441],[132.556882503,34.427946667],[132.556821946,34.427970829],[132.55658555,34.428008892],[132.556490558,34.428008892],[132.556327224,34.428031387],[132.55622166,34.428060279],[132.556029169,34.428073613],[132.555973332,34.428066386],[132.555837497,34.428048333],[132.555817224,34.428031387],[132.555776109,34.428027225],[132.555763062,34.428025829],[132.555587781,34.427957495],[132.555332502,34.42789444],[132.555156667,34.427808053],[132.554974163,34.427632495],[132.55481166,34.427343613],[132.554741946,34.427141387],[132.554682503,34.42691028],[132.554668884,34.426679441],[132.554617497,34.426287226],[132.554531389,34.425985279],[132.554404994,34.425809441],[132.55438594,34.425792694],[132.554242503,34.425666667],[132.554056667,34.425484162],[132.553920558,34.425275],[132.553722503,34.425047495],[132.553673087,34.424999999],[132.553549999,34.424881667],[132.553274721,34.424656108],[132.552933061,34.424416946],[132.552707225,34.424267775],[132.552575279,34.424217774],[132.552357782,34.424201107],[132.55216,34.424122226],[132.551970829,34.424009442],[132.55169528,34.423843613],[132.551436394,34.423694442],[132.551237497,34.423554999],[132.551111659,34.423481946],[132.550829442,34.423425559],[132.550477783,34.42337583],[132.550208885,34.423309441],[132.55005611,34.423266387],[132.55,34.423262613],[132.549713892,34.423243333],[132.549618327,34.423254441],[132.549516667,34.423254441],[132.549431661,34.423227775],[132.549268885,34.423148054],[132.549166109,34.423095],[132.549022776,34.423062775],[132.548449728,34.422933613],[132.547407497,34.422567225],[132.547098613,34.422441108],[132.546507782,34.422188613],[132.54640166,34.422095559],[132.546305279,34.421969441],[132.546229442,34.421833333],[132.545812776,34.421337775],[132.545676939,34.421181667],[132.54547445,34.421035829],[132.545324994,34.420985829],[132.54514917,34.420879721],[132.545052776,34.420760279],[132.544996393,34.420634162],[132.54490694,34.420484721],[132.544750831,34.420302225],[132.544588327,34.420116387],[132.544455279,34.419908892],[132.544361114,34.419798332],[132.54419166,34.419650279],[132.543936109,34.419453333],[132.543729442,34.419236946],[132.543542776,34.419010829],[132.543444163,34.418843892],[132.543227782,34.418411108],[132.543173606,34.418360559],[132.542952502,34.418155279],[132.542667225,34.418056946],[132.542303333,34.418125829],[132.542008054,34.418233892],[132.541703333,34.418243892],[132.541666666,34.418232613],[132.541447498,34.418165279],[132.541181947,34.418007776],[132.540916668,34.417860279],[132.540716939,34.417668333],[132.540532335,34.417751441],[132.540323607,34.417845559],[132.540058054,34.418042225],[132.539487496,34.418307774],[132.538956394,34.41843556],[132.538553061,34.418445559],[132.538243061,34.418568332],[132.537896668,34.418828333],[132.537692218,34.418981387],[132.537397224,34.419296108],[132.537210272,34.419365],[132.536954721,34.419433892],[132.536659728,34.419610829],[132.536434722,34.419908891],[132.536364163,34.420004441],[132.536194164,34.42014528],[132.535897782,34.420388893],[132.535669728,34.420566108],[132.535493606,34.420742225],[132.535371659,34.420866388],[132.535201115,34.420963053],[132.53499,34.421034721],[132.534718612,34.421074721],[132.53437917,34.421142225],[132.534317781,34.421153613],[132.534128885,34.421233334],[132.533816394,34.421271387],[132.533474721,34.421271946],[132.533359442,34.42125472],[132.533333332,34.421254721],[132.533298326,34.421254721],[132.532833062,34.421186946],[132.532489442,34.421181946],[132.532326109,34.42120444],[132.53218166,34.421234163],[132.532043891,34.421262775],[132.531537498,34.421441108],[132.531367498,34.421480559],[132.531184449,34.421491387],[132.531116109,34.421480559],[132.530862777,34.421402495],[132.530605279,34.421288613],[132.530218885,34.421041107],[132.530151115,34.420967775],[132.530089728,34.420871946],[132.529917224,34.420608891],[132.529702219,34.42013972],[132.529597224,34.419908892],[132.529570272,34.419778054],[132.529494163,34.419636108],[132.529389169,34.419548332],[132.529187782,34.419491667],[132.529065552,34.419438613],[132.528859171,34.419271386],[132.528642777,34.419055],[132.528514721,34.418956667],[132.528367224,34.418888055],[132.528219728,34.418858613],[132.527698327,34.418829162],[132.52737389,34.418809441],[132.527068885,34.41878],[132.526793606,34.418760279],[132.526665551,34.418720829],[132.526370558,34.41843556],[132.526154448,34.418189721],[132.525938054,34.417993055],[132.525737224,34.417946108],[132.525475837,34.417884721],[132.525042776,34.417816108],[132.525,34.417797081],[132.524777225,34.417698054],[132.524491946,34.417511107],[132.524128054,34.417029162],[132.523793605,34.416802775],[132.523680143,34.416666666],[132.523646109,34.41662583],[132.523567498,34.416517495],[132.523233333,34.416419162],[132.523016938,34.416350279],[132.522711946,34.416193054],[132.522436667,34.415966947],[132.522057782,34.415755559],[132.521743061,34.415588332],[132.521556109,34.415470279],[132.521359442,34.415253892],[132.521270831,34.415037495],[132.521241388,34.414840829],[132.521230337,34.414823279],[132.521074164,34.414575279],[132.520926667,34.414457225],[132.520681115,34.414437494],[132.520494163,34.414506387],[132.520297496,34.414526109],[132.52005917,34.41458472],[132.519618612,34.414693332],[132.519323606,34.414801387],[132.519058054,34.414870279],[132.518881115,34.414899721],[132.518703891,34.414919441],[132.518516939,34.414840829],[132.518320271,34.414653892],[132.518030271,34.414235829],[132.517882504,34.414058891],[132.517764449,34.413921108],[132.517568054,34.413763612],[132.517455837,34.413690829],[132.517371388,34.413635829],[132.517233607,34.413527495],[132.517174721,34.413350559],[132.51717472,34.412996387],[132.517145278,34.412799721],[132.517066394,34.412661946],[132.516948327,34.412416387],[132.516918885,34.412111387],[132.516928885,34.411718055],[132.516973061,34.41158528],[132.516953332,34.411457225],[132.516786109,34.411201668],[132.516666667,34.411099332],[132.516648327,34.411083613],[132.516530272,34.410985279],[132.516451661,34.410867225],[132.516422218,34.410650829],[132.516363061,34.410454162],[132.516313891,34.410345829],[132.516195838,34.410247495],[132.516078054,34.410178613],[132.515881388,34.410031108],[132.515743891,34.409922775],[132.515684721,34.409775279],[132.515684721,34.409568892],[132.515733891,34.409303613],[132.51586166,34.409057495],[132.516028885,34.408870559],[132.516112502,34.408629721],[132.516102777,34.408482226],[132.516075837,34.408448613],[132.515984721,34.408334721],[132.51598384,34.408333333],[132.515788054,34.40802972],[132.51548306,34.407715],[132.515325837,34.407557495],[132.515158613,34.407419721],[132.514971661,34.407242775],[132.514814163,34.407075559],[132.514696109,34.406918054],[132.514342218,34.406682225],[132.514145279,34.406603333],[132.513357782,34.406226667],[132.513334163,34.406215279],[132.512704448,34.405718892],[132.512684993,34.405703613],[132.512321115,34.405516667],[132.512242218,34.405457775],[132.512213061,34.405442495],[132.511886668,34.405271108],[132.511642218,34.405143054],[132.511599728,34.405127495],[132.511455551,34.405074162],[132.511347497,34.405015],[132.51110166,34.404956108],[132.510658885,34.404641387],[132.510122776,34.404272496],[132.509965551,34.404183892],[132.509847497,34.404115],[132.509650829,34.404016667],[132.509394994,34.403996946],[132.509296667,34.403987225],[132.508972218,34.40379056],[132.508814995,34.403672494],[132.508333332,34.403616162],[132.508076667,34.403586135],[132.508057497,34.403583891],[132.507841115,34.403505279],[132.507614993,34.403387225],[132.507447782,34.403288893],[132.507152504,34.403200279],[132.506985279,34.403190559],[132.506896939,34.403190559],[132.506666939,34.403348333],[132.506646109,34.403362495],[132.506624449,34.403485],[132.506616394,34.403529721],[132.506642218,34.403659441],[132.506665551,34.40377583],[132.506695279,34.403903613],[132.506685227,34.404801053],[132.506321751,34.404277973],[132.506344527,34.404146001],[132.50623022,34.404037469],[132.505880027,34.40379236],[132.505696393,34.403719163],[132.505662777,34.403726667],[132.505377497,34.403893892],[132.505310559,34.403929162],[132.505038612,34.404072225],[132.504836394,34.404178892],[132.504819442,34.404183613],[132.504687224,34.404219441],[132.504678612,34.404221946],[132.504622776,34.404237225],[132.504559727,34.404254161],[132.50452528,34.404263613],[132.504401115,34.404297494],[132.504141998,34.404354081],[132.503891,34.404111559],[132.503460699,34.403629865],[132.503335187,34.403470415],[132.502966667,34.403108306],[132.502087497,34.402088892],[132.501743061,34.401675559],[132.501455279,34.401356667],[132.501319728,34.401206108],[132.501197498,34.401070829],[132.500996939,34.400777495],[132.500865837,34.400585829],[132.50081389,34.40051],[132.500607224,34.400185559],[132.50051153,34.4],[132.500476668,34.399932225],[132.500116393,34.399233333],[132.500031947,34.39906944],[132.5,34.399010946],[132.499972777,34.398961108],[132.499661946,34.398503892],[132.499608053,34.398425],[132.499370272,34.398075278],[132.499304162,34.397977495],[132.499004163,34.39753],[132.498910272,34.397389442],[132.498667224,34.397025829],[132.498458327,34.396713614],[132.49840917,34.39664],[132.49831083,34.396512224],[132.498153333,34.396423612],[132.497701115,34.396394162],[132.497477225,34.3963],[132.497151114,34.396105559],[132.497019169,34.396026946],[132.496567497,34.395757495],[132.496340271,34.395622225],[132.495840831,34.39532444],[132.496316939,34.394821667],[132.496382503,34.394756387],[132.4964,34.394739162],[132.496608613,34.394531667],[132.497049171,34.394093333],[132.497477497,34.393667494],[132.498390558,34.392858333],[132.498813332,34.392494442],[132.499035837,34.392300829],[132.499344721,34.392031946],[132.499600272,34.391953333],[132.499999999,34.391792496],[132.500210271,34.391707775],[132.500329949,34.391666666],[132.501183891,34.391373333],[132.501197223,34.391308613],[132.501228885,34.391155829],[132.501256939,34.391019441],[132.501263333,34.390988892],[132.50131083,34.390758334],[132.501311946,34.390753613],[132.501091115,34.390551387],[132.501082776,34.390543892],[132.500962776,34.390433892],[132.500185552,34.389774721],[132.499999999,34.389589162],[132.49972083,34.38931],[132.499698054,34.389319162],[132.499443607,34.389420558],[132.499204163,34.389516108],[132.498881946,34.389651946],[132.49873847,34.389704946],[132.498634994,34.389743053],[132.498396939,34.389830559],[132.497946394,34.390094721],[132.497713112,34.390241613],[132.497477497,34.39039],[132.49585166,34.391478053],[132.495552944,34.391666667],[132.495093061,34.391956946],[132.494995551,34.392018613],[132.49316083,34.392836946],[132.493036667,34.392895],[132.492833891,34.39299],[132.492754163,34.393027225],[132.492628054,34.393086387],[132.492584994,34.393106668],[132.492354163,34.393214721],[132.492220272,34.393277495],[132.492002672,34.393379668],[132.491822777,34.393463891],[132.491803606,34.393472775],[132.491666667,34.393537027],[132.49154,34.393596387],[132.491256667,34.393628614],[132.4897,34.393826387],[132.488556667,34.393986667],[132.488474721,34.393998332],[132.488462503,34.394],[132.488212776,34.394035],[132.487030829,34.394158054],[132.486987225,34.39416083],[132.485891388,34.394227495],[132.485329728,34.394318333],[132.484757224,34.394414721],[132.484316109,34.394479441],[132.483523334,34.394616667],[132.483333333,34.394649495],[132.482304721,34.394827225],[132.482296939,34.394828055],[132.481796667,34.394886108],[132.481458613,34.394989721],[132.481383891,34.395012495],[132.481255279,34.395051946],[132.48098611,34.395162495],[132.480828612,34.395227494],[132.480634994,34.395307225],[132.480383334,34.395410279],[132.479891114,34.395635],[132.479887497,34.395637225],[132.479667224,34.395768613],[132.479516939,34.395858054],[132.479281388,34.395998613],[132.478639441,34.396453332],[132.478227496,34.396747775],[132.477965278,34.396940279],[132.477842503,34.397181108],[132.477649728,34.397475],[132.476996939,34.397838892],[132.477473334,34.398411108],[132.476136108,34.399101387],[132.475479171,34.399440559],[132.474999999,34.39968764],[132.474635551,34.399875558],[132.474564163,34.399912495],[132.474521946,34.39980944],[132.474512503,34.399786107],[132.474262362,34.399250612],[132.474174994,34.399078055],[132.474073917,34.398866559],[132.473783333,34.398256667],[132.473739442,34.398164999],[132.473527497,34.398269722],[132.472797782,34.398630559],[132.472134449,34.398940559],[132.471497781,34.399369162],[132.471358885,34.39948056],[132.471117782,34.399674162],[132.470752114,34.4],[132.470625551,34.400112775],[132.470438327,34.400364441],[132.47023917,34.400706387],[132.470064163,34.401006108],[132.469924994,34.401262775],[132.469454449,34.402381108],[132.46883611,34.403148893],[132.468544995,34.403510279],[132.468326667,34.403633614],[132.468298885,34.403649441],[132.467801388,34.403870829],[132.46786166,34.403993613],[132.467871116,34.404013055],[132.467882503,34.404028613],[132.468039729,34.404245279],[132.468394994,34.404735279],[132.468946109,34.405254162],[132.469937781,34.406127224],[132.470008884,34.406364721],[132.470037497,34.406720829],[132.470041946,34.407005829],[132.469918326,34.407424162],[132.469723606,34.407851666],[132.469523892,34.408175],[132.469377808,34.408333333],[132.469238885,34.408483892],[132.469169443,34.408537775],[132.468635837,34.408952775],[132.468036939,34.409418053],[132.467746939,34.409608054],[132.467157782,34.410078613],[132.466696667,34.410496668],[132.466666667,34.41052536],[132.466373605,34.410805559],[132.466273892,34.411014721],[132.466236109,34.411121387],[132.46606,34.411618054],[132.465701388,34.412796387],[132.465401945,34.413285829],[132.465108054,34.413540559],[132.464695279,34.413813614],[132.464444449,34.413979721],[132.463845838,34.414322494],[132.463842504,34.414324441],[132.46299917,34.414807775],[132.46291166,34.414857775],[132.462558612,34.415009162],[132.462365278,34.415091667],[132.462050272,34.415226945],[132.461800272,34.415333892],[132.462172114,34.416666666],[132.462249442,34.416943892],[132.462303606,34.417150279],[132.46247694,34.417783613],[132.462494995,34.417846667],[132.462723891,34.418799999],[132.462974448,34.419907775],[132.463016667,34.420065559],[132.46310166,34.420729163],[132.463103606,34.420743055],[132.463599728,34.424486108],[132.463667756,34.425],[132.463690559,34.425172225],[132.463769728,34.425768614],[132.464247224,34.425853333],[132.464557224,34.42597],[132.465233606,34.426224721],[132.465441389,34.426353333],[132.465679442,34.426500559],[132.466228612,34.426894441],[132.466666667,34.427211225],[132.466740271,34.427264442],[132.467524994,34.427890278],[132.467981388,34.428261387],[132.468552503,34.428798054],[132.469475279,34.429561946],[132.469777498,34.429841946],[132.469778328,34.429842495],[132.470334449,34.430357495],[132.470854448,34.43082444],[132.470971115,34.43095],[132.471692218,34.431726387],[132.472753333,34.432925],[132.472844449,34.433024162],[132.473128029,34.433333333],[132.473814163,34.434081387],[132.474821946,34.435216667],[132.475,34.435415802],[132.475267497,34.435715],[132.475935837,34.436319721],[132.47651917,34.436797226],[132.476996667,34.437153333],[132.477580271,34.437545829],[132.478025837,34.437832225],[132.478683333,34.438182495],[132.47903166,34.438352225],[132.479689442,34.438691667],[132.480400272,34.438988613],[132.480771389,34.439135828],[132.481015551,34.439232775],[132.481651946,34.439423612],[132.482362777,34.439646667],[132.482840272,34.439741946],[132.483088327,34.439811387],[132.483333333,34.439880054],[132.48337083,34.439890559],[132.483406394,34.439893333],[132.483890558,34.439933054],[132.484484721,34.440017775],[132.485142218,34.440145279],[132.485874449,34.440304441],[132.486765551,34.440548333],[132.487359728,34.440749722],[132.487794721,34.440940559],[132.488186939,34.441152775],[132.488537224,34.441375559],[132.488890364,34.441666667],[132.488897781,34.441672775],[132.489248055,34.442075829],[132.489449728,34.442394162],[132.489619442,34.442861108],[132.489626939,34.442893613],[132.489729729,34.443346387],[132.489765837,34.443338892],[132.489872218,34.443317224],[132.490266939,34.443241667],[132.490353062,34.443225279],[132.490504163,34.443197495],[132.490797782,34.443143333],[132.491178885,34.443072775],[132.491310558,34.443048613],[132.491666667,34.443004972],[132.491899442,34.442976387],[132.492337497,34.442912776],[132.49259917,34.442852775],[132.492818327,34.442810279],[132.493335551,34.442691946],[132.493586667,34.442624721],[132.493734995,34.442582225],[132.494127497,34.442395],[132.494360558,34.442260559],[132.494494995,34.442175828],[132.494641855,34.442056892],[132.494652775,34.442048054],[132.494893061,34.441843054],[132.495087497,34.441722775],[132.495264163,34.441669721],[132.495274164,34.441666667],[132.495702503,34.441535828],[132.495928612,34.441465],[132.496111115,34.441392225],[132.496256109,34.441286388],[132.496450272,34.441109721],[132.496556109,34.440911667],[132.496641388,34.440720829],[132.496800272,34.440307225],[132.497015551,34.440268333],[132.497241946,34.440286109],[132.497475279,34.44031556],[132.497583606,34.440321946],[132.49785083,34.440337495],[132.498548885,34.440354721],[132.498773605,34.440326946],[132.499180273,34.440301108],[132.499527782,34.440326945],[132.49973166,34.440360559],[132.499928613,34.44041],[132.5,34.440458667],[132.500088326,34.440518893],[132.500110271,34.440671667],[132.50007389,34.440955],[132.50013917,34.44118],[132.500313333,34.441318054],[132.500516668,34.441478053],[132.50067847,34.441666667],[132.500691116,34.441681387],[132.500756395,34.441790279],[132.500758327,34.442039441],[132.500676395,34.442258892],[132.500635837,34.442360559],[132.500602556,34.442461305],[132.500574722,34.442545559],[132.500567782,34.442901108],[132.500608612,34.443137775],[132.500723891,34.443621946],[132.500785279,34.443920829],[132.500989442,34.444484162],[132.50106166,34.444674162],[132.501112504,34.444790279],[132.501148885,34.444877496],[132.501302218,34.444900829],[132.502178612,34.444782495],[132.502681946,34.444754441],[132.503178054,34.444771108],[132.503252503,34.444771108],[132.503443062,34.444827774],[132.503572218,34.444884162],[132.503761946,34.444994441],[132.503785551,34.445008333],[132.504003606,34.445182775],[132.504177223,34.445396667],[132.504204449,34.445446947],[132.504294163,34.445727495],[132.504366667,34.445901667],[132.504511947,34.446032494],[132.50478083,34.446192225],[132.505296394,34.446489999],[132.505443334,34.446556667],[132.505517497,34.446590279],[132.505795525,34.44671644],[132.506039442,34.446827225],[132.506429727,34.446933333],[132.506691115,34.446933333],[132.506930272,34.446900559],[132.507371945,34.446787495],[132.507606667,34.446678892],[132.507788054,34.446613613],[132.508006109,34.446461108],[132.508216939,34.446308613],[132.508267782,34.446286946],[132.508333332,34.446313198],[132.508376668,34.446330559],[132.508478327,34.446432226],[132.50860917,34.446620829],[132.508747224,34.446744441],[132.508841387,34.446758892],[132.508935838,34.446758893],[132.508986666,34.446708054],[132.50905917,34.446606387],[132.509168327,34.446374163],[132.509313607,34.446134441],[132.509436939,34.446047225],[132.50963306,34.445981945],[132.509814722,34.445967224],[132.509996394,34.445952776],[132.510186109,34.445954441],[132.510519441,34.446003613],[132.510773607,34.446003613],[132.510948054,34.445996387],[132.511117497,34.445942775],[132.511224163,34.445821946],[132.511354994,34.445618614],[132.511470558,34.445340279],[132.512466394,34.445691107],[132.512798884,34.445851468],[132.513265279,34.446076387],[132.513715551,34.446286946],[132.513882245,34.446388225],[132.514086108,34.446512224],[132.514289442,34.446701108],[132.514373334,34.446846667],[132.514427497,34.446940279],[132.514570272,34.447266666],[132.51459083,34.447350829],[132.514733606,34.447835559],[132.514781388,34.447998892],[132.514943333,34.448211945],[132.515177224,34.448389721],[132.515346667,34.448516666],[132.515568612,34.448636667],[132.515808326,34.448753053],[132.516079441,34.448849721],[132.516270559,34.44888],[132.516415279,34.448883613],[132.516552775,34.448873054],[132.516666666,34.448836973],[132.516697497,34.448827226],[132.516842218,34.448760279],[132.516986667,34.448657775],[132.517105837,34.448590559],[132.517357223,34.448494721],[132.517586394,34.448428613],[132.517873891,34.448381667],[132.517968885,34.448376387],[132.518037224,34.448353892],[132.518213606,34.448320001],[132.518371388,34.448262225],[132.518523061,34.448135278],[132.518669443,34.447942494],[132.518994164,34.447450829],[132.519170558,34.447260559],[132.519274449,34.447187774],[132.519437224,34.447142775],[132.520008612,34.447109162],[132.520321114,34.447083892],[132.520537224,34.447039161],[132.520543333,34.447037775],[132.520677498,34.446981387],[132.521012503,34.446858054],[132.521174163,34.446805],[132.521259442,34.446776946],[132.521496109,34.446716108],[132.521608884,34.446705559],[132.521700558,34.446726667],[132.521820558,34.446761946],[132.521982776,34.446850279],[132.522278611,34.447062775],[132.522562218,34.447262775],[132.52273,34.447346387],[132.52277472,34.447368892],[132.523275838,34.447667775],[132.523502218,34.447734441],[132.523943891,34.447751108],[132.524025551,34.44774583],[132.524316109,34.447756387],[132.524596668,34.447835828],[132.52486166,34.447942775],[132.524950001,34.447971109],[132.524999999,34.44798136],[132.525082775,34.447998332],[132.525215279,34.448025279],[132.525738327,34.44805],[132.525813062,34.448122776],[132.52583389,34.448162495],[132.52585917,34.448333892],[132.525779169,34.448922775],[132.525775279,34.449111108],[132.525820272,34.449311387],[132.526024163,34.449717224],[132.526130143,34.449999999],[132.526186667,34.45015083],[132.526309169,34.450415559],[132.526465551,34.450838054],[132.526587782,34.45121],[132.526675551,34.451435],[132.526778612,34.451687225],[132.526809728,34.451798333],[132.526854994,34.451959441],[132.52690472,34.452221667],[132.526914163,34.452612226],[132.526944449,34.452755829],[132.52704083,34.452954721],[132.527104721,34.453169721],[132.527165551,34.453417775],[132.527213606,34.453592225],[132.527283333,34.453848613],[132.527369728,34.454080829],[132.527462776,34.454210559],[132.527522217,34.454293333],[132.527721115,34.454528892],[132.527886109,34.454803613],[132.52792,34.454927775],[132.527940272,34.455068054],[132.527940558,34.455299441],[132.527940558,34.455501946],[132.527923891,34.455608054],[132.527927224,34.455701108],[132.52796445,34.455791387],[132.528186939,34.455934162],[132.528346109,34.455970559],[132.528518885,34.456020559],[132.528887223,34.456209721],[132.529182503,34.456385559],[132.529547497,34.456654441],[132.53004166,34.457112225],[132.530172776,34.457270279],[132.530740273,34.458153054],[132.530846394,34.458333332],[132.531005837,34.458604162],[132.531268327,34.458994721],[132.531282776,34.459016667],[132.53145917,34.459285829],[132.531679728,34.459622225],[132.531749442,34.459808055],[132.531779442,34.459947225],[132.531789169,34.460040279],[132.531766109,34.460123334],[132.531719727,34.460173054],[132.531570272,34.460289162],[132.53146083,34.460358891],[132.531354449,34.460425279],[132.531274994,34.460505001],[132.531278054,34.460650559],[132.531318612,34.460740558],[132.531593061,34.461101107],[132.531665551,34.461298332],[132.531685837,34.461337495],[132.531767223,34.461472775],[132.531808054,34.461573892],[132.531814449,34.461644441],[132.531814721,34.461647225],[132.531864994,34.461761107],[132.531951387,34.461854162],[132.532064163,34.461927225],[132.532339442,34.461984441],[132.532721114,34.462160279],[132.53295,34.462279722],[132.533162503,34.462392495],[132.533333333,34.462463388],[132.533474448,34.462521946],[132.533666939,34.462578334],[132.533820273,34.462599441],[132.533863062,34.462604162],[132.533902503,34.462608333],[132.534001946,34.462625],[132.534154721,34.462691387],[132.534390271,34.462843892],[132.534572775,34.463],[132.534907782,34.463315279],[132.534974163,34.463345],[132.535013891,34.463331667],[132.535080272,34.463271946],[132.535269442,34.463053054],[132.535418145,34.462917197],[132.535484993,34.462856108],[132.53573083,34.462686946],[132.535969728,34.462574163],[132.536235279,34.462474441],[132.536523891,34.462368334],[132.536797497,34.462261387],[132.537354994,34.462154442],[132.537783332,34.462079721],[132.53831083,34.462026666]]},"properties":{"city_code":"34102","city_name":"東区","prefecture_code":"34","prefecture_name":"広島県"}},{"type":"Feature","geometry":{"type":"LineString","coordinates":[[132.402879689,34.314953225],[132.40286061,34.314926225],[132.402833411,34.314915],[132.402781776,34.314903829],[132.402730117,34.314888162],[132.40264297,34.314811694],[132.402618419,34.314773414],[132.402604721,34.314726108],[132.402615421,34.314667494],[132.402628859,34.31462464],[132.402620415,34.314516468],[132.402652866,34.314457802],[132.402685253,34.314385613],[132.402706914,34.314360775],[132.402747562,34.314329135],[132.402769222,34.314306559],[132.402774579,34.314275],[132.402777173,34.314232161],[132.402763502,34.314196135],[132.402725356,34.31415564],[132.402695383,34.314121892],[132.402676226,34.314074586],[132.40265166,34.314034055],[132.402610752,34.313975559],[132.402569883,34.313926027],[132.402542633,34.313896775],[132.40253166,34.313863],[132.402539688,34.31381564],[132.402534034,34.313739027],[132.402520312,34.313687225],[132.402484838,34.313630946],[132.402443968,34.313583667],[132.402405837,34.313545441],[132.402389416,34.31350264],[132.402388911,34.313326829],[132.402375188,34.313279532],[132.402369494,34.313182613],[132.402355772,34.313135306],[132.402344812,34.313090252],[132.4023493,34.31307536],[132.402396693,34.313038667],[132.402438755,34.313001802],[132.402430636,34.312975946],[132.402417756,34.312952641],[132.401782698,34.312421802],[132.401786005,34.312388108],[132.401796744,34.312347532],[132.401807523,34.312318199],[132.401810143,34.312277613],[132.401804618,34.312246081],[132.401793671,34.312219054],[132.401771855,34.312194306],[132.401750078,34.312174055],[132.401714721,34.312153829],[132.401665745,34.312131386],[132.40163856,34.312120162],[132.401616809,34.312108946],[132.40160319,34.312099947],[132.401595032,34.312090946],[132.401587173,34.312079775],[132.401578079,34.312060054],[132.40157511,34.312046919],[132.401581244,34.312025613],[132.401602866,34.311985],[132.401613645,34.311946666],[132.401621582,34.311876775],[132.401607755,34.311788893],[132.401602141,34.311725802],[132.401612802,34.311646892],[132.40161275,34.311590559],[132.401601698,34.311522946],[132.40154978,34.311408108],[132.401533411,34.311387829],[132.401514383,34.311381108],[132.401498146,34.311405946],[132.401495525,34.311439747],[132.401503839,34.311491585],[132.401503969,34.311547946],[132.40147983,34.311699],[132.401474578,34.311762108],[132.401488366,34.311829694],[132.401513022,34.311906279],[132.40152131,34.311953613],[132.401513307,34.31200772],[132.401491778,34.312079892],[132.401467446,34.312124999],[132.401440389,34.312163387],[132.401429728,34.312231027],[132.401410856,34.312285135],[132.401419196,34.312350495],[132.40143297,34.31242936],[132.401438613,34.312496973],[132.401436084,34.312562333],[132.401398418,34.31269764],[132.401374137,34.312763054],[132.401339169,34.312875803],[132.40132847,34.312943441],[132.401328664,34.313012694],[132.40132869,34.313024586],[132.401334332,34.313092198],[132.401358975,34.313166533],[132.401405383,34.313249829],[132.401443671,34.313335414],[132.40147917,34.313405225],[132.401522828,34.313479531],[132.401604747,34.313632614],[132.401651141,34.313704667],[132.401692024,34.313760945],[132.401693476,34.313767865],[132.401688171,34.313779333],[132.40168786,34.31378764],[132.401689416,34.313794749],[132.401703022,34.313810495],[132.40173572,34.313839721],[132.401760246,34.313869],[132.401782088,34.313911775],[132.401787588,34.313938802],[132.401798521,34.313959081],[132.40192939,34.314127865],[132.401951194,34.314163893],[132.40196214,34.314188667],[132.401975838,34.314226946],[132.401995032,34.314290027],[132.402014137,34.314328307],[132.40204144,34.314375586],[132.40207144,34.31441836],[132.402106861,34.314461109],[132.402117109,34.314471279],[132.402128003,34.314480279],[132.402144228,34.314489892],[132.402158366,34.314496081],[132.402235032,34.314632162],[132.402284061,34.314683919],[132.402314034,34.314717667],[132.402330441,34.314760442],[132.402344163,34.314812252],[132.402363333,34.314861802],[132.402387886,34.314897829],[132.402442335,34.31494056],[132.402510272,34.314953946],[132.402570025,34.314949306],[132.402610751,34.314942468],[132.402646109,34.314964946],[132.402667951,34.314994225],[132.4026762,34.315034748],[132.402692776,34.315136162],[132.402722776,34.315181162],[132.402769053,34.315214892],[132.402815357,34.31525764],[132.402856226,34.315298135],[132.402878029,34.31532964],[132.402897109,34.315345387],[132.402907952,34.315340865],[132.40291869,34.315298001],[132.402926693,34.315239387],[132.402931946,34.315174027],[132.402953607,34.315151441],[132.40296166,34.315122108],[132.40296428,34.315081532],[132.40296144,34.315045468],[132.402945058,34.315013972],[132.402904229,34.314977973],[132.402879689,34.314953225]]},"properties":{"city_code":"34103","city_name":"南区","prefecture_code":"34","prefecture_name":"広島県"}},{"type":"Feature","geometry":{"type":"LineString","coordinates":[[132.463027224,34.316879054],[132.463133217,34.316741747],[132.463154501,34.316699135],[132.463161245,34.316666667],[132.463172633,34.316612081],[132.46317389,34.316590802],[132.463173411,34.316554586],[132.46319581,34.316525747],[132.463248366,34.316513829],[132.463341724,34.316516027],[132.463442141,34.316525612],[132.463488521,34.316523162],[132.463553645,34.316527054],[132.463611855,34.316523135],[132.463665694,34.316507226],[132.463698223,34.316485135],[132.463720584,34.316448306],[132.463746888,34.316419468],[132.463758949,34.316390252],[132.463766471,34.316337829],[132.463769417,34.316304387],[132.463779467,34.316263333],[132.46384061,34.316158414],[132.463871025,34.316127441],[132.463905305,34.316046108],[132.463981505,34.315718108],[132.464018781,34.315691892],[132.464066446,34.315679495],[132.464094306,34.315663027],[132.464134332,34.315609028],[132.464199338,34.315555865],[132.464234811,34.315541054],[132.464259274,34.315519829],[132.464264279,34.315516198],[132.464287612,34.315482054],[132.464311193,34.315421252],[132.464319274,34.315397694],[132.464337005,34.315374108],[132.464401752,34.315338252],[132.46442428,34.315317027],[132.46446017,34.315293387],[132.464497082,34.315288],[132.4645355,34.315277252],[132.464577717,34.315260748],[132.464628885,34.315255946],[132.464668327,34.315259279],[132.464707082,34.315249802],[132.464725811,34.315228748],[132.464737951,34.315187613],[132.464744669,34.315156306],[132.464736978,34.315129721],[132.464718003,34.315111198],[132.464699856,34.315079865],[132.464690079,34.314833027],[132.464712672,34.314644279],[132.464707367,34.314618775],[132.464702477,34.314558387],[132.464692218,34.31448936],[132.464663528,34.314396108],[132.464659805,34.314323],[132.464635305,34.314275469],[132.464625772,34.314252586],[132.464623385,34.314221946],[132.464640998,34.314197919],[132.464659494,34.314175775],[132.464662776,34.314145586],[132.464678081,34.314116865],[132.46471978,34.314106108],[132.464747807,34.314100721],[132.464767562,34.314095999],[132.464841415,34.31406364],[132.46490144,34.314015693],[132.464985551,34.313956892],[132.46503511,34.313864359],[132.465078586,34.313805919],[132.465110195,34.31374228],[132.465114112,34.31371064],[132.465102672,34.313677108],[132.465092219,34.313607559],[132.465063165,34.313560639],[132.465051997,34.313539865],[132.465040804,34.313510468],[132.465042633,34.313472161],[132.465065305,34.313435495],[132.465099417,34.313398359],[132.465128755,34.313371252],[132.465185499,34.313343802],[132.465242634,34.31327964],[132.465277497,34.313215441],[132.465307951,34.313187614],[132.465333385,34.313136892],[132.465336305,34.313096667],[132.465325032,34.312985973],[132.465300415,34.312908495],[132.465280947,34.31286572],[132.46526105,34.312805829],[132.46525725,34.312773468],[132.465260726,34.312743802],[132.465280077,34.312687864],[132.465286809,34.312654306],[132.465289883,34.312629748],[132.465302751,34.312585639],[132.465290363,34.312548802],[132.465254747,34.312494252],[132.465154643,34.312394135],[132.465092114,34.312287108],[132.465041725,34.312235747],[132.46500153,34.312201865],[132.464942892,34.312117532],[132.464906693,34.312087945],[132.464825278,34.312042],[132.464758586,34.311993197],[132.464696808,34.311972892],[132.464670635,34.31194436],[132.464618755,34.311805559],[132.464577808,34.311746414],[132.464512438,34.311670865],[132.464494501,34.311606081],[132.464439001,34.311550495],[132.464379275,34.311400333],[132.464355227,34.311300414],[132.464374228,34.311234559],[132.46439367,34.311201613],[132.464394229,34.311171387],[132.464408249,34.311143694],[132.464411245,34.311107613],[132.46445131,34.311064865],[132.464495499,34.311026162],[132.464513358,34.311008468],[132.464526744,34.310981386],[132.464550584,34.310965108],[132.464556719,34.310947776],[132.464570117,34.310923748],[132.464574137,34.310894442],[132.464588495,34.310869162],[132.464602166,34.310835972],[132.464609922,34.310782108],[132.464619805,34.310751973],[132.464622308,34.310718252],[132.464608521,34.310693414],[132.464565616,34.310634279],[132.46455367,34.310607721],[132.464514891,34.310573802],[132.464472336,34.310554441],[132.464420027,34.310544468],[132.464309857,34.310518135],[132.464151752,34.310504027],[132.464102192,34.310502252],[132.464061829,34.310523532],[132.464029442,34.310551468],[132.464022244,34.310569054],[132.463911946,34.310660747],[132.463447977,34.311045667],[132.463188832,34.311047639],[132.463172503,34.311068694],[132.463148328,34.311088864],[132.463126109,34.311100081],[132.463096136,34.311102613],[132.463053528,34.311101081],[132.463026472,34.311096359],[132.462992529,34.311082748],[132.462949805,34.311049495],[132.462760311,34.311043559],[132.462758302,34.310906054],[132.462703412,34.310905198],[132.462706744,34.311048198],[132.462379079,34.311052586],[132.46237,34.311033053],[132.462350778,34.311003054],[132.462349275,34.310982054],[132.462347173,34.310966198],[132.462332826,34.310971918],[132.462319882,34.310965639],[132.462329999,34.310937307],[132.46232786,34.310918],[132.462306005,34.310910135],[132.46228345,34.310919829],[132.462270558,34.310938],[132.462228171,34.310932414],[132.462147445,34.310934865],[132.46207847,34.310933946],[132.462045694,34.310943667],[132.462032697,34.310930081],[132.462003255,34.310925558],[132.461998392,34.310905721],[132.461970611,34.310914198],[132.461937859,34.310931387],[132.461821089,34.311002279],[132.461696329,34.311060198],[132.461613087,34.311077973],[132.461579663,34.311092387],[132.461520389,34.311107387],[132.461477639,34.311125252],[132.461434332,34.311137532],[132.461359144,34.311197225],[132.461306057,34.311270919],[132.461272554,34.311298775],[132.461256719,34.311331973],[132.46124511,34.311367161],[132.461215499,34.311414666],[132.461192477,34.311481441],[132.461173191,34.311560829],[132.461163528,34.311595108],[132.461144306,34.311624279],[132.461140467,34.311647803],[132.46111961,34.311713865],[132.461107808,34.311781694],[132.46108703,34.311804558],[132.461057328,34.311825],[132.461003281,34.311843973],[132.460942996,34.311882973],[132.460892412,34.311925919],[132.460831504,34.31196664],[132.460792893,34.311985306],[132.460743646,34.312013533],[132.460710726,34.312047414],[132.46047572,34.312238414],[132.460449078,34.31226164],[132.460425163,34.312286587],[132.460405694,34.312313667],[132.460391025,34.312346333],[132.460382023,34.312380892],[132.460361829,34.312512667],[132.46035978,34.312544585],[132.460362088,34.312578919],[132.460368275,34.312610468],[132.460376862,34.312641108],[132.460392114,34.312685613],[132.460396719,34.312794054],[132.460290168,34.313051081],[132.460298249,34.313099468],[132.460323087,34.313143225],[132.460369222,34.313288162],[132.46035978,34.313320829],[132.460338418,34.313367495],[132.460328224,34.313403306],[132.460264086,34.313422225],[132.460238145,34.313464387],[132.46020869,34.31349836],[132.460185422,34.313583974],[132.460187173,34.313739865],[132.460178249,34.31380208],[132.460186783,34.313844333],[132.460169027,34.313927333],[132.46019,34.313996532],[132.460240921,34.31407728],[132.460256394,34.314117973],[132.460293451,34.314180467],[132.460292477,34.31418136],[132.460339585,34.31423336],[132.460354773,34.314257495],[132.460350998,34.314299865],[132.460325771,34.314352495],[132.460290272,34.314458893],[132.460276887,34.314514441],[132.460252698,34.31455344],[132.460245253,34.314599802],[132.460250896,34.314627027],[132.460281089,34.314685559],[132.46031939,34.314801414],[132.460331115,34.314856919],[132.460360895,34.31489336],[132.46038703,34.314939081],[132.46047345,34.315045162],[132.460492697,34.315078866],[132.460522335,34.315103306],[132.460536525,34.315122468],[132.460532555,34.315140414],[132.460516252,34.315164279],[132.460506278,34.315205027],[132.460448172,34.315368441],[132.460419105,34.315416828],[132.460413528,34.315463387],[132.460431608,34.315481],[132.46047978,34.315491081],[132.4605107,34.315506613],[132.460506978,34.315562252],[132.460539274,34.315600469],[132.460584837,34.315637694],[132.460636641,34.315664973],[132.460722218,34.315742946],[132.460737808,34.315755973],[132.460774112,34.315766973],[132.460808301,34.315789532],[132.460827952,34.315809748],[132.460830143,34.315876108],[132.460822918,34.315927053],[132.460830117,34.315964919],[132.460807082,34.315999865],[132.46081655,34.316031829],[132.460815967,34.316055748],[132.460821505,34.316082414],[132.460817134,34.316106415],[132.460826446,34.316126946],[132.460845694,34.316103441],[132.460849339,34.316084613],[132.460864695,34.316062108],[132.460874916,34.316035306],[132.460885162,34.316018054],[132.460938807,34.316036414],[132.460959416,34.316060081],[132.461040532,34.316105865],[132.461089922,34.316118559],[132.461144254,34.316150532],[132.461163087,34.316160109],[132.461195888,34.316219721],[132.461259831,34.316272495],[132.461329079,34.316372028],[132.461376667,34.316429082],[132.461424384,34.316466468],[132.461476887,34.316536667],[132.461512945,34.316590667],[132.461547833,34.316654532],[132.461571894,34.316666667],[132.461578418,34.316670027],[132.461639105,34.316687667],[132.461695772,34.316709613],[132.461742386,34.316739776],[132.461777197,34.316778919],[132.461817613,34.316804162],[132.461869559,34.316812135],[132.461919974,34.316805532],[132.461978975,34.316810973],[132.462041751,34.316801081],[132.462104358,34.316806161],[132.462184086,34.316801558],[132.462237108,34.316801441],[132.462269831,34.316807306],[132.462316783,34.31680764],[132.462343695,34.316825694],[132.462359533,34.31685164],[132.462406498,34.316893081],[132.462442698,34.316923108],[132.462485162,34.316979252],[132.46256231,34.31704128],[132.462613747,34.317090198],[132.462635422,34.317126027],[132.462671854,34.317145495],[132.462735551,34.317144],[132.462775357,34.317129027],[132.462809468,34.317090639],[132.46286594,34.317054333],[132.462918418,34.317018252],[132.462973528,34.316968332],[132.463003917,34.316923559],[132.463027224,34.316879054]]},"properties":{"city_code":"34103","city_name":"南区","prefecture_code":"34","prefecture_name":"広島県"}},{"type":"Feature","geometry":{"type":"LineString","coordinates":[[132.405568755,34.317952946],[132.405579586,34.317946532],[132.405646978,34.317952801],[132.405677302,34.317921198],[132.405684864,34.31789864],[132.405677134,34.317862586],[132.4056662,34.317831054],[132.405660661,34.317797613],[132.405662751,34.317770558],[132.405660532,34.317748027],[132.405651803,34.317739027],[132.405630052,34.317734558],[132.405606161,34.317734612],[132.405581193,34.317741054],[132.405551854,34.317750135],[132.405535615,34.317768198],[132.405521582,34.317793387],[132.405487108,34.317908027],[132.405462243,34.317948666],[132.405408054,34.318000973],[132.405395058,34.318016387],[132.40538642,34.318028054],[132.40538428,34.318043468],[132.405386472,34.318055081],[132.405395189,34.318064081],[132.405413696,34.318065946],[132.405429974,34.318064027],[132.405449533,34.318059467],[132.405467977,34.318047801],[132.405495058,34.318027829],[132.405549222,34.317969135],[132.405557886,34.317955586],[132.405568755,34.317952946]]},"properties":{"city_code":"34103","city_name":"南区","prefecture_code":"34","prefecture_name":"広島県"}},{"type":"Feature","geometry":{"type":"LineString","coordinates":[[132.404901025,34.318146198],[132.404859727,34.318141775],[132.404821699,34.318143749],[132.404781479,34.318132919],[132.404740169,34.318128468],[132.404705447,34.318142082],[132.404675084,34.318164666],[132.404653411,34.318189136],[132.404637224,34.318225252],[132.404613412,34.318259441],[132.404583061,34.318286559],[132.404559248,34.318327162],[132.40453983,34.318372306],[132.404521506,34.318419306],[132.404512919,34.318458],[132.404516278,34.318495946],[132.404521803,34.318530108],[132.404545811,34.318561613],[132.404592633,34.318603973],[132.404632944,34.318635468],[132.404654747,34.318660586],[132.404696277,34.318750639],[132.404750895,34.318847108],[132.404769559,34.318914694],[132.404789144,34.318923666],[132.404816329,34.31893072],[132.404856551,34.318937054],[132.404900027,34.318939586],[132.404952167,34.318934973],[132.404992309,34.318914252],[132.405024864,34.318898775],[132.405057367,34.318867135],[132.405093113,34.318823892],[132.405116887,34.318776892],[132.405133061,34.318736279],[132.405157913,34.318691135],[132.405190272,34.318605441],[132.405192334,34.318566748],[132.405192244,34.318528802],[132.405184526,34.31849464],[132.40516817,34.31846764],[132.405162672,34.318447721],[132.405173476,34.318427054],[132.405189728,34.318404469],[132.405191803,34.318380055],[132.405184137,34.318359414],[132.405162361,34.318336919],[132.405140558,34.318312532],[132.405113307,34.318285532],[132.405088249,34.318263027],[132.405017497,34.318218108],[132.404984863,34.318200135],[132.404960895,34.31817764],[132.404928222,34.318155162],[132.404901025,34.318146198]]},"properties":{"city_code":"34103","city_name":"南区","prefecture_code":"34","prefecture_name":"広島県"}},{"type":"Feature","geometry":{"type":"LineString","coordinates":[[132.446064994,34.321007495],[132.446024448,34.321001945],[132.445990557,34.321046946],[132.445976939,34.321108893],[132.446017497,34.321159721],[132.446078327,34.321159721],[132.446098885,34.321142775],[132.446112219,34.321097775],[132.446085279,34.321024441],[132.446064994,34.321007495]]},"properties":{"city_code":"34103","city_name":"南区","prefecture_code":"34","prefecture_name":"広島県"}},{"type":"Feature","geometry":{"type":"LineString","coordinates":[[132.444993333,34.322928333],[132.444952503,34.322922775],[132.44485083,34.322984721],[132.444850829,34.323024163],[132.444887497,34.323058612],[132.444900311,34.323104586],[132.444952502,34.323142495],[132.445020272,34.323114441],[132.445040829,34.323088333],[132.445040829,34.323033333],[132.445011505,34.322990198],[132.444993333,34.322928333]]},"properties":{"city_code":"34103","city_name":"南区","prefecture_code":"34","prefecture_name":"広島県"}},{"type":"Feature","geometry":{"type":"LineString","coordinates":[[132.440888171,34.325891667],[132.440915279,34.325875468],[132.440933774,34.325879946],[132.440955447,34.32586636],[132.44096083,34.325852829],[132.440969533,34.325852801],[132.440980363,34.325839279],[132.440993359,34.325828333],[132.441009611,34.325812163],[132.441007393,34.325796748],[132.441009559,34.325792225],[132.441012776,34.325780586],[132.441003995,34.325760694],[132.441001778,34.32574456],[132.440996278,34.325720135],[132.440998418,34.325713001],[132.441003838,34.325708495],[132.441014695,34.325702053],[132.441074384,34.325681278],[132.441117833,34.325670279],[132.441204695,34.325652054],[132.441294837,34.325635721],[132.441338275,34.325629225],[132.44136,34.325624668],[132.441392581,34.32562008],[132.44144367,34.325615441],[132.441463217,34.325615414],[132.441490363,34.325610829],[132.441519688,34.325608162],[132.441546861,34.325608108],[132.441563164,34.325610667],[132.441579468,34.325610641],[132.441590363,34.32561964],[132.441609975,34.325628614],[132.441620804,34.325625973],[132.441637172,34.325637559],[132.441661115,34.325651027],[132.441666667,34.325650108],[132.441677393,34.325648387],[132.441715525,34.325675333],[132.441731855,34.325688829],[132.441748196,34.325695918],[132.441764552,34.325713918],[132.441786304,34.32571836],[132.441797198,34.325727359],[132.441849468,34.325760694],[132.441876667,34.325767748],[132.441889728,34.32577864],[132.441909339,34.325790225],[132.441933217,34.325787559],[132.441976744,34.325800973],[132.441987588,34.325791947],[132.442012607,34.325800892],[132.442034332,34.325800829],[132.44206917,34.325814279],[132.442088689,34.325809721],[132.44212131,34.325812279],[132.442143061,34.325816721],[132.44216153,34.325812199],[132.442183256,34.325812135],[132.442210467,34.325830108],[132.442262581,34.325813865],[132.442284358,34.325822802],[132.442306083,34.325822775],[132.442311505,34.325820865],[132.442335447,34.325827225],[132.442351751,34.325829775],[132.442378948,34.325836135],[132.442393087,34.325843225],[132.442414864,34.325852198],[132.44245511,34.325872027],[132.442476861,34.325874586],[132.442482309,34.325874586],[132.442493192,34.325883559],[132.442525811,34.325883495],[132.442534501,34.325887974],[132.442545357,34.325885333],[132.442556199,34.325871802],[132.442567056,34.325876279],[132.442580052,34.325865333],[132.442607174,34.325840108],[132.442615812,34.325831082],[132.44261795,34.325820161],[132.442634228,34.325813028],[132.442645032,34.325793054],[132.442653696,34.32578592],[132.442661283,34.325776892],[132.442666667,34.325761469],[132.442682918,34.325749803],[132.442680701,34.325731774],[132.442696978,34.325720829],[132.442702335,34.325704667],[132.442696861,34.325689279],[132.442707692,34.325677613],[132.442704358,34.325657694],[132.442713022,34.325646054],[132.44271511,34.325626108],[132.442701971,34.325596468],[132.442712802,34.325585559],[132.442707302,34.325564919],[132.442707276,34.325551387],[132.442714812,34.325531441],[132.442692995,34.325506361],[132.442763502,34.325470134],[132.442796083,34.325459135],[132.442812361,34.325451973],[132.442842749,34.325441],[132.442866641,34.325433829],[132.442935058,34.325418252],[132.442986082,34.325404613],[132.442994773,34.325404613],[132.443000195,34.325401974],[132.443021894,34.325395532],[132.443038171,34.32538836],[132.443049027,34.325386441],[132.443067471,34.325372892],[132.443087056,34.325379252],[132.443105525,34.325377306],[132.443119611,34.325370135],[132.443141362,34.325372721],[132.443159831,34.325372667],[132.443168495,34.325365532],[132.443201115,34.325365468],[132.443208664,34.325354532],[132.443224968,34.325354495],[132.443239079,34.325349946],[132.443246667,34.325340919],[132.443266226,34.325338279],[132.443273801,34.325327334],[132.443293333,34.325324667],[132.443317276,34.325329134],[132.443328106,34.32532272],[132.443360699,34.325315495],[132.443376978,34.325309081],[132.44339869,34.325304532],[132.443463865,34.325297252],[132.443478003,34.325297225],[132.443488859,34.325299802],[132.443510609,34.325299749],[132.443529079,34.325306108],[132.443543256,34.325313198],[132.44354869,34.325319586],[132.443561776,34.325331198],[132.4436,34.325385199],[132.443616329,34.325400586],[132.443630506,34.325412197],[132.44364686,34.325430162],[132.443657756,34.325439162],[132.44367083,34.325445532],[132.443676278,34.32545264],[132.443687173,34.325459027],[132.443703528,34.325477027],[132.443714385,34.325477],[132.443728495,34.32547244],[132.443736136,34.325479559],[132.443752438,34.325481415],[132.443763281,34.325472387],[132.443766525,34.325470467],[132.443784993,34.325465919],[132.443809974,34.325463252],[132.443837107,34.325456802],[132.443858833,34.325449613],[132.443913087,34.325425054],[132.444005305,34.325377162],[132.444059533,34.325340973],[132.444097419,34.325298414],[132.444115811,34.325275865],[132.444121193,34.325262306],[132.444132023,34.325248775],[132.44414611,34.325239721],[132.444142776,34.325219081],[132.444156887,34.325214532],[132.44415358,34.325196533],[132.44414594,34.325185613],[132.444145888,34.325172108],[132.444158911,34.325164947],[132.444158859,34.325151414],[132.44415122,34.325140532],[132.444158807,34.325128891],[132.444164189,34.325117973],[132.444164163,34.325110829],[132.44415869,34.325099946],[132.444151051,34.325088333],[132.444153191,34.325077415],[132.444145551,34.325072919],[132.444134669,34.325063946],[132.444142191,34.325036865],[132.444148782,34.324999999],[132.444150726,34.324989162],[132.444156004,34.324944081],[132.44415808,34.324912495],[132.444163385,34.324876441],[132.444168586,34.324804306],[132.444168365,34.324732162],[132.444171529,34.324703225],[132.444168197,34.324685198],[132.444165941,34.324662667],[132.444160441,34.324640135],[132.44417345,34.324631081],[132.444167978,34.324614973],[132.444176615,34.324601414],[132.444165694,34.324583414],[132.444146083,34.324565441],[132.444146031,34.324550027],[132.444135083,34.324532],[132.444132918,34.324527495],[132.44411869,34.324505],[132.444113191,34.324482468],[132.444110972,34.324464441],[132.444121777,34.324450892],[132.444107588,34.324430279],[132.444107523,34.32441036],[132.444116161,34.324392306],[132.444096524,34.324371694],[132.444105162,34.324356278],[132.444090999,34.324338279],[132.444083256,34.324297721],[132.444074527,34.324290612],[132.444074474,34.324268081],[132.444079805,34.324245532],[132.44408847,34.324230081],[132.44409603,34.324218442],[132.444112283,34.324200359],[132.444123087,34.324186829],[132.444137198,34.324175892],[132.444155578,34.324157802],[132.444274812,34.324058361],[132.444339805,34.323997],[132.444415641,34.323929225],[132.444456835,34.323895666],[132.44451642,34.323836946],[132.444532632,34.32381436],[132.444561894,34.323789134],[132.444583528,34.323762055],[132.444602996,34.323733054],[132.444621362,34.323698865],[132.444646252,34.323667252],[132.444662529,34.323662694],[132.444673385,34.323658162],[132.444673334,34.323644639],[132.444680921,34.323633721],[132.444684112,34.32361756],[132.44468083,34.323611162],[132.444667782,34.323604081],[132.444656913,34.323608613],[132.444642776,34.32360864],[132.44464061,34.323606748],[132.44464275,34.323595108],[132.444646005,34.323590613],[132.444659001,34.323581559],[132.444640507,34.323575197],[132.444642529,34.323530108],[132.444640169,34.323471532],[132.444645384,34.323408387],[132.444639831,34.323367829],[132.44463642,34.323322775],[132.444644384,34.323239],[132.444644812,34.323234495],[132.444644747,34.323211946],[132.444646861,34.323196532],[132.444646808,34.323180387],[132.44465214,34.323146919],[132.444660804,34.323137893],[132.444671634,34.323130748],[132.444677004,34.323103694],[132.444673696,34.323092775],[132.444662776,34.323081162],[132.444666031,34.323072162],[132.444668145,34.323056721],[132.444671362,34.323047721],[132.444662607,34.323031586],[132.444654942,34.323013587],[132.444649468,34.322998162],[132.444640752,34.322986559],[132.444624423,34.322975694],[132.444581193,34.322968613],[132.444564527,34.322941666],[132.444548106,34.32290564],[132.444537173,34.322885721],[132.444529494,34.322865108],[132.444520726,34.322836198],[132.444515188,34.322809136],[132.444512917,34.322779494],[132.444507367,34.322743441],[132.444503995,34.322707387],[132.444503891,34.322675829],[132.444517588,34.322547695],[132.444528197,34.322468414],[132.444528145,34.322448494],[132.444517031,34.322373775],[132.444513671,34.322344829],[132.444533191,34.322340306],[132.444538613,34.322335775],[132.444549415,34.322315108],[132.444556978,34.322295162],[132.44457105,34.322288],[132.44456231,34.32227],[132.444562244,34.322247441],[132.444578495,34.322232],[132.444587134,34.32221844],[132.4445838,34.322197802],[132.444589197,34.322186892],[132.444594578,34.322168865],[132.444592309,34.322141802],[132.444608495,34.322103108],[132.444630117,34.322067001],[132.444632244,34.322060587],[132.444664747,34.322026333],[132.444691829,34.32200183],[132.444727562,34.321963081],[132.4447438,34.32194764],[132.444756809,34.321931468],[132.444767587,34.321911532],[132.444783799,34.321888946],[132.444821556,34.321798694],[132.444835577,34.321771613],[132.444846395,34.321753558],[132.444866667,34.321705775],[132.445255084,34.321455108],[132.445282192,34.321438919],[132.44538345,34.321375332],[132.445423191,34.321364585],[132.445444916,34.321357387],[132.445645642,34.321266774],[132.445683605,34.321248667],[132.44569231,34.321246748],[132.445721608,34.321237667],[132.44573572,34.321235027],[132.445762891,34.321234973],[132.445786809,34.321237532],[132.4457955,34.321239387],[132.445806394,34.321243892],[132.445828171,34.321255468],[132.445855383,34.321275333],[132.44586847,34.321288802],[132.445884812,34.321295919],[132.445898886,34.321286865],[132.445906472,34.321279721],[132.445917367,34.321284198],[132.445942335,34.321277748],[132.445955331,34.321264198],[132.445960726,34.321248027],[132.445974837,34.321243495],[132.445987834,34.321237054],[132.445991052,34.321225414],[132.445987716,34.321205495],[132.445985499,34.321189387],[132.445971335,34.321171387],[132.445938638,34.321144413],[132.445920117,34.321130919],[132.445903774,34.321120054],[132.445867808,34.321088586],[132.445865642,34.321085973],[132.445851479,34.32107508],[132.445849248,34.321058973],[132.445849222,34.321049946],[132.445840468,34.321036442],[132.445821945,34.321018559],[132.445818637,34.32100764],[132.445816446,34.320996028],[132.445823995,34.320980586],[132.445843528,34.320976028],[132.445834746,34.320946387],[132.445834722,34.32093736],[132.445823774,34.320914865],[132.445791052,34.320878865],[132.445774722,34.320865388],[132.445756226,34.320863532],[132.445750778,34.320859028],[132.445739883,34.32084744],[132.445728975,34.320833946],[132.445714774,34.320814054],[132.4457093,34.320800532],[132.445701634,34.320784414],[132.445690701,34.320757387],[132.445685188,34.32073936],[132.445679663,34.320714947],[132.445681829,34.320710442],[132.445692671,34.320703279],[132.445687224,34.320692386],[132.445684968,34.320676252],[132.445692555,34.320667225],[132.445670751,34.320644748],[132.44566856,34.320633829],[132.4456707,34.320626694],[132.445659753,34.320602306],[132.445643359,34.320577198],[132.445621608,34.320570829],[132.445599753,34.320532197],[132.445583333,34.320494279],[132.445566939,34.320471775],[132.445559248,34.320440252],[132.445550441,34.320410613],[132.445539468,34.320379081],[132.445528418,34.320316],[132.445522827,34.32027092],[132.445526005,34.320248387],[132.445525863,34.320201414],[132.445531167,34.320169829],[132.445536589,34.320160802],[132.445544137,34.320149162],[132.445533217,34.320133774],[132.445536446,34.320122135],[132.445538586,34.320108614],[132.445533113,34.320093198],[132.445514616,34.320084225],[132.445505862,34.320070721],[132.445494942,34.320057225],[132.445487301,34.320045613],[132.445467691,34.320032135],[132.445438275,34.320007775],[132.445418665,34.319987162],[132.445407717,34.319969162],[132.445400052,34.319949252],[132.445394552,34.319928613],[132.445377951,34.319836613],[132.445377809,34.319788919],[132.445379883,34.319761865],[132.445395837,34.319660748],[132.44540655,34.319615667],[132.445422671,34.319557026],[132.445438833,34.319520919],[132.445444228,34.319504775],[132.445458249,34.319473162],[132.445465811,34.31945964],[132.445492891,34.319430639],[132.445525384,34.319403532],[132.445539468,34.319394468],[132.445555746,34.319385413],[132.445584994,34.319360198],[132.445593671,34.319346641],[132.445601219,34.319337613],[132.445631505,34.319292467],[132.445632477,34.319290108],[132.445653061,34.319240946],[132.445658418,34.319211279],[132.445652724,34.319134641],[132.44564389,34.319094108],[132.445619857,34.319058081],[132.445594773,34.319031107],[132.445559921,34.319002252],[132.445523968,34.318977162],[132.445494553,34.318948306],[132.445480312,34.318918667],[132.445472581,34.318880721],[132.445467004,34.31883756],[132.445466835,34.318786081],[132.445493527,34.318641748],[132.445504137,34.318560586],[132.445514774,34.318497468],[132.445522192,34.31844072],[132.445525188,34.318362198],[132.445524358,34.318107135],[132.445520999,34.318075613],[132.445515447,34.318039559],[132.445504385,34.317983586],[132.445502115,34.317949414],[132.445501972,34.31791336],[132.445512697,34.317866359],[132.44554183,34.317805081],[132.44561214,34.31770836],[132.445647808,34.317654198],[132.445653256,34.317651559],[132.44566083,34.317647027],[132.445677082,34.317636081],[132.445693333,34.317618027],[132.445707419,34.317604469],[132.445936887,34.317339866],[132.445978054,34.317301829],[132.446032244,34.317256613],[132.446056058,34.317231414],[132.44609725,34.317202387],[132.446339196,34.317418197],[132.446374968,34.317392973],[132.446355356,34.317374973],[132.446391141,34.317352361],[132.446358444,34.317325387],[132.446328106,34.317348],[132.446135188,34.317175253],[132.446872529,34.316666667],[132.447004644,34.316575613],[132.44706655,34.316666667],[132.447157523,34.31680064],[132.447209611,34.316778],[132.447133061,34.316666667],[132.447053476,34.316551054],[132.447604695,34.316321802],[132.448120144,34.316117748],[132.448125551,34.31612036],[132.44813314,34.316106802],[132.448133087,34.316090667],[132.448116447,34.31598964],[132.448105227,34.315886001],[132.448105084,34.315845414],[132.448110363,34.315800333],[132.448118664,34.315678613],[132.448104359,34.31562836],[132.448104332,34.315621919],[132.448098781,34.315583973],[132.448038664,34.315477828],[132.447787471,34.315120387],[132.447765616,34.315086279],[132.447738327,34.315054775],[132.447714359,34.315032306],[132.447692582,34.315014306],[132.447662088,34.314996359],[132.44761856,34.314976532],[132.446541971,34.314441199],[132.446549754,34.314432252],[132.446567393,34.314409495],[132.44624555,34.314246865],[132.446039195,34.314005198],[132.446013645,34.313971162],[132.44572847,34.313626495],[132.445694229,34.313647694],[132.445658444,34.313669225],[132.44508345,34.312949359],[132.4450507,34.312906253],[132.444992892,34.312838775],[132.444927471,34.312769415],[132.444829364,34.312670441],[132.444745616,34.312578613],[132.444700195,34.312048667],[132.444756694,34.312045919],[132.444747886,34.31172136],[132.444715304,34.311721441],[132.444698885,34.311689919],[132.444671582,34.311647532],[132.44461703,34.311575532],[132.444580416,34.311532333],[132.444544773,34.311406279],[132.444512891,34.311293667],[132.444366835,34.310825162],[132.444355837,34.310782721],[132.444344773,34.310726054],[132.444337004,34.310670081],[132.444333606,34.310631414],[132.44433345,34.310581829],[132.444338716,34.310536721],[132.444354747,34.310455559],[132.44436869,34.310401441],[132.444400973,34.310306693],[132.44443,34.310210054],[132.444435305,34.310166866],[132.444432944,34.310117279],[132.444421946,34.310072253],[132.444407664,34.310029802],[132.444385773,34.309975747],[132.444361726,34.30993264],[132.444334423,34.309892108],[132.444271142,34.309809224],[132.444181725,34.309712135],[132.444156668,34.309689667],[132.444116355,34.309658198],[132.444083645,34.309622225],[132.444053113,34.309590721],[132.443998587,34.309521332],[132.443952673,34.309437694],[132.443949805,34.30943028],[132.443960169,34.309404225],[132.443965473,34.309368135],[132.443954254,34.309257361],[132.443943138,34.309185279],[132.443937471,34.309111279],[132.443931855,34.309061694],[132.443912997,34.308941919],[132.443902048,34.308914892],[132.443880195,34.30887436],[132.443866005,34.308851865],[132.443865837,34.308802279],[132.443873995,34.308647109],[132.443879275,34.308597496],[132.443890144,34.308597468],[132.44392275,34.308603802],[132.44394109,34.308561108],[132.444038859,34.308333333],[132.444235447,34.307875441],[132.44452847,34.307780107],[132.444508781,34.307741468],[132.444235279,34.307823251],[132.44371703,34.307594693],[132.443687004,34.307581495],[132.44314886,34.307344225],[132.443152477,34.307320803],[132.443154578,34.307298252],[132.4431545,34.307271225],[132.443141361,34.307246801],[132.443117004,34.307218027],[132.44317572,34.307115999],[132.443132166,34.307093559],[132.443067302,34.307192892],[132.44303489,34.307247054],[132.44300786,34.307283162],[132.442728144,34.307160467],[132.442620532,34.307113279],[132.442363748,34.30700064],[132.442477198,34.30680844],[132.442424968,34.306788613],[132.442354721,34.306901468],[132.442304579,34.306982054],[132.442135279,34.306906468],[132.441721854,34.306729],[132.441691414,34.306720027],[132.441666667,34.306716667],[132.441658807,34.306715612],[132.441631634,34.306715667],[132.441607756,34.306722829],[132.441580636,34.306733802],[132.441550246,34.306747414],[132.44142847,34.306716108],[132.441387523,34.306817999],[132.441369222,34.306869532],[132.441353022,34.306901108],[132.441331387,34.306935333],[132.441304332,34.306966946],[132.441277276,34.306995946],[132.441246913,34.307018559],[132.441201388,34.307048333],[132.441094332,34.307099892],[132.441035305,34.307089252],[132.440989664,34.307084865],[132.440902698,34.307073414],[132.440866861,34.307073495],[132.440855901,34.30707482],[132.440821543,34.307059694],[132.440814708,34.307072225],[132.44073419,34.307037739],[132.440709104,34.307008865],[132.440681856,34.30698636],[132.440630661,34.306947803],[132.44050769,34.306878667],[132.440434773,34.306840135],[132.440380362,34.306815828],[132.440284643,34.306777387],[132.440235694,34.306766586],[132.440190052,34.306762163],[132.440148781,34.306762252],[132.440116199,34.306766829],[132.44007908,34.306777586],[132.439597198,34.306533587],[132.43953192,34.306502199],[132.43950144,34.306488721],[132.439472088,34.306477162],[132.439417717,34.306463747],[132.439292673,34.306427973],[132.43920022,34.306403749],[132.439066498,34.306374387],[132.438993671,34.306361027],[132.43890345,34.306347693],[132.438949974,34.306291613],[132.438955358,34.306278081],[132.438957471,34.306257414],[132.438955254,34.306239388],[132.43893345,34.306216918],[132.438769883,34.306035054],[132.43875039,34.30604864],[132.438928106,34.306251081],[132.438933606,34.306264586],[132.438928224,34.306280027],[132.438917393,34.306293586],[132.438825383,34.306395559],[132.438717082,34.306505892],[132.43834083,34.306058559],[132.438324448,34.306036054],[132.438305109,34.305996774],[132.438637589,34.305873533],[132.438628833,34.305857666],[132.438616472,34.30583236],[132.438286834,34.305956613],[132.438277419,34.305934359],[132.438269689,34.305902829],[132.438258715,34.305864891],[132.438238911,34.305785693],[132.438220117,34.305686559],[132.438163411,34.304983441],[132.438323113,34.304978586],[132.4383207,34.304900081],[132.438157756,34.304906829],[132.438118275,34.30446064],[132.438257717,34.303903973],[132.438894253,34.303530306],[132.438898586,34.303527775],[132.439908145,34.302942027],[132.439940661,34.302922027],[132.440247562,34.302747414],[132.440292918,34.302668802],[132.440301583,34.302657135],[132.440333995,34.302607495],[132.440745914,34.302322586],[132.440764332,34.302309001],[132.44084345,34.302250225],[132.440854305,34.302243802],[132.440914034,34.302236559],[132.440973774,34.30223192],[132.441024811,34.302225386],[132.441060636,34.302222694],[132.441087808,34.302225251],[132.441120415,34.302225162],[132.441144306,34.302227027],[132.441163891,34.302229585],[132.441182361,34.302235946],[132.44119869,34.302244919],[132.441218301,34.302265533],[132.441231414,34.302289947],[132.441253307,34.302337586],[132.441248002,34.302378162],[132.441245913,34.302405225],[132.44125144,34.30242964],[132.441257005,34.302465693],[132.441264695,34.302497225],[132.44127345,34.302517829],[132.441289831,34.30254036],[132.441319196,34.302555694],[132.44135725,34.302558225],[132.441384384,34.302553667],[132.441414721,34.302531054],[132.441432996,34.302472414],[132.441449223,34.302449828],[132.441474086,34.302411109],[132.44148166,34.302404694],[132.441495772,34.30239564],[132.441503359,34.302393],[132.441525058,34.302383946],[132.441566304,34.302374829],[132.441604332,34.302374748],[132.441655421,34.302377252],[132.441666667,34.302378559],[132.441821804,34.302396802],[132.441834917,34.302417415],[132.441843606,34.302421892],[132.441865357,34.302428252],[132.441892529,34.302432694],[132.441910999,34.302430775],[132.441930532,34.302421694],[132.441946745,34.302401027],[132.441968418,34.302382946],[132.441979274,34.302381027],[132.44200642,34.302373829],[132.442052023,34.302369225],[132.442073747,34.302369198],[132.442106355,34.302371721],[132.442133528,34.302376161],[132.442174811,34.302373468],[132.442234527,34.302362414],[132.442288716,34.302330748],[132.442312581,34.302312666],[132.442339637,34.302282946],[132.442355863,34.302258468],[132.442369883,34.302226892],[132.442386031,34.302186279],[132.442396667,34.302116027],[132.442396498,34.302064532],[132.442390946,34.302025865],[132.442387523,34.301980802],[132.44239061,34.301924802],[132.442395966,34.301897749],[132.442403476,34.301870694],[132.442397912,34.301834641],[132.442397834,34.301809468],[132.442403191,34.301780532],[132.442406421,34.301768891],[132.442411777,34.301753469],[132.442428004,34.301730892],[132.442457276,34.301708279],[132.442473502,34.301692108],[132.442487588,34.301681162],[132.442495162,34.301667613],[132.442498328,34.301645081],[132.442497756,34.301496306],[132.442499805,34.301460252],[132.442499728,34.301437721],[132.442502918,34.301415162],[132.442502801,34.301385496],[132.442491855,34.301353974],[132.442477639,34.301325054],[132.442450272,34.301262026],[132.44242297,34.301221495],[132.442382608,34.301172],[132.442366252,34.301149495],[132.44234659,34.301113495],[132.442346498,34.301090946],[132.442351828,34.301061279],[132.442362581,34.301029694],[132.442367913,34.300996252],[132.442371051,34.300960162],[132.442370946,34.300928613],[132.442373023,34.300894441],[132.442376226,34.300876387],[132.442378327,34.300856469],[132.44238153,34.300842946],[132.442397716,34.300808721],[132.442421556,34.300790639],[132.442454112,34.300775163],[132.442479053,34.300766081],[132.4425062,34.300754387],[132.442527887,34.300749829],[132.442562607,34.300736226],[132.442598366,34.300704614],[132.442668808,34.300652973],[132.442728327,34.300585225],[132.442752115,34.300541973],[132.442762865,34.300513],[132.442768223,34.30049236],[132.442779027,34.300467892],[132.442782193,34.300440829],[132.442770973,34.300332667],[132.442754617,34.300312054],[132.442732826,34.300298585],[132.442707782,34.300274225],[132.442689222,34.300251721],[132.442658664,34.300211224],[132.442609494,34.300127559],[132.442593113,34.300094162],[132.442579974,34.30006264],[132.442571193,34.300037495],[132.442565668,34.300004054],[132.442566161,34.3],[132.442568833,34.299978892],[132.442581726,34.299938306],[132.442597912,34.299902198],[132.442608715,34.299884135],[132.442624942,34.299866081],[132.442657445,34.299838946],[132.442706227,34.299800892],[132.442731141,34.299782802],[132.442752827,34.299769225],[132.442792945,34.299742081],[132.442823256,34.29971236],[132.442839494,34.299694306],[132.442863217,34.299640136],[132.442866356,34.299606694],[132.442857562,34.299572532],[132.442844423,34.299539108],[132.442830221,34.299516613],[132.442819274,34.299496],[132.442806135,34.299462586],[132.442795188,34.299440054],[132.442784255,34.299410414],[132.442784162,34.299387891],[132.442789534,34.299363441],[132.442813255,34.299309279],[132.442827276,34.299284108],[132.442845642,34.299248],[132.442861855,34.299225414],[132.442875914,34.299202865],[132.442894306,34.299178387],[132.442902944,34.299164829],[132.442924617,34.299146748],[132.442935447,34.299142225],[132.44294847,34.299137694],[132.443008197,34.299124027],[132.44304939,34.299101387],[132.443076524,34.299096829],[132.443094969,34.299087775],[132.443125305,34.299058027],[132.443176109,34.298985802],[132.443190169,34.298967748],[132.443203165,34.298954198],[132.443222633,34.298929695],[132.443238859,34.298907135],[132.443257276,34.298889054],[132.443278949,34.298870973],[132.443298418,34.298850279],[132.44331681,34.298818694],[132.44333297,34.298782585],[132.443338301,34.298751026],[132.44333275,34.298717586],[132.443310947,34.298692469],[132.44329786,34.298679],[132.443240117,34.298625027],[132.443216199,34.298618667],[132.443142309,34.298611721],[132.443109663,34.298596386],[132.443096589,34.298584775],[132.443096498,34.298560333],[132.443107224,34.298515252],[132.443098366,34.298463054],[132.443076328,34.298375586],[132.443084864,34.29832336],[132.443095668,34.298305306],[132.443092335,34.298280865],[132.443070558,34.298262892],[132.44305419,34.298244892],[132.443019339,34.298219802],[132.442999755,34.298208946],[132.442967173,34.298206414],[132.442923696,34.298204613],[132.442899804,34.298206559],[132.442880246,34.298206613],[132.442840078,34.298213802],[132.442793411,34.298229333],[132.442769559,34.298241027],[132.442739145,34.298245613],[132.442726109,34.298241108],[132.442709779,34.298229531],[132.442687978,34.298207027],[132.442660662,34.298166532],[132.442630052,34.298101586],[132.442600441,34.298020532],[132.442591699,34.297999893],[132.442569781,34.297939441],[132.442564254,34.297909802],[132.442556446,34.297853829],[132.442556356,34.297826774],[132.44256389,34.297806108],[132.442585525,34.297777135],[132.442594162,34.297763585],[132.442599559,34.297747441],[132.442601661,34.297727495],[132.44258847,34.297679829],[132.442588366,34.297643775],[132.442601284,34.297607694],[132.442617471,34.297580614],[132.442644526,34.297544468],[132.442666108,34.297503865],[132.442676913,34.297481307],[132.442687665,34.297454225],[132.442693022,34.297431667],[132.442701531,34.297373054],[132.44270358,34.297335081],[132.442717589,34.297299],[132.442749948,34.297228694],[132.442787666,34.297136559],[132.442806083,34.297118467],[132.442814696,34.297097802],[132.442825447,34.297061721],[132.442832996,34.297048198],[132.442847004,34.297007586],[132.442838223,34.296978667],[132.442827302,34.296962558],[132.442778366,34.296947252],[132.4426838,34.296933946],[132.44263489,34.296925108],[132.442602245,34.296909055],[132.442504306,34.296853279],[132.442460778,34.296832748],[132.442362893,34.296796891],[132.442297639,34.296778999],[132.442248781,34.296786252],[132.442227082,34.296795306],[132.442180441,34.296817946],[132.442142554,34.296851495],[132.442099221,34.29688764],[132.442001699,34.296962613],[132.441942049,34.296998802],[132.441885668,34.297030496],[132.441855331,34.297055],[132.441831529,34.297084694],[132.44176655,34.297152468],[132.441757976,34.297184054],[132.441763605,34.29724264],[132.441769169,34.297283199],[132.441767366,34.297393279],[132.441756642,34.297436468],[132.441737224,34.297483496],[132.44171022,34.297531252],[132.441666667,34.297596748],[132.441656161,34.297612532],[132.441607664,34.297725333],[132.441596978,34.297779441],[132.441586329,34.297844468],[132.441573451,34.297892198],[132.441564839,34.297916641],[132.441551894,34.297943721],[132.441524889,34.29799336],[132.441500026,34.298033919],[132.441478392,34.298059108],[132.441432775,34.298063801],[132.44128297,34.298102108],[132.44115061,34.298147468],[132.44110939,34.298165613],[132.441085524,34.298179163],[132.441033501,34.298219864],[132.44099022,34.298269559],[132.440890611,34.298373441],[132.440868949,34.298391532],[132.440793061,34.298441279],[132.440708495,34.298493667],[132.440679196,34.298502748],[132.440654254,34.298518225],[132.440632581,34.298534415],[132.440603307,34.298554415],[132.440567497,34.298568],[132.440516524,34.298590667],[132.440478585,34.298611387],[132.440415693,34.298649495],[132.440391829,34.298667586],[132.440381024,34.298679225],[132.440332244,34.298712775],[132.440296472,34.298735413],[132.440253087,34.298758054],[132.440220532,34.29877164],[132.44019345,34.298787829],[132.440112167,34.298851135],[132.440090467,34.298864694],[132.440066615,34.29887828],[132.440039533,34.29889636],[132.439990779,34.298938945],[132.439963697,34.298966054],[132.439947471,34.298984108],[132.439931219,34.298997667],[132.439893333,34.299042829],[132.439877134,34.299068027],[132.439844695,34.299113198],[132.439828469,34.299142162],[132.439798222,34.299189919],[132.439774449,34.299232441],[132.439717173,34.299320829],[132.439693411,34.299370469],[132.439682673,34.299402054],[132.439668781,34.299476],[132.439677562,34.299498532],[132.439666744,34.299521081],[132.43963642,34.299548197],[132.439620168,34.299557252],[132.43960389,34.299564414],[132.439560442,34.299573532],[132.439503969,34.299578252],[132.439455135,34.299587388],[132.439362866,34.299610108],[132.439332477,34.299619198],[132.439213139,34.299669054],[132.439075357,34.29973436],[132.439048275,34.299750559],[132.439026551,34.299755108],[132.439004838,34.299755162],[132.438968911,34.299739108],[132.438939559,34.299723748],[132.438903645,34.299710306],[132.438874306,34.299703253],[132.438860194,34.299707802],[132.438849339,34.299714946],[132.438841751,34.29972136],[132.438827692,34.299737532],[132.438809364,34.299778135],[132.438793061,34.29978008],[132.438383385,34.3],[132.438236719,34.300078829],[132.438234747,34.300137441],[132.438236939,34.300149054],[132.438245747,34.300180586],[132.438248029,34.300218559],[132.437811829,34.300379893],[132.437808612,34.300393441],[132.43752428,34.300486108],[132.437491505,34.300423081],[132.437450311,34.300450224],[132.437475448,34.30050236],[132.437372335,34.300529641],[132.437242087,34.300567892],[132.437166109,34.300588694],[132.437124863,34.300598775],[132.436929468,34.300647802],[132.436878444,34.300658829],[132.436845888,34.300667919],[132.436775306,34.300677081],[132.43674489,34.300679775],[132.436657977,34.300679973],[132.436576498,34.30067564],[132.436185305,34.300646829],[132.43619039,34.300536748],[132.436144721,34.300529722],[132.43614183,34.300646946],[132.43589725,34.300627559],[132.435840726,34.300620559],[132.435788521,34.300607135],[132.435761362,34.300598199],[132.435701531,34.300575774],[132.435644942,34.300546973],[132.435601414,34.300519999],[132.435576356,34.300502026],[132.43554694,34.300476946],[132.435530584,34.300458947],[132.435510973,34.300434558],[132.435500053,34.300416559],[132.435489144,34.300400441],[132.43546725,34.300353494],[132.435461725,34.300326468],[132.435456082,34.300258865],[132.435453113,34.300010946],[132.435451634,34.3],[132.435447562,34.299970387],[132.435447562,34.299965893],[132.435444254,34.299954252],[132.435427834,34.299911829],[132.435414695,34.299886695],[132.435400506,34.299862306],[132.435376472,34.299817279],[132.435232477,34.299594081],[132.435169028,34.299493162],[132.435136253,34.29943464],[132.435122049,34.29941664],[132.435100195,34.299371613],[132.435092529,34.299350973],[132.435083775,34.299331054],[132.434861894,34.298562612],[132.434850921,34.298533694],[132.43484214,34.298506667],[132.434837004,34.298497306],[132.434845253,34.298495107],[132.434819468,34.298442694],[132.434801803,34.298423441],[132.43477131,34.298403135],[132.434740636,34.298390306],[132.434690778,34.298387001],[132.434690272,34.29840664],[132.434676694,34.298405225],[132.434600661,34.298405387],[132.433948974,34.298445495],[132.433907691,34.298445585],[132.433847912,34.298438586],[132.433815304,34.29842964],[132.433769611,34.29841172],[132.433742387,34.298391865],[132.433720609,34.298373865],[132.433695551,34.298351387],[132.433673748,34.298326279],[132.433646472,34.298290279],[132.433611556,34.298238864],[132.433507639,34.298011198],[132.433444138,34.297856162],[132.433409144,34.297784109],[132.433387328,34.297754495],[132.433367717,34.297736496],[132.433333333,34.297713108],[132.433318717,34.297703162],[132.433302387,34.297694199],[132.433262166,34.297678135],[132.433229533,34.297669198],[132.43319148,34.297660252],[132.433175188,34.297658387],[132.433158885,34.297655802],[132.433196835,34.297637694],[132.433218495,34.297610613],[132.4332238,34.297574532],[132.433234528,34.297533947],[132.433236615,34.297505],[132.433241997,34.297488829],[132.433263606,34.297450829],[132.433274384,34.297421161],[132.433268807,34.297378694],[132.433261051,34.29733364],[132.433239222,34.297299532],[132.43321742,34.297268027],[132.433195578,34.297239108],[132.433168366,34.29721664],[132.433121661,34.297221252],[132.433086914,34.297225828],[132.433034812,34.29724136],[132.432996887,34.297271108],[132.432953527,34.29729564],[132.432910078,34.297302865],[132.432886225,34.297318333],[132.432902607,34.297345333],[132.432888495,34.297352467],[132.432880999,34.297376946],[132.43289192,34.297394947],[132.432891997,34.297422],[132.432894228,34.29744264],[132.432875863,34.297476108],[132.43287808,34.297492252],[132.432870558,34.297510306],[132.432856498,34.297537388],[132.432851167,34.297564441],[132.432854501,34.297591468],[132.432849145,34.297611414],[132.432838366,34.297636586],[132.432818884,34.297668198],[132.432795058,34.297688162],[132.432768054,34.297740414],[132.432768145,34.297767468],[132.432784527,34.297803414],[132.432770506,34.297821559],[132.432711051,34.297920865],[132.432681893,34.297975027],[132.432635383,34.298042747],[132.432611582,34.298069829],[132.432592089,34.298089802],[132.432554189,34.298124054],[132.43252166,34.298146667],[132.432503217,34.298157613],[132.4324707,34.298171225],[132.432454384,34.298175747],[132.432423995,34.298182946],[132.432396861,34.298187494],[132.43237297,34.29818944],[132.432351245,34.298189495],[132.432324034,34.298169641],[132.432313139,34.298165135],[132.432296836,34.298162586],[132.432275058,34.298144586],[132.432244644,34.298149162],[132.432231608,34.298149198],[132.432217446,34.298133802],[132.432179416,34.298133892],[132.432171776,34.298122279],[132.432160921,34.298120387],[132.432144617,34.298122334],[132.432130531,34.298126865],[132.432122918,34.298125],[132.432117445,34.298116],[132.432111997,34.298111494],[132.432103307,34.298108892],[132.43208703,34.298111559],[132.43207939,34.298102559],[132.432068495,34.298099946],[132.432054384,34.298102613],[132.43203808,34.298100028],[132.432027224,34.29809364],[132.432014163,34.298089161],[132.432000026,34.298089198],[132.431989171,34.298091108],[132.431983723,34.298086613],[132.431972867,34.298082136],[132.431959805,34.29807764],[132.431948948,34.298080279],[132.431934837,34.298082225],[132.431927198,34.298068694],[132.431913021,34.298059721],[132.431885864,34.298057892],[132.431864162,34.298064333],[132.431842437,34.298062495],[132.431831608,34.298071532],[132.4318262,34.298080559],[132.43181319,34.298089613],[132.431799079,34.298094135],[132.431793671,34.298100559],[132.431782802,34.298105081],[132.431771946,34.298105107],[132.43176655,34.298114135],[132.431764384,34.29811864],[132.431753554,34.298123161],[132.431737251,34.298123226],[132.431733995,34.298130332],[132.431726446,34.29813936],[132.431712309,34.298139414],[132.431701479,34.298143945],[132.4316993,34.298150333],[132.431685227,34.298157495],[132.431677638,34.298163919],[132.431663579,34.298191],[132.431544228,34.298236333],[132.4315117,34.298254414],[132.431466135,34.298277054],[132.43141192,34.298308748],[132.431354476,34.298349441],[132.431246109,34.298437946],[132.431219053,34.298465027],[132.431135642,34.298543749],[132.430466473,34.299248414],[132.430428585,34.299287162],[132.430399339,34.299311667],[132.430368975,34.299332387],[132.430358145,34.299341414],[132.430331051,34.299368532],[132.430326719,34.299371414],[132.430130506,34.299501586],[132.429984059,34.299605586],[132.429922387,34.299650775],[132.42952367,34.299989721],[132.429511026,34.3],[132.429404475,34.30008728],[132.429350273,34.300125333],[132.428862411,34.300453558],[132.428856615,34.300457865],[132.428849389,34.300453585],[132.428838496,34.300451],[132.428822219,34.300455558],[132.428816809,34.300458162],[132.428802672,34.300451081],[132.428791778,34.300446586],[132.428764643,34.300453776],[132.428682944,34.300383721],[132.428650466,34.300415332],[132.428719079,34.300473802],[132.428710388,34.300476441],[132.428702827,34.300485468],[132.428705032,34.300494468],[132.428697445,34.300505388],[132.428692049,34.300518945],[132.42869428,34.300530559],[132.428694306,34.300541468],[132.428697588,34.300550468],[132.42870306,34.300557586],[132.428638054,34.300618226],[132.42848642,34.300767306],[132.428380246,34.300862198],[132.428336913,34.300896468],[132.428293528,34.300921],[132.428244695,34.300941749],[132.428206615,34.300955333],[132.428128469,34.300979947],[132.428085032,34.300987163],[132.428063307,34.300987198],[132.428041582,34.30098464],[132.428021997,34.300980162],[132.428005694,34.300975694],[132.42798175,34.300964828],[132.427967613,34.300957749],[132.427945837,34.300944279],[132.427918638,34.300924387],[132.427793359,34.300813865],[132.427758495,34.300785],[132.427733475,34.300773414],[132.427706253,34.300755441],[132.427673645,34.300744613],[132.42764428,34.300740161],[132.427602996,34.30073764],[132.427173891,34.300743054],[132.427177109,34.300727639],[132.427168392,34.300720532],[132.427152088,34.300714163],[132.427133606,34.300716081],[132.427119495,34.300718748],[132.427108612,34.30071164],[132.427092308,34.300702667],[132.427076005,34.300702694],[132.427057562,34.300709866],[132.427035811,34.300700892],[132.427016252,34.300700919],[132.426999974,34.300711864],[132.426983696,34.300716414],[132.426965227,34.300714559],[132.426948975,34.300725494],[132.426927276,34.300743586],[132.426918612,34.300746225],[132.426902309,34.30074364],[132.426896835,34.300732747],[132.426880506,34.300721135],[132.426867419,34.300703135],[132.426858664,34.300680613],[132.426840143,34.300662641],[132.426831388,34.300644613],[132.426829169,34.300631081],[132.426807393,34.300615721],[132.426763917,34.300611306],[132.426736783,34.300613252],[132.426725914,34.300615891],[132.426722607,34.300602387],[132.426706305,34.300593387],[132.426679105,34.300584442],[132.426651919,34.300572866],[132.426635642,34.300580026],[132.426619364,34.300581946],[132.426595422,34.300568468],[132.426579105,34.300573027],[132.426570467,34.300582053],[132.42653786,34.300582135],[132.426524839,34.300580252],[132.426513995,34.300591198],[132.426499883,34.300598333],[132.42648358,34.30058936],[132.426454228,34.300584919],[132.426434721,34.300600387],[132.426423892,34.300612027],[132.426399974,34.300609467],[132.426378275,34.300618532],[132.426364188,34.300632081],[132.426353385,34.30064564],[132.426324061,34.300645694],[132.426307782,34.300657361],[132.426296978,34.300672801],[132.426282892,34.300684441],[132.426275305,34.300695388],[132.426255771,34.300704441],[132.426231971,34.300731531],[132.426212607,34.300790162],[132.426215914,34.300808198],[132.426218171,34.300835253],[132.426223671,34.300855892],[132.426221556,34.300873918],[132.426232438,34.300882919],[132.426232529,34.300909945],[132.426229338,34.300932495],[132.426221829,34.300965973],[132.426202361,34.300995667],[132.42618611,34.301011108],[132.426159027,34.301031829],[132.426126471,34.301047307],[132.426061361,34.301069973],[132.425961504,34.301099865],[132.425936524,34.301104414],[132.425912672,34.301110865],[132.425898521,34.301106387],[132.425874616,34.301101946],[132.42585511,34.301120001],[132.425847562,34.301133559],[132.425825837,34.30114072],[132.425806394,34.301174198],[132.425784722,34.301192279],[132.425768521,34.301228386],[132.425750117,34.301249054],[132.425741506,34.301271613],[132.425744813,34.301282532],[132.425736161,34.301300586],[132.425741634,34.301312198],[132.42575253,34.301327586],[132.425744968,34.301343748],[132.425720026,34.301352802],[132.425707029,34.301368252],[132.425685331,34.301375414],[132.425676692,34.301393468],[132.425658249,34.301404414],[132.425641997,34.301420586],[132.425620311,34.301427027],[132.425609468,34.301440586],[132.425589974,34.301452252],[132.425571555,34.301476721],[132.425555357,34.301503802],[132.425546719,34.301524468],[132.425530506,34.301548946],[132.425530584,34.301571468],[132.425512192,34.301596667],[132.425506836,34.301619224],[132.425503646,34.301641775],[132.42549825,34.301661694],[132.42550917,34.301675197],[132.425512502,34.301700359],[132.425523384,34.301711253],[132.425541895,34.301715721],[132.425552803,34.301736333],[132.425577834,34.301751694],[132.425599585,34.30175164],[132.425618029,34.301747108],[132.425623451,34.301745198],[132.4256507,34.301767666],[132.425675745,34.301792053],[132.425688833,34.301810054],[132.425699755,34.301823559],[132.425714449,34.301847801],[132.425716161,34.301868613],[132.425714085,34.301898279],[132.425708754,34.301927225],[132.425700169,34.301961414],[132.425681803,34.301993],[132.425656887,34.302024613],[132.425616835,34.302069775],[132.425586524,34.302098775],[132.425559443,34.302130387],[132.425554059,34.30214656],[132.425495384,34.302145413],[132.425434891,34.302148865],[132.425397562,34.302155613],[132.425370441,34.302170721],[132.425346279,34.302193414],[132.425332218,34.302217693],[132.425326354,34.302249441],[132.425326446,34.302277108],[132.425334553,34.302306306],[132.425349754,34.302338108],[132.425261413,34.302368054],[132.425223139,34.302279865],[132.425179728,34.302293468],[132.425215837,34.302379054],[132.425169144,34.302392667],[132.425218392,34.302509775],[132.425,34.30256764],[132.424684968,34.302651081],[132.424657613,34.30265836],[132.424436835,34.302716892],[132.424461947,34.302779919],[132.42441642,34.302787306],[132.424393579,34.302791],[132.424252335,34.302784892],[132.42415786,34.302794108],[132.424071,34.302809721],[132.424029727,34.302814306],[132.424022088,34.302807919],[132.424002529,34.302805361],[132.423986226,34.30279636],[132.423975305,34.302785468],[132.423962283,34.302782892],[132.423942724,34.302790054],[132.42392428,34.302792],[132.423907952,34.302778495],[132.423888366,34.302776639],[132.423869921,34.302778586],[132.423859027,34.302774081],[132.423815551,34.302769667],[132.423730752,34.302745414],[132.423685084,34.302729386],[132.423647004,34.302714054],[132.423603476,34.302691586],[132.423562115,34.30266464],[132.423523995,34.302635054],[132.423489144,34.302601666],[132.423456446,34.302567586],[132.423401894,34.302495559],[132.423376783,34.302455054],[132.423360389,34.302423532],[132.423349442,34.302396495],[132.423338521,34.302373972],[132.423341751,34.302363081],[132.423354721,34.302346919],[132.423368781,34.302326946],[132.423376329,34.302310802],[132.423387198,34.302301748],[132.423395811,34.302281802],[132.423401193,34.302261161],[132.423417445,34.302250225],[132.423439079,34.302218613],[132.423444475,34.302202468],[132.423452023,34.302193441],[132.423462893,34.302188892],[132.423473695,34.302170866],[132.423487782,34.302155387],[132.423489922,34.302146386],[132.423504034,34.302143748],[132.423522503,34.302139198],[132.42353114,34.302130162],[132.423538755,34.302123748],[132.423552827,34.302119198],[132.423563671,34.302103054],[132.423563606,34.30208764],[132.423574449,34.302078586],[132.423582023,34.302066946],[132.423585253,34.302053414],[132.423579754,34.302035387],[132.423585136,34.302021865],[132.423595965,34.302010919],[132.423584968,34.301970386],[132.423584942,34.301956866],[132.423595746,34.301940694],[132.423595694,34.301922667],[132.423592387,34.30190464],[132.423586913,34.301891108],[132.423590142,34.301875694],[132.423595499,34.301857668],[132.423592192,34.30183964],[132.423581244,34.301817108],[132.423584449,34.301794586],[132.423600532,34.301724306],[132.423600466,34.301706279],[132.423597133,34.301679225],[132.423589442,34.301650306],[132.423578418,34.301600748],[132.423578392,34.301589109],[132.423589222,34.301578198],[132.423607665,34.301569135],[132.423627199,34.301561973],[132.423645642,34.301557414],[132.423672749,34.301541946],[132.423678145,34.301525803],[132.423678081,34.301507749],[132.423672581,34.301485225],[132.423654034,34.301456333],[132.423634423,34.301435802],[132.423610468,34.301422332],[132.423569144,34.301402495],[132.423541946,34.301390946],[132.423525642,34.301386468],[132.423514747,34.30138008],[132.423514695,34.301359441],[132.423507056,34.30134856],[132.42348747,34.301344081],[132.423476589,34.301330587],[132.42347109,34.301309946],[132.423452581,34.301300972],[132.42344166,34.301285586],[132.423430752,34.301267559],[132.423419857,34.301260468],[132.423411141,34.301246946],[132.423394773,34.301231587],[132.423389274,34.301209053],[132.4233762,34.301188414],[132.423343528,34.301168586],[132.423332607,34.301147945],[132.423296667,34.301114587],[132.423289027,34.301101054],[132.42326725,34.301087586],[132.423242218,34.301076],[132.423223696,34.301056135],[132.423212776,34.301038108],[132.423193165,34.30102464],[132.423174696,34.30101756],[132.423152919,34.301004082],[132.423136616,34.300999613],[132.423114838,34.300981613],[132.423098495,34.300972641],[132.423062633,34.300963694],[132.423002866,34.300959306],[132.422984359,34.300950334],[132.422962581,34.300927829],[132.42294083,34.30092336],[132.422904942,34.300914441],[132.422888664,34.300918973],[132.422866913,34.30091],[132.422848417,34.300896533],[132.422821245,34.300894694],[132.422774526,34.300894775],[132.422763645,34.300885775],[132.422752723,34.300867775],[132.422736419,34.300860694],[132.422720026,34.300836305],[132.422706939,34.300822802],[132.422703671,34.300813775],[132.422706861,34.300791252],[132.42269808,34.300761614],[132.422690363,34.300728162],[132.422692477,34.300703],[132.422692412,34.300683081],[132.422679248,34.300647054],[132.4226738,34.300635414],[132.422675914,34.300621892],[132.422679079,34.300585829],[132.422668171,34.30057044],[132.422659416,34.300549802],[132.422664812,34.300536279],[132.422664721,34.300511829],[132.422659222,34.300489306],[132.422640726,34.300473225],[132.422640661,34.300457801],[132.422635136,34.300426251],[132.422626394,34.300403721],[132.422610027,34.30038764],[132.422609974,34.300369613],[132.422607756,34.300347054],[132.422596809,34.300320027],[132.422582606,34.300300135],[132.422569494,34.300275027],[132.422566161,34.300247973],[132.422563943,34.300238973],[132.422555227,34.300220946],[132.42254214,34.300205559],[132.422520363,34.300189468],[132.422503995,34.300169586],[132.422482192,34.300148973],[132.422446304,34.300129135],[132.422413671,34.300115667],[132.422395188,34.300111198],[132.42237555,34.300090613],[132.4223538,34.300079748],[132.422326641,34.300075279],[132.422299442,34.300066333],[132.422280921,34.300043829],[132.422255887,34.300034865],[132.422228665,34.300014279],[132.422223255,34.30001428],[132.422210169,34.300005306],[132.422204617,34.3],[132.422193839,34.299989919],[132.422157912,34.299969333],[132.422125279,34.299953999],[132.422103555,34.299949532],[132.422074163,34.299931559],[132.422054578,34.299924468],[132.422008911,34.299911055],[132.421981751,34.299906613],[132.421965448,34.29990664],[132.421927393,34.299895802],[132.421900247,34.29990036],[132.421862217,34.299897828],[132.421797056,34.299905081],[132.421769922,34.299911559],[132.421744943,34.299914225],[132.421723216,34.299914253],[132.421696083,34.299920721],[132.421668912,34.299923387],[132.421647224,34.299932441],[132.421634227,34.299947892],[132.421598366,34.299946081],[132.421569052,34.29995064],[132.421541921,34.299959721],[132.421531089,34.299966135],[132.421516978,34.299970667],[132.42149852,34.299975226],[132.421471362,34.299973387],[132.421440921,34.299964441],[132.421315773,34.299903468],[132.421266835,34.299876532],[132.421201414,34.299834198],[132.421146913,34.299782107],[132.421139274,34.299766722],[132.4211338,34.299750587],[132.421144643,34.299741559],[132.421155446,34.299728],[132.421157588,34.299709973],[132.421157524,34.299694559],[132.421160725,34.299669386],[132.421160661,34.299658468],[132.421171505,34.299646829],[132.421173606,34.299624279],[132.421171388,34.299604361],[132.421178911,34.299586306],[132.421178911,34.299583694],[132.421189689,34.299550225],[132.421187471,34.299534108],[132.421189585,34.299518667],[132.421181946,34.299509667],[132.421178638,34.299493559],[132.42117642,34.299478135],[132.421167717,34.299475532],[132.421160117,34.299466532],[132.421160052,34.299451108],[132.421156744,34.299437613],[132.421145888,34.299433107],[132.421138223,34.299415108],[132.421127327,34.299412495],[132.421096861,34.29939264],[132.421078418,34.299394586],[132.421048003,34.299399135],[132.421026278,34.299399198],[132.420999105,34.299401865],[132.420982866,34.299417306],[132.420961167,34.299426387],[132.420950362,34.299439919],[132.420934085,34.299447082],[132.420915643,34.29946064],[132.420879806,34.299465226],[132.420869027,34.299487775],[132.420852751,34.29949683],[132.420818003,34.299501414],[132.420790856,34.29950336],[132.420769143,34.299512414],[132.420752827,34.299507946],[132.420725694,34.299512533],[132.420619273,34.29952436],[132.420526978,34.299538081],[132.420497665,34.299547161],[132.420201415,34.299660468],[132.420054915,34.29971036],[132.419922477,34.299742198],[132.419835642,34.299766802],[132.419783555,34.299784946],[132.419745576,34.299803054],[132.419702192,34.299828306],[132.419642555,34.299859972],[132.419559001,34.299896199],[132.4194993,34.299911748],[132.419428754,34.299932532],[132.419333217,34.299957162],[132.419244228,34.299982495],[132.419176135,34.3],[132.419148689,34.300007135],[132.419054254,34.300034387],[132.418869728,34.30007983],[132.418858833,34.300073441],[132.418842529,34.300070891],[132.41882083,34.300079946],[132.418809948,34.300073559],[132.418799053,34.300064559],[132.41877406,34.300064612],[132.418741505,34.300075586],[132.418714332,34.300069252],[132.418692581,34.300066667],[132.418674137,34.300071225],[132.418660051,34.300084775],[132.418641608,34.300093829],[132.418622049,34.300096468],[132.418609079,34.300114559],[132.418603722,34.300134469],[132.418589636,34.30015064],[132.418584254,34.300168694],[132.418584305,34.300182225],[132.418576782,34.300206667],[132.418573581,34.300229199],[132.418582309,34.30024272],[132.418577004,34.300281387],[132.418582477,34.300299414],[132.4185793,34.300323865],[132.418579338,34.300341892],[132.418590246,34.300350892],[132.418582672,34.30035992],[132.418582723,34.300377947],[132.418590363,34.300389559],[132.418601245,34.300403054],[132.418599105,34.300413973],[132.41859917,34.300432],[132.418606809,34.300445532],[132.418610078,34.300448108],[132.418610169,34.300479667],[132.418621051,34.300486054],[132.418634112,34.300490532],[132.418631971,34.300506667],[132.418632023,34.300520198],[132.418628806,34.300533721],[132.418618003,34.300553667],[132.418618054,34.300567197],[132.418612634,34.300578829],[132.418618106,34.30059236],[132.41860725,34.300594279],[132.418590999,34.300607829],[132.418591052,34.300623973],[132.41859655,34.300643892],[132.418588949,34.300648414],[132.418569416,34.300655559],[132.41855642,34.300669108],[132.418556447,34.300673639],[132.418540168,34.300680053],[132.418518495,34.300700748],[132.418518521,34.300709776],[132.418488106,34.300716225],[132.41840131,34.300747973],[132.418357886,34.300761586],[132.418314475,34.300773306],[132.41826886,34.300782414],[132.418222166,34.300784387],[132.418171115,34.300782614],[132.418122191,34.300773694],[132.418070001,34.300762162],[132.418021089,34.300748747],[132.417959105,34.300733441],[132.417912335,34.300717415],[132.417850363,34.300699496],[132.417817755,34.300686054],[132.417763334,34.300661721],[132.417721997,34.300641162],[132.417667588,34.300607829],[132.417665382,34.300596198],[132.41765122,34.300587225],[132.41763275,34.30058536],[132.417618637,34.300587279],[132.417607717,34.300571892],[132.417600078,34.300558388],[132.417589196,34.300551279],[132.41756419,34.300546829],[132.41754572,34.300546865],[132.417523943,34.30052436],[132.417509805,34.300518001],[132.417485888,34.300518054],[132.417458663,34.300495559],[132.417439105,34.300493],[132.417422802,34.300495639],[132.417417367,34.30048664],[132.417417302,34.300470495],[132.417404228,34.300457],[132.417382477,34.300446134],[132.417357497,34.300448081],[132.417349882,34.300443586],[132.417328081,34.300425613],[132.417313969,34.300428251],[132.417313943,34.300419225],[132.417311751,34.300405694],[132.41729,34.300396722],[132.41726825,34.300394162],[132.417257366,34.300389667],[132.417243217,34.300376198],[132.417235551,34.300358162],[132.417224643,34.300344667],[132.417202892,34.300335694],[132.417194163,34.300322198],[132.41718869,34.300306775],[132.417170169,34.300288775],[132.417159274,34.300277198],[132.417161363,34.30025464],[132.417161336,34.300241108],[132.417153672,34.300221198],[132.417155772,34.300203162],[132.417148107,34.300182532],[132.417137198,34.300164532],[132.4171393,34.300144613],[132.417142529,34.300126558],[132.417133774,34.300105946],[132.417142411,34.300092387],[132.41715,34.300083359],[132.417149949,34.300063441],[132.417131388,34.300033802],[132.417128054,34.300006865],[132.417122219,34.3],[132.417114968,34.299991468],[132.417106225,34.299970829],[132.417089832,34.299946441],[132.417071335,34.299934864],[132.417062581,34.299916829],[132.417049493,34.299896945],[132.417033165,34.299885333],[132.417016835,34.299869973],[132.41700808,34.299851946],[132.416994994,34.299838441],[132.416980856,34.299833974],[132.416973216,34.299817865],[132.416969883,34.299795306],[132.416973087,34.299772775],[132.41698066,34.299763748],[132.416986032,34.299741198],[132.416991414,34.299725748],[132.417002283,34.299721225],[132.417013087,34.299705081],[132.417013022,34.299689667],[132.417007562,34.29967164],[132.416996667,34.299664532],[132.416989027,34.299651027],[132.416972672,34.299628532],[132.41694214,34.299597027],[132.416920363,34.299581666],[132.416891025,34.299577225],[132.416863891,34.29958628],[132.416849755,34.299579198],[132.416822582,34.299574721],[132.416800895,34.299581891],[132.41679,34.299581918],[132.416773696,34.299570333],[132.416762775,34.299556829],[132.416740999,34.299538829],[132.416719249,34.299532469],[132.416689883,34.299525414],[132.416679054,34.299534441],[132.416666667,34.299528865],[132.416664915,34.299528081],[132.416626887,34.299523667],[132.416613891,34.299532694],[132.416608444,34.29953008],[132.416572581,34.299532775],[132.416559584,34.299539198],[132.416545473,34.299548251],[132.416532478,34.299555387],[132.416502088,34.299564468],[132.416485837,34.29957992],[132.416483696,34.299591559],[132.416485888,34.299597974],[132.416475032,34.299602495],[132.416467497,34.299625054],[132.416467562,34.299645694],[132.416473022,34.299659198],[132.416462217,34.299677252],[132.41644594,34.299688198],[132.41645144,34.299706225],[132.416456887,34.299715225],[132.41644061,34.299717864],[132.41642655,34.299740441],[132.416426589,34.299755866],[132.416429884,34.29976936],[132.41642122,34.299778414],[132.416377834,34.299801026],[132.416353969,34.299814613],[132.416326887,34.299835306],[132.416247807,34.299909495],[132.416207691,34.299939225],[132.416144812,34.299977306],[132.416094942,34.3],[132.416085136,34.300004468],[132.416036278,34.300020721],[132.415981997,34.300029864],[132.415936394,34.300034441],[132.415900532,34.300034532],[132.415862503,34.300030081],[132.415827691,34.300018532],[132.415795058,34.300000559],[132.415794332,34.3],[132.415759106,34.299973586],[132.415726447,34.299942108],[132.415699196,34.299913225],[132.415677393,34.299881721],[132.415655525,34.299843081],[132.41562825,34.299802559],[132.415609689,34.299771054],[132.415587886,34.299744027],[132.415557392,34.299715162],[132.41553345,34.299699082],[132.415511661,34.299685586],[132.415489922,34.299676613],[132.41546275,34.299672162],[132.415443191,34.299670305],[132.41543555,34.299665829],[132.415408392,34.29966136],[132.415402996,34.299672279],[132.41539978,34.299683919],[132.415388948,34.299692973],[132.415370414,34.299676865],[132.415354136,34.299684027],[132.415340052,34.299699468],[132.415343359,34.299708467],[132.41532166,34.299720135],[132.415313022,34.299738199],[132.415316304,34.299742694],[132.4153,34.299742721],[132.415280532,34.299769803],[132.415278393,34.299785252],[132.415280584,34.29979236],[132.415264306,34.299792387],[132.415253476,34.299803333],[132.415245888,34.299814973],[132.415245915,34.299823973],[132.415229638,34.299825919],[132.415213385,34.299843973],[132.41521345,34.299866495],[132.41519175,34.299875586],[132.415186354,34.299893613],[132.415188586,34.299905252],[132.415180999,34.299909748],[132.415161478,34.299925225],[132.415153917,34.299938748],[132.415150726,34.299959414],[132.415139857,34.299961333],[132.41512144,34.299979388],[132.415116057,34.299995559],[132.41509978,34.299997469],[132.415097445,34.3],[132.415083528,34.300015532],[132.415069468,34.300036225],[132.415067328,34.300054252],[132.415047782,34.30005428],[132.415029364,34.300069747],[132.415015305,34.300090414],[132.415002309,34.300103974],[132.414986057,34.300119414],[132.414986109,34.300132946],[132.41496659,34.300142],[132.414959027,34.300162666],[132.414961244,34.300176162],[132.414948223,34.300178081],[132.41492869,34.300196162],[132.414923333,34.300214198],[132.414926615,34.300218695],[132.414904916,34.300232278],[132.414899534,34.30024392],[132.414899559,34.300259333],[132.414879999,34.30025936],[132.41486917,34.300268415],[132.414858366,34.300289081],[132.414858418,34.300302612],[132.414831284,34.300311667],[132.414820467,34.300331614],[132.414823775,34.300347748],[132.414825966,34.300352252],[132.414807497,34.300358693],[132.414796667,34.300363225],[132.414788003,34.300374866],[132.414782607,34.300388415],[132.414782633,34.300394802],[132.414747912,34.300408387],[132.41473166,34.30042908],[132.414731699,34.300438081],[132.414695888,34.300451694],[132.414693748,34.300467108],[132.414695966,34.300483253],[132.414679728,34.300494198],[132.414666744,34.300516748],[132.414663528,34.300530279],[132.414630922,34.300525829],[132.414609222,34.300534893],[132.414598391,34.300548441],[132.414582113,34.300553],[132.414560415,34.300566559],[132.414544163,34.300575612],[132.414527912,34.300591775],[132.414517082,34.300605333],[132.414511724,34.300627866],[132.414509611,34.300652306],[132.414511894,34.300681973],[132.414522827,34.300713495],[132.414572049,34.300828],[132.414593916,34.300871135],[132.414615772,34.300918054],[132.414624527,34.300940586],[132.414630026,34.300958613],[132.414632244,34.300974721],[132.414630117,34.300990162],[132.414637756,34.300997251],[132.414637808,34.301017198],[132.41464655,34.301037803],[132.414665058,34.301046802],[132.41466511,34.301066721],[132.41467384,34.301075721],[132.414676057,34.301093748],[132.414690195,34.301102721],[132.414701115,34.301120748],[132.414703333,34.301134252],[132.414722918,34.301145865],[132.414728392,34.301163865],[132.41473061,34.301179279],[132.414746978,34.301201694],[132.414752438,34.301215225],[132.414777471,34.301228694],[132.414785136,34.301249305],[132.414785226,34.301271865],[132.41479939,34.30129436],[132.414810311,34.301309748],[132.414828806,34.301318748],[132.41483428,34.301336748],[132.414848443,34.301350252],[132.414877808,34.301352802],[132.41488869,34.301363694],[132.414979196,34.301480721],[132.415063191,34.301597748],[132.415063281,34.301624803],[132.415066614,34.301647333],[132.415077497,34.30166083],[132.415077639,34.301708532],[132.415090726,34.301723919],[132.415094034,34.301740054],[132.415088638,34.301755469],[132.415094137,34.301771613],[132.415101752,34.301777973],[132.415101777,34.301787],[132.415105084,34.301800532],[132.415112724,34.301814027],[132.415123605,34.301821135],[132.415121479,34.301834668],[132.415123696,34.301852695],[132.415132411,34.301857162],[132.415132438,34.301870694],[132.415140077,34.301886081],[132.415154229,34.301890586],[132.415312387,34.30210664],[132.415356057,34.302172279],[132.415396472,34.302248829],[132.4154107,34.302282252],[132.415418392,34.302313774],[132.415423865,34.302327306],[132.415432581,34.302340802],[132.415448948,34.302356919],[132.415461971,34.302356892],[132.415467471,34.302379414],[132.415481608,34.302385776],[132.415492477,34.30238836],[132.415500143,34.302403775],[132.415516472,34.302417252],[132.41553061,34.302421748],[132.415552335,34.302421694],[132.415563165,34.302412667],[132.415584941,34.302426135],[132.415617497,34.302417054],[132.415619637,34.302403531],[132.415630467,34.302399],[132.415650027,34.302398973],[132.415660856,34.302385414],[132.415684695,34.302358306],[132.415744279,34.302302225],[132.415769195,34.302277],[132.415801725,34.302257],[132.415823411,34.302245332],[132.415852723,34.302236253],[132.415893995,34.302234279],[132.415942892,34.302236082],[132.415988521,34.302240495],[132.416062439,34.302251973],[132.416105888,34.302249279],[132.416154747,34.302242775],[132.416219883,34.302231],[132.416344773,34.302215333],[132.416379559,34.302217162],[132.416410027,34.302228721],[132.416437223,34.302242197],[132.416488417,34.302289054],[132.416508029,34.302309667],[132.416515668,34.302318667],[132.416524384,34.302332163],[132.4165407,34.302334026],[132.416556979,34.302327613],[132.41655917,34.302336613],[132.416564644,34.302350108],[132.416573333,34.302354613],[132.416591803,34.302351972],[132.416600531,34.302359054],[132.416622283,34.302372559],[132.416638586,34.302369891],[132.416643995,34.302365387],[132.416657029,34.30236536],[132.416665746,34.30237436],[132.416666667,34.302373892],[132.41667878,34.30236792],[132.416689611,34.302358892],[132.416705914,34.302365252],[132.416722244,34.302374226],[132.416738521,34.302367802],[132.416752633,34.302363279],[132.416830856,34.302367613],[132.416866719,34.302373946],[132.416890661,34.302385532],[132.416912439,34.302403495],[132.4169593,34.302454892],[132.417016031,34.302531415],[132.417037834,34.302556532],[132.417041141,34.302571946],[132.417048781,34.302585441],[132.417068392,34.302603414],[132.417090169,34.302616919],[132.417111921,34.302628495],[132.417122827,34.302642001],[132.417141362,34.302660001],[132.417160947,34.302673468],[132.41719358,34.302684307],[132.417226162,34.302684253],[132.41724795,34.302697722],[132.417264254,34.302702198],[132.417288172,34.302706667],[132.417309882,34.302709224],[132.417331607,34.302709198],[132.417351193,34.302711027],[132.417364254,34.30272264],[132.4173838,34.302722613],[132.417402244,34.302718054],[132.41742183,34.30271992],[132.417434838,34.302715387],[132.417443528,34.302713468],[132.417510856,34.302706199],[132.417546744,34.302715135],[132.417568496,34.302722225],[132.417587005,34.302735722],[132.417601167,34.302744694],[132.417614254,34.302762694],[132.417633865,34.302787081],[132.417663384,34.302848252],[132.417677562,34.302861748],[132.417699339,34.302877108],[132.417742827,34.302899559],[132.417772218,34.30291564],[132.417804864,34.302926494],[132.417840727,34.302935441],[132.417884188,34.302937946],[132.417927639,34.302935252],[132.417962387,34.302930668],[132.417994942,34.302919693],[132.418025331,34.302908],[132.418065474,34.302888],[132.418101244,34.302865387],[132.418125136,34.302856333],[132.418157716,34.302851749],[132.418188145,34.302851694],[132.418206641,34.302862559],[132.418242529,34.302880495],[132.41830786,34.302925441],[132.418408028,34.303],[132.418435227,34.303015361],[132.41846786,34.303026919],[132.418498301,34.303033253],[132.418525447,34.303031306],[132.418568885,34.303024081],[132.418606887,34.303015],[132.41864703,34.303001387],[132.418733891,34.302978667],[132.418853307,34.302949495],[132.418907588,34.302933252],[132.418959689,34.302922225],[132.419005306,34.302917613],[132.419046615,34.302922054],[132.419075966,34.302931],[132.419108612,34.302948973],[132.419152167,34.302980414],[132.41917939,34.303002919],[132.419237056,34.303036252],[132.419266419,34.303045197],[132.419302309,34.303052252],[132.41933489,34.303049559],[132.419364189,34.303043108],[132.41938917,34.303034027],[132.419421803,34.303015945],[132.419445642,34.302999748],[132.419483606,34.302977135],[132.41955197,34.302948054],[132.419586718,34.302940865],[132.419613865,34.302938919],[132.419641025,34.302938865],[132.419861582,34.302949306],[132.419912671,34.302949198],[132.419972387,34.302947162],[132.42016572,34.302924252],[132.420241724,34.302910558],[132.420285136,34.302901441],[132.420344864,34.302885197],[132.420390467,34.302878694],[132.420458885,34.302874054],[132.420499079,34.302873973],[132.42062183,34.302869198],[132.420662023,34.302869108],[132.420676135,34.302866469],[132.421508418,34.303254946],[132.421843216,34.303564468],[132.421846161,34.303567198],[132.421891895,34.303603135],[132.421908249,34.303623748],[132.421927887,34.303652668],[132.421946472,34.303688694],[132.421971582,34.303729198],[132.421998885,34.303776829],[132.422020726,34.303810252],[132.422044747,34.303850748],[132.422086226,34.303913775],[132.422113527,34.303963306],[132.422184476,34.304075865],[132.422208522,34.304119],[132.422241309,34.304188442],[132.422271971,34.304263108],[132.422285136,34.304310054],[132.422299533,34.304400198],[132.422307523,34.304526387],[132.422307756,34.304598532],[132.422294748,34.304610162],[132.422280636,34.304619225],[132.422267639,34.304632775],[132.422262244,34.304641802],[132.422246005,34.30465536],[132.422231893,34.304661776],[132.422197135,34.304670893],[132.422180857,34.304670919],[132.422166744,34.304673559],[132.42215917,34.304684467],[132.422150506,34.304693495],[132.422139637,34.30469164],[132.422123359,34.304696198],[132.422107082,34.304705225],[132.422090804,34.304716161],[132.422066913,34.304720721],[132.42206153,34.304727865],[132.422031167,34.304747865],[132.42201489,34.304752387],[132.421998612,34.30476144],[132.421991051,34.304779495],[132.421974773,34.304786639],[132.421971582,34.304806585],[132.421960778,34.304822749],[132.421949922,34.304829163],[132.421939079,34.304838198],[132.421939144,34.304856252],[132.42193703,34.304876892],[132.421926161,34.304881414],[132.42192297,34.30489683],[132.421923061,34.304926495],[132.421931803,34.304944531],[132.42194489,34.304962532],[132.421955772,34.304971495],[132.421982945,34.30497336],[132.422002529,34.304980441],[132.422007977,34.304986829],[132.42202428,34.304989388],[132.422046005,34.30498936],[132.422062309,34.304986694],[132.422080778,34.304986667],[132.422089468,34.304991162],[132.422105772,34.304991134],[132.422116615,34.304986586],[132.422140532,34.304986559],[132.422162245,34.304984613],[132.42217856,34.304984586],[132.42218939,34.304981946],[132.422203528,34.30498],[132.422219805,34.304979973],[132.422236083,34.304970919],[132.422263217,34.304968252],[132.422270856,34.304970865],[132.422290389,34.304968198],[132.422308859,34.304963666],[132.422317523,34.304954614],[132.4223338,34.304952694],[132.422350078,34.304945532],[132.422366355,34.304936495],[132.422379364,34.304925558],[132.42239022,34.304925532],[132.422404332,34.304922893],[132.422417327,34.304913829],[132.422428171,34.304904801],[132.422442309,34.304904775],[132.422455331,34.304902865],[132.422482438,34.304889279],[132.42249655,34.304877613],[132.422512802,34.304868559],[132.422525837,34.30486664],[132.422534527,34.304864],[132.422578003,34.304871054],[132.422623645,34.304875441],[132.422694306,34.304886225],[132.422784527,34.304904054],[132.422900831,34.304921829],[132.423056278,34.30495308],[132.423123696,34.30496908],[132.423203087,34.304993333],[132.423279196,34.305018333],[132.423344475,34.30504264],[132.423398858,34.305065053],[132.42345869,34.305091973],[132.423520726,34.305126026],[132.423540272,34.305130467],[132.423551167,34.305136865],[132.423580583,34.305161946],[132.423596886,34.305168333],[132.423602361,34.305177333],[132.423616524,34.305188919],[132.423634993,34.305193387],[132.423643722,34.305208802],[132.423649195,34.30521592],[132.423665525,34.305226775],[132.42368183,34.305231252],[132.423698171,34.305240225],[132.423698197,34.305251865],[132.423709079,34.30526536],[132.423743891,34.305274306],[132.423749364,34.305285197],[132.423765667,34.305289667],[132.423781997,34.30530128],[132.423787471,34.305314775],[132.423792945,34.305325694],[132.423807082,34.305337279],[132.423817977,34.305343667],[132.423828885,34.305359775],[132.423845227,34.305370666],[132.423847418,34.305382279],[132.423852918,34.305397694],[132.423863838,34.305413802],[132.423874695,34.305413775],[132.423883385,34.305420162],[132.423888859,34.305433667],[132.423896499,34.305442667],[132.423910636,34.305447135],[132.423916135,34.305465162],[132.423923774,34.305476775],[132.423937912,34.305481252],[132.423954228,34.305487639],[132.423959689,34.305505639],[132.423970583,34.305510135],[132.423983695,34.305537162],[132.424021829,34.30556864],[132.424041505,34.305602748],[132.424043696,34.305618161],[132.424052438,34.305636198],[132.424065525,34.305645162],[132.424079637,34.305645135],[132.42408511,34.305656748],[132.424090584,34.305674775],[132.424098222,34.305685667],[132.424109106,34.305688279],[132.424117834,34.305699162],[132.424120051,34.305715279],[132.424120116,34.305733333],[132.424123385,34.305742333],[132.424120168,34.305753252],[132.424118053,34.305773892],[132.424118106,34.305787414],[132.424114889,34.305800946],[132.424109494,34.305814468],[132.424107367,34.305829919],[132.424101971,34.305846054],[132.424093359,34.305866],[132.424096667,34.305879532],[132.424091245,34.30588856],[132.424085887,34.305913694],[132.424082671,34.305924613],[132.42407725,34.305931748],[132.424071856,34.305945307],[132.42407192,34.305958801],[132.424066525,34.30597236],[132.424050272,34.305990413],[132.424050311,34.306003946],[132.424053606,34.306017441],[132.424048223,34.306031],[132.424042865,34.306049027],[132.424045058,34.306062559],[132.424037497,34.306073468],[132.424032114,34.30608964],[132.424034332,34.306103135],[132.424039805,34.306118559],[132.424037665,34.306130198],[132.424037717,34.306148225],[132.424043191,34.306161721],[132.424045421,34.306175252],[132.424045447,34.306188775],[132.424050921,34.306202279],[132.424056395,34.306211279],[132.424070532,34.306220278],[132.424083606,34.306231163],[132.424094501,34.306238251],[132.424110779,34.306238224],[132.424119494,34.306247225],[132.424132555,34.306253586],[132.424146694,34.306256161],[132.424168418,34.306256135],[132.4241793,34.306260613],[132.424195577,34.306260586],[132.424206447,34.306253441],[132.424224891,34.306244387],[132.424239,34.30624436],[132.42425528,34.306237919],[132.424262867,34.306226279],[132.424284553,34.306221721],[132.42430083,34.306215279],[132.424317108,34.306203614],[132.424320337,34.306192693],[132.42433336,34.306190054],[132.424349637,34.30618364],[132.424363722,34.306171973],[132.424365863,34.306162946],[132.424387588,34.306161],[132.424403865,34.306153865],[132.42441253,34.306142919],[132.424417912,34.306131279],[132.424430946,34.306124865],[132.424441777,34.306120334],[132.42446131,34.306106748],[132.42451022,34.306111162],[132.424577589,34.306120027],[132.424651634,34.306135306],[132.42475166,34.306160252],[132.425,34.306228558],[132.42509961,34.306255972],[132.425265966,34.306298802],[132.425436693,34.306348027],[132.426016355,34.306542532],[132.426310026,34.306643694],[132.426420947,34.306679532],[132.426913645,34.306849776],[132.426995279,34.306871946],[132.427093139,34.306923413],[132.42724769,34.307017748],[132.427506744,34.307165973],[132.427604721,34.307226973],[132.427724502,34.307314279],[132.42786825,34.307426667],[132.427949079,34.307498613],[132.42829314,34.307804414],[132.428342192,34.307853892],[132.428418444,34.307921333],[132.428492581,34.30800044],[132.4285362,34.308051829],[132.428620195,34.308157946],[132.428663865,34.308227361],[132.428691167,34.308275],[132.428717782,34.308333333],[132.428756809,34.308419108],[132.428767808,34.308466054],[132.428776641,34.308511109],[132.428776744,34.308547162],[132.428771414,34.308576829],[132.428760636,34.308608414],[132.428746615,34.308637388],[132.428724994,34.308671613],[132.428687082,34.308714161],[132.428565811,34.308838748],[132.428540921,34.30887036],[132.428517109,34.30890836],[132.428503087,34.308935441],[132.428492335,34.308971532],[132.428492477,34.309021108],[132.428501284,34.309050749],[132.428525331,34.309102163],[132.428561479,34.309194864],[132.428577912,34.309244414],[132.428602218,34.309334532],[132.428633062,34.309474198],[132.428644189,34.309561721],[132.428657665,34.309701441],[132.428677756,34.309863667],[132.428685473,34.309906865],[132.428694306,34.309947387],[132.428707497,34.309996972],[132.428751284,34.31010236],[132.428822387,34.310262587],[132.428874863,34.310366162],[132.428893411,34.310393162],[132.428915253,34.310420162],[132.428940311,34.31044264],[132.428967523,34.310462532],[132.429125331,34.310545946],[132.429187367,34.310583748],[132.429212411,34.31060436],[132.429234228,34.310624226],[132.429250584,34.310646721],[132.429266979,34.310673748],[132.429274643,34.310696279],[132.429280143,34.310716892],[132.429285668,34.310743946],[132.429289001,34.31076836],[132.429279805,34.311309333],[132.429282022,34.311322829],[132.429346057,34.311439919],[132.429604384,34.311912694],[132.429766719,34.312090386],[132.429792996,34.31211964],[132.429897419,34.312185306],[132.429105745,34.312672053],[132.429653969,34.313281694],[132.42998847,34.313654586],[132.430372724,34.314082359],[132.430436719,34.31415364],[132.430856939,34.314626775],[132.430912283,34.314593387],[132.430598781,34.314242108],[132.430372412,34.313991136],[132.430366005,34.313984027],[132.430057781,34.313644162],[132.430080337,34.313632496],[132.429766719,34.313276775],[132.429739196,34.313295667],[132.429182114,34.312665947],[132.42992983,34.312205721],[132.429939974,34.312212081],[132.430124332,34.312100893],[132.430265278,34.312008532],[132.430337951,34.311965198],[132.430366057,34.311953496],[132.430370506,34.311951613],[132.430384384,34.311946163],[132.430732633,34.312057108],[132.430814838,34.312279721],[132.431485914,34.312497279],[132.432057108,34.312918694],[132.432078782,34.312897802],[132.431631284,34.312561946],[132.431689443,34.31250836],[132.431726615,34.312475026],[132.431887056,34.312330414],[132.432538976,34.312813413],[132.432640078,34.312757667],[132.432738146,34.312875829],[132.432807588,34.312956081],[132.432818495,34.312967694],[132.4328507,34.312949865],[132.433175032,34.313357224],[132.433239728,34.313440027],[132.433263528,34.313475946],[132.433333333,34.313668198],[132.433377613,34.313790162],[132.433333333,34.313800775],[132.433193918,34.313834198],[132.433201583,34.313856721],[132.433333333,34.313825919],[132.433435031,34.313802108],[132.433434994,34.313797613],[132.433462166,34.313791135],[132.433489559,34.313863225],[132.43347869,34.313865134],[132.433449079,34.313914252],[132.433441309,34.313966641],[132.433531725,34.314246918],[132.433542802,34.314490694],[132.433558885,34.314490198],[132.433604189,34.314489027],[132.433605746,34.314530108],[132.433611283,34.314559055],[132.433643969,34.314595054],[132.433654942,34.314624694],[132.433669222,34.314671612],[132.43368022,34.314716667],[132.433691336,34.314791387],[132.433693696,34.314851891],[132.433693838,34.314901467],[132.433688585,34.314958198],[132.433683502,34.315063775],[132.433672944,34.315162973],[132.433667588,34.315190027],[132.433656835,34.315219721],[132.433635254,34.315266721],[132.433541089,34.315382252],[132.433521608,34.315409333],[132.433516201,34.31541836],[132.433519468,34.315427387],[132.433494578,34.315458973],[132.433333332,34.315436532],[132.432997809,34.31538983],[132.432423942,34.314304774],[132.432421556,34.314300198],[132.432437912,34.314293667],[132.432452555,34.314317533],[132.432749883,34.314197332],[132.432672996,34.314070468],[132.432374136,34.314189387],[132.432431698,34.314283468],[132.432415965,34.314289748],[132.432141025,34.314306919],[132.432143528,34.314341162],[132.432371856,34.314325532],[132.432949001,34.315412468],[132.432983774,34.315419532],[132.432946447,34.315637891],[132.433183256,34.315672694],[132.433199948,34.315743613],[132.433210947,34.315784162],[132.433227393,34.315833721],[132.433249301,34.315892278],[132.433271245,34.315959829],[132.433293191,34.316020279],[132.433320532,34.316076946],[132.433333333,34.316098054],[132.433375136,34.316166973],[132.433402555,34.316216495],[132.433415694,34.316248027],[132.433429921,34.316276945],[132.433448471,34.316299441],[132.433446446,34.316347135],[132.433437886,34.316394136],[132.433430467,34.316452748],[132.433414475,34.316542946],[132.433387588,34.31662864],[132.433369391,34.316666667],[132.433368145,34.316669252],[132.433333333,34.316723162],[132.433322723,34.316739586],[132.433290247,34.316780225],[132.433171141,34.316906721],[132.433133216,34.316940252],[132.433106136,34.316969973],[132.433070441,34.317021532],[132.433032607,34.317082802],[132.433000169,34.317127973],[132.432960117,34.317179532],[132.432929806,34.317215667],[132.432889728,34.317258946],[132.43285725,34.317296973],[132.432830169,34.317322162],[132.432808495,34.317340252],[132.432778366,34.317363028],[132.432733333,34.317383613],[132.432707173,34.31738836],[132.432662477,34.317410441],[132.432632282,34.317449441],[132.432588366,34.317518081],[132.432558391,34.317552386],[132.432545187,34.317570721],[132.432543022,34.317579748],[132.432543087,34.317590667],[132.432537665,34.317597776],[132.432529001,34.317606829],[132.432526861,34.317617747],[132.432529053,34.317626748],[132.432529105,34.317642892],[132.432526938,34.317647387],[132.432534578,34.317656387],[132.432540052,34.317665415],[132.432540052,34.317669919],[132.432533696,34.317680198],[132.432534669,34.317683441],[132.432545615,34.317707865],[132.432565279,34.31773936],[132.432581659,34.317773495],[132.432592633,34.317805027],[132.432611413,34.31790156],[132.432628275,34.318079946],[132.432631725,34.318135919],[132.432632438,34.318363919],[132.43264358,34.318451441],[132.432651336,34.318494613],[132.432651777,34.318499559],[132.432647134,34.31854656],[132.432621699,34.318714306],[132.432613916,34.318758586],[132.432572218,34.318876054],[132.432540921,34.31894283],[132.432512633,34.318969225],[132.432457665,34.319006306],[132.43242114,34.319036225],[132.432412672,34.319066802],[132.432414136,34.319090054],[132.432420947,34.319106199],[132.432439637,34.319141135],[132.432448755,34.319175198],[132.432460001,34.319230892],[132.432476912,34.319319387],[132.432482439,34.319348586],[132.432478003,34.319355973],[132.432456356,34.319383081],[132.432440117,34.319398532],[132.432429274,34.319405667],[132.432415162,34.319412108],[132.432407588,34.319416639],[132.432393476,34.319421162],[132.432360857,34.319421251],[132.432339144,34.319428414],[132.432315279,34.319434865],[132.432301166,34.319439387],[132.43227725,34.319439442],[132.43226642,34.319453],[132.432261052,34.319469135],[132.432244773,34.319480081],[132.432239391,34.319491748],[132.432239417,34.319507162],[132.432247057,34.319516134],[132.432247135,34.319536802],[132.432250441,34.319556721],[132.43225808,34.319568333],[132.432263528,34.319570225],[132.432266861,34.319588225],[132.432274501,34.31960436],[132.432288664,34.319613333],[132.432296277,34.319619721],[132.43229092,34.319635892],[132.432294254,34.319660306],[132.432305162,34.319676415],[132.432307367,34.319682802],[132.432321556,34.319709828],[132.432334643,34.319723333],[132.432348833,34.319743946],[132.432367471,34.319793469],[132.432376161,34.319797973],[132.432376226,34.319813387],[132.432378418,34.319817892],[132.432392581,34.319829495],[132.43239808,34.319853919],[132.432408975,34.319862919],[132.432411167,34.319870027],[132.432432944,34.319883495],[132.432465642,34.319914973],[132.432463476,34.319916893],[132.432463529,34.319933027],[132.432474422,34.319937495],[132.432471194,34.319948415],[132.432490752,34.319951],[132.432487497,34.319957387],[132.432503865,34.319973495],[132.432525551,34.319968441],[132.432523503,34.319996001],[132.432542309,34.320101532],[132.433333333,34.320894613],[132.433592049,34.321154],[132.433519754,34.321207693],[132.433625135,34.321307198],[132.433692361,34.321261973],[132.433739222,34.321305054],[132.43374148,34.321324973],[132.433746939,34.321338468],[132.433771946,34.321345559],[132.433774164,34.321360973],[132.433788366,34.321377054],[132.433801388,34.321378946],[132.433812283,34.321383414],[132.433821025,34.321396919],[132.433850389,34.321403973],[132.433864501,34.321403947],[132.433880831,34.321410307],[132.433891724,34.32142192],[132.433902608,34.321428306],[132.433924333,34.321428252],[132.433942802,34.321423693],[132.433956939,34.321426279],[132.43397,34.321430775],[132.433991698,34.321419082],[132.434018833,34.32141264],[132.434040584,34.321414468],[132.434054669,34.321408054],[132.434067666,34.321394495],[132.434081803,34.321394468],[132.434105668,34.321382774],[132.434121946,34.321371829],[132.434143695,34.321378198],[132.434181751,34.321387109],[132.434208885,34.321380666],[132.434225227,34.321387027],[132.434244812,34.321396],[132.43426869,34.321391441],[132.434290415,34.321389495],[132.434306744,34.32140036],[132.434326304,34.321393919],[132.4343393,34.321384891],[132.43435345,34.321384865],[132.434371855,34.321373162],[132.434393606,34.32137764],[132.434415331,34.321373081],[132.434424034,34.321373054],[132.434447912,34.321371108],[132.434507807,34.321371],[132.434529533,34.321372829],[132.434543671,34.321375413],[132.434589363,34.321388829],[132.434608949,34.321397803],[132.434630726,34.321415803],[132.434641635,34.321429307],[132.43466017,34.321449197],[132.434665616,34.321453667],[132.434668911,34.321465306],[132.434685227,34.321467161],[132.434681997,34.321478802],[132.434685305,34.321489694],[132.434690727,34.321489694],[132.434698418,34.321510306],[132.434718003,34.321523802],[132.434720219,34.321532802],[132.434720272,34.321550829],[132.434731167,34.321561721],[132.434745305,34.321566198],[132.434750778,34.321577802],[132.434750804,34.321588722],[132.434756278,34.321602252],[132.434763917,34.321609333],[132.434778054,34.321613829],[132.434783528,34.321624721],[132.434783606,34.321649866],[132.434799949,34.321658864],[132.43480214,34.321667865],[132.434816304,34.321678748],[132.434834813,34.321690333],[132.434859831,34.321696667],[132.434881557,34.321701134],[132.434894643,34.321710135],[132.434908782,34.321714613],[132.434930506,34.321708162],[132.434943477,34.321694613],[132.434963061,34.321700973],[132.434970636,34.321694532],[132.434997782,34.321682865],[132.435008663,34.321687332],[132.435033645,34.321680892],[132.435052113,34.321678225],[132.435093411,34.321687135],[132.435106472,34.321691639],[132.435117366,34.321694225],[132.435139105,34.321703197],[132.435180442,34.321718532],[132.435218522,34.321736468],[132.435286057,34.321779495],[132.435321998,34.321803865],[132.435343748,34.321817334],[132.435362284,34.321830801],[132.435460337,34.321909829],[132.435556225,34.321995278],[132.435569274,34.322001668],[132.435607445,34.322042135],[132.435599858,34.322051163],[132.435645746,34.322125802],[132.435643605,34.322136721],[132.435654501,34.322148333],[132.435676252,34.322152802],[132.43567847,34.322163694],[132.435689364,34.322170802],[132.435708948,34.322179775],[132.435716589,34.322188775],[132.435716616,34.322197776],[132.435722088,34.322208694],[132.43573297,34.322220279],[132.43573083,34.322229307],[132.435738469,34.322238306],[132.435749339,34.322240162],[132.435754838,34.322253695],[132.435768974,34.322258162],[132.435787471,34.32227164],[132.435796226,34.322283253],[132.435814721,34.322294135],[132.435831026,34.322296694],[132.435845162,34.322303082],[132.435852801,34.322314694],[132.435869106,34.322316559],[132.43588869,34.322316495],[132.435907198,34.322325468],[132.435923502,34.322334468],[132.435943087,34.322338919],[132.435959364,34.322332495],[132.435977861,34.322341468],[132.435999611,34.322345919],[132.436021336,34.322343252],[132.436048495,34.322343199],[132.436078949,34.322350252],[132.436102892,34.322361109],[132.436155059,34.322360999],[132.436168079,34.322359081],[132.436189806,34.322354532],[132.43620939,34.322360892],[132.43622572,34.322369865],[132.436241996,34.322369829],[132.436260467,34.32236528],[132.436280052,34.322376865],[132.436290973,34.322385865],[132.436309443,34.322387694],[132.436325746,34.322390279],[132.436334475,34.322396666],[132.436356251,34.322410135],[132.436394305,34.322419081],[132.436401945,34.322426161],[132.436423696,34.322432532],[132.436437834,34.322437],[132.436454163,34.322450494],[132.436461802,34.322457613],[132.43648358,34.322471081],[132.436508613,34.322484559],[132.436530363,34.322490893],[132.436548859,34.32249536],[132.436586887,34.322499775],[132.436597782,34.322502388],[132.436622776,34.322504225],[132.436639078,34.322506802],[132.43666083,34.322511252],[132.436671699,34.322511225],[132.436682555,34.322508587],[132.436684721,34.322506694],[132.436684696,34.322502198],[132.436687951,34.322493163],[132.436690052,34.322475135],[132.436695551,34.322495054],[132.436695577,34.322502161],[132.436698858,34.322506667],[132.436698859,34.322511162],[132.436706498,34.322520162],[132.436720635,34.322529162],[132.43674786,34.322542613],[132.436760947,34.322556109],[132.43677511,34.322565108],[132.436786031,34.322580495],[132.436796978,34.322610135],[132.436804617,34.322621026],[132.436829663,34.322641614],[132.436837328,34.32265964],[132.436846083,34.32267764],[132.436853722,34.322684027],[132.436873282,34.322686586],[132.436878755,34.322697496],[132.436889689,34.322715496],[132.436900583,34.322727108],[132.43691148,34.322731586],[132.436916939,34.322745108],[132.436930026,34.322760495],[132.436940921,34.322763081],[132.43695725,34.322773946],[132.436960558,34.322790081],[132.436966031,34.322800973],[132.43698236,34.322809972],[132.436989973,34.322812559],[132.437000856,34.322823441],[132.437009586,34.322827918],[132.437020505,34.322848559],[132.437044502,34.322875559],[132.437058664,34.322889027],[132.437071751,34.322904414],[132.437107691,34.322931388],[132.437137108,34.322951973],[132.437167588,34.322967334],[132.437189364,34.322983414],[132.437213332,34.323003279],[132.437224255,34.323014892],[132.437243865,34.323032892],[132.43727655,34.323059865],[132.437287445,34.323070748],[132.437300533,34.323079721],[132.437309222,34.323084226],[132.437320143,34.323095829],[132.437325642,34.32311836],[132.43733869,34.323127332],[132.437349584,34.32313183],[132.437360506,34.323147225],[132.437360558,34.32316072],[132.43737144,34.323174225],[132.437385577,34.323174198],[132.437398665,34.323190306],[132.437401997,34.32321283],[132.437412917,34.323223721],[132.437423801,34.323232722],[132.437423839,34.323239829],[132.437429299,34.32325336],[132.437442361,34.323262333],[132.437453307,34.32328036],[132.437456614,34.323300279],[132.437467562,34.323322775],[132.437486082,34.32333436],[132.437496978,34.323347865],[132.437513334,34.323361361],[132.437527471,34.323367722],[132.4375438,34.323381224],[132.437573256,34.323406306],[132.437630973,34.323446749],[132.437652749,34.323460225],[132.437676693,34.323478198],[132.437698495,34.323498081],[132.43770939,34.323507054],[132.437734474,34.323532163],[132.437794448,34.32359964],[132.437816278,34.323628559],[132.437834838,34.323651054],[132.437856668,34.323680667],[132.437894812,34.323721135],[132.437919884,34.323745532],[132.437936226,34.323757108],[132.437938418,34.323759],[132.437952555,34.323763468],[132.43795799,34.323766081],[132.438001542,34.323794928],[132.438007082,34.323824586],[132.438014747,34.323842586],[132.438025668,34.323862495],[132.438028975,34.323871494],[132.438039857,34.323885],[132.438042088,34.323894],[132.43805083,34.323910135],[132.438053061,34.323928134],[132.438067198,34.323932641],[132.438078106,34.323946135],[132.438078171,34.323966054],[132.438099949,34.323977639],[132.438105447,34.324004667],[132.438118495,34.324009135],[132.438118559,34.324022667],[132.438129468,34.324038055],[132.438140311,34.32403164],[132.438151311,34.324069587],[132.438160026,34.324076667],[132.438192776,34.324123586],[132.438209105,34.324135162],[132.438211335,34.324153199],[132.438222243,34.324168586],[132.438244034,34.324182054],[132.438241919,34.324198198],[132.438247393,34.324209108],[132.43826917,34.324222586],[132.438271388,34.324240613],[132.438298638,34.324261198],[132.438312802,34.324281081],[132.438325864,34.324283668],[132.438336783,34.324301668],[132.438389364,34.324326252],[132.438469663,34.324365225],[132.438490727,34.324390053],[132.438511246,34.324449135],[132.438527912,34.324497614],[132.438547444,34.324524333],[132.438576006,34.324547919],[132.438610611,34.324560892],[132.438666031,34.324562027],[132.438739584,34.324558802],[132.438772633,34.324564334],[132.438804086,34.32457544],[132.438833502,34.324597198],[132.438874812,34.324637495],[132.43891847,34.324668495],[132.438956031,34.324684],[132.439013022,34.32470128],[132.439113579,34.324714748],[132.439142866,34.324727775],[132.439157276,34.324753252],[132.439183645,34.324807919],[132.439219921,34.324899973],[132.439250856,34.324959775],[132.439257328,34.324975721],[132.439262802,34.324993721],[132.439276939,34.324998225],[132.439278445,34.325],[132.439287861,34.325011721],[132.439295525,34.325027108],[132.439311829,34.325029693],[132.439336886,34.325049559],[132.439353165,34.325045027],[132.439369495,34.325054],[132.439382581,34.325062973],[132.43940214,34.325062946],[132.439415253,34.325083559],[132.439431556,34.325089918],[132.439447887,34.325094387],[132.439458781,34.325103387],[132.439467497,34.325112387],[132.439485967,34.325114946],[132.439502335,34.325130333],[132.439571025,34.325206802],[132.439603747,34.325245414],[132.439627782,34.325278802],[132.439718301,34.325377775],[132.439729222,34.325393892],[132.439758664,34.325429892],[132.439761971,34.325443414],[132.439778392,34.325474919],[132.439780585,34.325485829],[132.439789364,34.32550836],[132.439797056,34.325535387],[132.439805837,34.325560532],[132.439808054,34.32557592],[132.439811362,34.32558944],[132.439833255,34.325638973],[132.439840895,34.325652495],[132.439851777,34.325659586],[132.439871388,34.325670441],[132.439884475,34.325688441],[132.439898612,34.325686532],[132.439909468,34.325683892],[132.439942115,34.325701865],[132.439949727,34.325699945],[132.439976861,34.325690866],[132.439990999,34.325697225],[132.440001856,34.325692693],[132.440042089,34.325697109],[132.440058366,34.325690667],[132.440077886,34.325677108],[132.440096329,34.325674441],[132.440112633,34.325674414],[132.440128911,34.325663468],[132.440134306,34.325649946],[132.440159249,34.325640865],[132.440177691,34.325627306],[132.440183086,34.325615667],[132.440213502,34.325613694],[132.440235253,34.325618162],[132.44025917,34.325615495],[132.440280831,34.325600026],[132.440305772,34.325586441],[132.440332944,34.325579252],[132.440345941,34.325568333],[132.44036,34.325552162],[132.440378444,34.325541198],[132.440403476,34.325550162],[132.440421946,34.325547496],[132.440436031,34.325538468],[132.440452361,34.325542946],[132.440468663,34.325551919],[132.440485032,34.325565388],[132.44049594,34.325578891],[132.440514423,34.325581468],[132.440539417,34.325585919],[132.440550362,34.32560844],[132.440563451,34.325619307],[132.440583023,34.325623775],[132.440588521,34.325646306],[132.440604864,34.325657918],[132.440623359,34.325662361],[132.440648444,34.325691252],[132.440650661,34.325707387],[132.440670272,34.325720865],[132.440694189,34.325727225],[132.440697523,34.325747865],[132.440708443,34.325767749],[132.440719365,34.325779361],[132.440721581,34.325797387],[132.440735811,34.325821775],[132.440754307,34.32583336],[132.440773969,34.325864892],[132.440792478,34.325871253],[132.440806641,34.325884748],[132.44082511,34.325887306],[132.440850143,34.325891748],[132.440866447,34.325898135],[132.440888171,34.325891667]]},"properties":{"city_code":"34103","city_name":"南区","prefecture_code":"34","prefecture_name":"広島県"}},{"type":"Feature","geometry":{"type":"LineString","coordinates":[[132.466049455,34.343284126],[132.465856213,34.343010703],[132.465809339,34.34303345],[132.465843528,34.343081964],[132.465863633,34.343110396],[132.466002581,34.343306963],[132.466086693,34.343425134],[132.466131168,34.343488946],[132.466155551,34.34353045],[132.466172179,34.343560073],[132.466188379,34.343593297],[132.466200441,34.343621487],[132.46621262,34.34365292],[132.466222178,34.343682739],[132.466232425,34.343720667],[132.466240039,34.343755991],[132.466246576,34.343788522],[132.466250169,34.343822234],[132.4662531,34.343851621],[132.466254422,34.343886144],[132.466254603,34.343936991],[132.466256498,34.344194928],[132.466256732,34.344229098],[132.466257147,34.344284991],[132.466311492,34.344284766],[132.466308949,34.343936766],[132.466308768,34.343885288],[132.466307328,34.343848964],[132.466304293,34.343818405],[132.466300467,34.343782803],[132.466293606,34.343748378],[132.466285642,34.343711793],[132.466274968,34.343671973],[132.466264748,34.343640261],[132.466251906,34.343607117],[132.466239196,34.343577216],[132.466221996,34.343542099],[132.46620472,34.343511126],[132.466179131,34.34346773],[132.466133685,34.343402387],[132.466049455,34.343284126]]},"properties":{"city_code":"34103","city_name":"南区","prefecture_code":"34","prefecture_name":"広島県"}},{"type":"Feature","geometry":{"type":"LineString","coordinates":[[132.457423191,34.345551721],[132.456070195,34.345308695],[132.456054086,34.345370055],[132.456128171,34.345381586],[132.456134501,34.345360829],[132.456189974,34.345369721],[132.456192218,34.345362495],[132.456226912,34.34536692],[132.45622489,34.345375946],[132.457411479,34.345588613],[132.457423191,34.345551721]]},"properties":{"city_code":"34103","city_name":"南区","prefecture_code":"34","prefecture_name":"広島県"}},{"type":"Feature","geometry":{"type":"LineString","coordinates":[[132.476529441,34.346497225],[132.476475279,34.346497225],[132.476448054,34.346547775],[132.476406394,34.346601108],[132.476414163,34.346711108],[132.476448054,34.346739441],[132.476556667,34.346756108],[132.476617782,34.346750559],[132.476644993,34.346716667],[132.476624163,34.346674721],[132.476624721,34.346587224],[132.47657694,34.346570279],[132.476570272,34.34651972],[132.476529441,34.346497225]]},"properties":{"city_code":"34103","city_name":"南区","prefecture_code":"34","prefecture_name":"広島県"}},{"type":"Feature","geometry":{"type":"LineString","coordinates":[[132.466331881,34.346900072],[132.466314241,34.34450844],[132.466259896,34.344508667],[132.466276874,34.346808513],[132.466277121,34.346844126],[132.466277537,34.346900388],[132.466331881,34.346900072]]},"properties":{"city_code":"34103","city_name":"南区","prefecture_code":"34","prefecture_name":"広島県"}},{"type":"Feature","geometry":{"type":"LineString","coordinates":[[132.481464501,34.34696883],[132.481758327,34.346797415],[132.48191406,34.346676585],[132.481924747,34.346684198],[132.481970415,34.346657495],[132.48196092,34.346647973],[132.482148171,34.346548587],[132.482332088,34.346235],[132.482389052,34.346205639],[132.482397224,34.34621464],[132.482459754,34.346187495],[132.48245428,34.346180749],[132.482826031,34.346006533],[132.482999921,34.34597236],[132.483279494,34.345865892],[132.483289585,34.345882252],[132.483333332,34.345867054],[132.483347108,34.34586228],[132.483339223,34.345850027],[132.483594423,34.345754893],[132.483629857,34.345817919],[132.483648859,34.345808829],[132.483616109,34.345741306],[132.48380633,34.345745414],[132.484042166,34.345528694],[132.484033969,34.345521973],[132.484164578,34.345394495],[132.484816057,34.344807054],[132.484822113,34.344801559],[132.485563503,34.344134162],[132.485737393,34.343956107],[132.485723839,34.343938027],[132.485695862,34.343953162],[132.485679728,34.343938494],[132.485677108,34.343940494],[132.48547642,34.343758441],[132.485479144,34.343756441],[132.485462996,34.343741802],[132.485500362,34.343709613],[132.484815136,34.342980225],[132.484809143,34.342973829],[132.484470506,34.342611667],[132.48446205,34.342595162],[132.484378833,34.342513613],[132.484285422,34.342412802],[132.483894721,34.341996027],[132.483865357,34.341993585],[132.483798444,34.341770081],[132.483801997,34.341705333],[132.483849053,34.341703667],[132.48385083,34.341681306],[132.484030247,34.341703027],[132.484112802,34.341804495],[132.484104332,34.341810668],[132.484204475,34.341906252],[132.484250752,34.341872866],[132.48415061,34.341777279],[132.484137199,34.341786865],[132.484067198,34.341704468],[132.484072971,34.341666667],[132.484076641,34.341642776],[132.483855811,34.341618467],[132.483856719,34.341606198],[132.483825188,34.341601587],[132.483863774,34.341371694],[132.483910855,34.341375892],[132.483917691,34.341341054],[132.48387039,34.341335333],[132.483897289,34.341120234],[132.484085758,34.340947009],[132.484192866,34.340958721],[132.484482115,34.340791442],[132.484486135,34.340766198],[132.484607808,34.340689163],[132.484666693,34.34065736],[132.484800118,34.340585161],[132.484806083,34.340581892],[132.484983645,34.340485694],[132.485084695,34.340620225],[132.485345084,34.340789108],[132.485494994,34.340684252],[132.485508703,34.340674252],[132.485500052,34.340665558],[132.485678885,34.340534369],[132.485689001,34.340542963],[132.485708639,34.340528613],[132.485884774,34.340402468],[132.485903607,34.340408027],[132.485983411,34.340360199],[132.485989079,34.340336108],[132.486304695,34.340158306],[132.486337276,34.340147055],[132.486610143,34.340020667],[132.486653697,34.340039587],[132.486704942,34.339997614],[132.486679585,34.339976721],[132.486709468,34.339903198],[132.486752918,34.339809586],[132.486764229,34.339780081],[132.486772477,34.339752279],[132.486878327,34.339096108],[132.486875694,34.339053865],[132.486862918,34.339009532],[132.486845668,34.338960334],[132.486825447,34.338878972],[132.486812335,34.338831251],[132.48677786,34.338737198],[132.486769468,34.338707469],[132.48676358,34.338667468],[132.486761997,34.338625892],[132.48676345,34.338577468],[132.486771582,34.338488468],[132.486778054,34.338444198],[132.486815642,34.338271],[132.486818366,34.338123865],[132.486817004,34.338082108],[132.486813359,34.338039919],[132.486783333,34.337946694],[132.486804812,34.337936279],[132.48678275,34.337880613],[132.486756031,34.337886559],[132.486729144,34.337846414],[132.486678197,34.337789801],[132.486663891,34.337743441],[132.486647562,34.337684162],[132.486608949,34.337473387],[132.48665,34.337464333],[132.48667144,34.337421721],[132.486667471,34.33740064],[132.486669196,34.33736764],[132.486656913,34.337339],[132.486659806,34.337301946],[132.486656278,34.337286],[132.486650662,34.337269252],[132.486650778,34.337239864],[132.486634423,34.337199694],[132.486627782,34.337167333],[132.486598223,34.337138666],[132.486581894,34.337131667],[132.486575745,34.336663496],[132.486618664,34.336630108],[132.486641414,34.336519802],[132.486636939,34.336488973],[132.486636329,34.336445441],[132.486645837,34.336396721],[132.486631192,34.336350332],[132.486647783,34.336311054],[132.486629442,34.336259441],[132.486631608,34.33620536],[132.486609416,34.336140695],[132.486619468,34.336093775],[132.486624034,34.336036775],[132.486598326,34.335966441],[132.486555643,34.335944829],[132.486546913,34.335909225],[132.486514553,34.335882892],[132.486483995,34.335881],[132.486445772,34.335889468],[132.486433969,34.33587464],[132.486433476,34.33585292],[132.486422724,34.335832108],[132.486412166,34.335824829],[132.486386614,34.335791198],[132.486364034,34.335741829],[132.486334357,34.335712614],[132.486323139,34.335676946],[132.486281751,34.335626468],[132.486261829,34.335590919],[132.486226226,34.335545667],[132.48618428,34.335512946],[132.486124475,34.335476946],[132.48608122,34.335452361],[132.486065383,34.335429865],[132.486022776,34.335428532],[132.485969364,34.335389081],[132.485862192,34.335297695],[132.48583144,34.33527],[132.485804578,34.335240414],[132.485723865,34.335131441],[132.485733606,34.335124198],[132.48574856,34.335110919],[132.485756199,34.335089414],[132.485772724,34.335060972],[132.485785058,34.335047613],[132.485793411,34.335018279],[132.485794112,34.334999],[132.485802283,34.334971803],[132.485814942,34.334958801],[132.485816135,34.334935468],[132.485814449,34.334913749],[132.485803671,34.334881945],[132.485810533,34.334858387],[132.485804812,34.334841721],[132.485792477,34.334824441],[132.485785966,34.334799946],[132.485781971,34.334780225],[132.485759883,34.334746199],[132.48574258,34.334739198],[132.48573166,34.33472292],[132.485705811,34.334699721],[132.485696744,34.334689829],[132.485677497,34.334685639],[132.485465863,34.334416361],[132.485473087,34.33440344],[132.485470052,34.334376495],[132.485475616,34.334352225],[132.485492697,34.334297198],[132.485512166,34.334273495],[132.485519974,34.334242919],[132.48550642,34.334220613],[132.485483969,34.334203],[132.485465448,34.334162107],[132.485416912,34.33414844],[132.485366913,34.334144694],[132.485356588,34.334113441],[132.485321608,34.334094695],[132.48530655,34.334077586],[132.485282476,34.334063225],[132.485275084,34.334060721],[132.484926524,34.333771495],[132.484899001,34.33373408],[132.484896278,34.333701892],[132.484899727,34.333665108],[132.484897563,34.333608495],[132.484891971,34.333567585],[132.484912634,34.333547252],[132.484917419,34.333517667],[132.484929143,34.333482829],[132.48494083,34.333469],[132.484941505,34.333446721],[132.48493319,34.333402468],[132.484932049,34.333359586],[132.484917173,34.333333333],[132.484906888,34.333315279],[132.484901441,34.333285892],[132.484886783,34.333259973],[132.484875642,34.333242972],[132.484854501,34.333229865],[132.484835499,34.333202586],[132.484813113,34.333174414],[132.484791971,34.333162495],[132.484772024,34.333148468],[132.484750701,34.333136081],[132.48473367,34.333116668],[132.484674643,34.333089135],[132.484594332,34.333059054],[132.484583164,34.333039614],[132.484545914,34.333017892],[132.484502244,34.332995721],[132.484479222,34.332969918],[132.484441025,34.332954414],[132.484408911,34.33291564],[132.484409883,34.332880748],[132.484401336,34.332859414],[132.484408949,34.332801586],[132.484417471,34.332788054],[132.48439083,34.332753946],[132.484361283,34.332754667],[132.484324501,34.332743586],[132.484290389,34.332719415],[132.484285525,34.332699667],[132.484265331,34.332679721],[132.48421214,34.332630892],[132.484197756,34.332621279],[132.484195058,34.332602559],[132.484178717,34.332595],[132.484116109,34.332587054],[132.484080052,34.332537306],[132.484080311,34.332517108],[132.484056498,34.332484802],[132.484047951,34.332465802],[132.484020778,34.33243764],[132.484011556,34.332415054],[132.483993256,34.332398775],[132.483968807,34.332374586],[132.483932218,34.332355919],[132.483895642,34.332306973],[132.483883359,34.332282027],[132.483886328,34.332263],[132.483875383,34.332243109],[132.483868638,34.332207775],[132.483856304,34.332168135],[132.483853696,34.332164802],[132.483845772,34.332139495],[132.483826161,34.332129441],[132.483810661,34.332108495],[132.483745447,34.332051225],[132.483721052,34.332037135],[132.483697392,34.332012225],[132.483655772,34.331987532],[132.483609223,34.331949695],[132.48359725,34.331913866],[132.483594528,34.331887441],[132.483574837,34.331853776],[132.483573529,34.331849441],[132.483500506,34.331793558],[132.483475694,34.331784613],[132.483453333,34.331762026],[132.483412724,34.331741135],[132.483333333,34.33171936],[132.48330489,34.331711586],[132.483299663,34.331706802],[132.483292193,34.331685999],[132.483256057,34.33166636],[132.483216329,34.331628495],[132.483158949,34.331594667],[132.483097198,34.331591829],[132.48306345,34.331547027],[132.483049857,34.331517414],[132.483046472,34.331480802],[132.483039753,34.331458387],[132.483024812,34.331442722],[132.483010363,34.331417973],[132.482940272,34.331364973],[132.482892725,34.331341197],[132.48287166,34.331323946],[132.482846304,34.331309495],[132.482824189,34.331299892],[132.482807329,34.331269109],[132.482784189,34.331265198],[132.482764774,34.331251558],[132.482748392,34.331253747],[132.482730143,34.331257135],[132.482705939,34.331269279],[132.482674086,34.331264305],[132.482653087,34.331255613],[132.482595279,34.331228721],[132.482564864,34.331201225],[132.482565357,34.331192108],[132.482571803,34.331175333],[132.482567392,34.331154973],[132.482582335,34.331137334],[132.482581609,34.331118865],[132.482592529,34.331105946],[132.482589974,34.331091162],[132.48257358,34.331069559],[132.482566393,34.331058306],[132.48255275,34.331046081],[132.482549662,34.331035919],[132.48254655,34.33101536],[132.482539001,34.331001136],[132.482517951,34.330978279],[132.48248655,34.330925161],[132.482459249,34.330894414],[132.482437834,34.330861198],[132.482434916,34.330833162],[132.482399196,34.330788199],[132.482373257,34.330764721],[132.482354305,34.330725198],[132.482304332,34.330677],[132.482284864,34.330668108],[132.482251634,34.330674414],[132.482230363,34.330681531],[132.48216703,34.330689973],[132.482132827,34.330729468],[132.482117562,34.330708946],[132.482080337,34.330696586],[132.482074424,34.330711135],[132.482063139,34.330717279],[132.482054086,34.330736865],[132.482040533,34.33074764],[132.481999364,34.330749919],[132.481965811,34.330757198],[132.481916083,34.330771586],[132.4818593,34.330791919],[132.4814162,34.330783414],[132.481356861,34.330778613],[132.481292282,34.330770468],[132.481185279,34.330754162],[132.481177056,34.330740108],[132.481161582,34.330725108],[132.481137082,34.330709945],[132.481108471,34.330676919],[132.481088197,34.330656695],[132.481070921,34.330633748],[132.481021894,34.330595361],[132.480989442,34.330549108],[132.480937108,34.330539332],[132.48091275,34.330502892],[132.480893217,34.330483],[132.48087275,34.330472225],[132.480844034,34.330431468],[132.480784578,34.330373748],[132.480766498,34.330303],[132.480741855,34.330255468],[132.480735135,34.330230892],[132.480714616,34.330204414],[132.480709416,34.330149442],[132.480657562,34.330117108],[132.480654189,34.330118306],[132.480629197,34.330121333],[132.480600585,34.330136829],[132.480566499,34.330149081],[132.480550726,34.330171829],[132.480549339,34.330211333],[132.480530311,34.330235559],[132.480497692,34.330260775],[132.480475577,34.330333974],[132.480478495,34.330364973],[132.48042655,34.330424161],[132.480399533,34.330489054],[132.480373607,34.330528774],[132.480355422,34.330576892],[132.480350921,34.330595108],[132.480342944,34.330615333],[132.480351829,34.330665694],[132.480362049,34.330695414],[132.480364332,34.330728333],[132.480366861,34.330732198],[132.480385356,34.330768918],[132.480406744,34.330791694],[132.480433502,34.330830108],[132.480464696,34.330886559],[132.480473411,34.330925226],[132.480492412,34.330947802],[132.480508197,34.330984161],[132.480513774,34.331050613],[132.480533579,34.331084442],[132.480573307,34.331105441],[132.480590441,34.33112136],[132.480609273,34.331159721],[132.480637523,34.33118464],[132.48064603,34.331193973],[132.480650336,34.331215613],[132.480636498,34.331234667],[132.480653645,34.331253919],[132.48068192,34.331262494],[132.48069908,34.331255136],[132.480694811,34.331274802],[132.480690999,34.331301973],[132.480692996,34.331347865],[132.480692891,34.33137236],[132.480691024,34.331397442],[132.480587108,34.332283279],[132.480573281,34.332289586],[132.480550246,34.332350306],[132.480518443,34.332390613],[132.480507497,34.332428135],[132.480484332,34.33248328],[132.480505577,34.332555252],[132.480504137,34.332580865],[132.480513385,34.332609866],[132.480509144,34.332639279],[132.480478807,34.332688135],[132.480471855,34.332754226],[132.480473333,34.332827252],[132.480482049,34.332861027],[132.480485499,34.332913864],[132.480486615,34.332921803],[132.480484526,34.332946414],[132.480465059,34.332965946],[132.480464527,34.333000829],[132.480472387,34.333033829],[132.480457691,34.333093081],[132.480442335,34.333141081],[132.480375332,34.333333333],[132.480374475,34.333335802],[132.480352165,34.333385802],[132.480331336,34.333421919],[132.48028022,34.333500667],[132.480258003,34.333546162],[132.480237004,34.333626108],[132.480223969,34.333659414],[132.480203891,34.33369364],[132.480175772,34.333731198],[132.480153696,34.333758027],[132.480125032,34.333763695],[132.480081725,34.333776532],[132.480060246,34.333793973],[132.480024228,34.33380436],[132.479975188,34.333830973],[132.479953191,34.333850865],[132.479923865,34.333880695],[132.479902244,34.333912224],[132.479888145,34.333921],[132.479872698,34.333942225],[132.479827589,34.333974],[132.479778171,34.334038667],[132.479770661,34.334070333],[132.479754281,34.334101559],[132.479688975,34.334134198],[132.479661388,34.334169054],[132.479656136,34.334220721],[132.479641855,34.334235918],[132.479594422,34.334280388],[132.47956489,34.334321135],[132.479564138,34.334353864],[132.479545188,34.334375802],[132.479553722,34.334416],[132.479551168,34.334430252],[132.479513164,34.334436829],[132.479485253,34.334416081],[132.479455914,34.334446198],[132.479456835,34.334489279],[132.479468223,34.33450864],[132.479489974,34.334512919],[132.479521141,34.334539973],[132.479499806,34.334559865],[132.479489831,34.334594306],[132.479472167,34.334611027],[132.479489079,34.334624252],[132.479485694,34.334650225],[132.479466108,34.334648919],[132.4794462,34.334663947],[132.479393114,34.334686441],[132.479382672,34.334706829],[132.479388808,34.334725667],[132.479404838,34.334739865],[132.47940472,34.334766559],[132.479429301,34.334773252],[132.479459922,34.334766225],[132.479471855,34.334785945],[132.479490052,34.334803225],[132.479518833,34.334853081],[132.479520558,34.334882198],[132.479542724,34.334908829],[132.479554695,34.334938279],[132.479574773,34.334966081],[132.479583218,34.334985532],[132.479591362,34.335038441],[132.479629053,34.335092],[132.479638106,34.335128468],[132.479634384,34.335157334],[132.479659664,34.335198667],[132.479658717,34.335237775],[132.479637861,34.335300668],[132.479652166,34.335342919],[132.479674812,34.335358279],[132.479681336,34.335383612],[132.479677445,34.335481774],[132.479662607,34.335520865],[132.479662776,34.335572802],[132.479673969,34.335600802],[132.479674137,34.335642441],[132.479662632,34.335674866],[132.479693217,34.335719054],[132.479699856,34.335721162],[132.479700506,34.335868135],[132.479686783,34.336060027],[132.479682672,34.336096279],[132.479674864,34.336132],[132.479664748,34.336161252],[132.479641389,34.336218641],[132.479632361,34.336247694],[132.479627471,34.336276748],[132.479625305,34.336306226],[132.479623257,34.336365721],[132.479619883,34.336399108],[132.479614695,34.336432306],[132.479506719,34.336801387],[132.479496939,34.336831891],[132.479490311,34.336862667],[132.479487808,34.336890441],[132.479487367,34.336974721],[132.479484228,34.33700964],[132.479478275,34.33704428],[132.479470363,34.33707864],[132.479196201,34.337823387],[132.479165837,34.337904441],[132.479152632,34.337918081],[132.47912528,34.337951775],[132.479096719,34.338019559],[132.479078144,34.33804864],[132.479080947,34.338102559],[132.479049974,34.338131667],[132.479037276,34.33817092],[132.479025772,34.338232136],[132.479014747,34.338282027],[132.478963217,34.338337694],[132.478937612,34.338377613],[132.478937782,34.338419892],[132.478909365,34.338466667],[132.478911505,34.338514802],[132.478922114,34.338532441],[132.478913943,34.338555198],[132.478906887,34.338586946],[132.478909027,34.338639946],[132.478897109,34.338676585],[132.478824864,34.338799829],[132.478806472,34.338826305],[132.478205447,34.339537441],[132.478173528,34.339572694],[132.478112218,34.339633974],[132.478083087,34.339628919],[132.478033672,34.339670973],[132.477973942,34.339772198],[132.477935331,34.33979464],[132.477947393,34.339819134],[132.47762803,34.340105918],[132.477581336,34.340145694],[132.477485188,34.340217279],[132.477422776,34.340241865],[132.477388171,34.340284775],[132.477343606,34.340313278],[132.477322607,34.340339027],[132.477282411,34.340375559],[132.477259638,34.340415919],[132.477273697,34.34045572],[132.477273866,34.340500162],[132.477272283,34.340542468],[132.477253968,34.340587495],[132.477257445,34.340648162],[132.477283528,34.340678667],[132.47730869,34.340720892],[132.477357886,34.340771135],[132.477396693,34.340803612],[132.477410778,34.340844306],[132.477454811,34.340876198],[132.47749978,34.340931721],[132.477544553,34.340956027],[132.477575331,34.340992748],[132.477602503,34.340995278],[132.47761166,34.341031865],[132.47762,34.341082775],[132.477618471,34.341136694],[132.477544501,34.341566387],[132.477544617,34.341594892],[132.477547563,34.341623279],[132.47755406,34.341651225],[132.47756109,34.341666666],[132.477573996,34.341695252],[132.477605551,34.341733667],[132.477649689,34.341765279],[132.477750751,34.341818414],[132.477795668,34.341850387],[132.477820857,34.341878162],[132.477840337,34.341909225],[132.477854253,34.341941468],[132.477864578,34.341974531],[132.477875863,34.342020865],[132.477884281,34.342067533],[132.477893606,34.342182197],[132.477893087,34.342212198],[132.47789122,34.342242135],[132.477887977,34.342272],[132.477883411,34.342301748],[132.477876783,34.342334667],[132.477751414,34.342700495],[132.477600467,34.343003081],[132.477584358,34.343028558],[132.477522528,34.343116162],[132.477468366,34.343137387],[132.477427276,34.343165973],[132.4774162,34.343200919],[132.477374449,34.343257],[132.477306082,34.343314865],[132.477248885,34.343367135],[132.477212477,34.343427891],[132.47714144,34.343500559],[132.477082698,34.343544802],[132.477073502,34.343585667],[132.476998885,34.343632],[132.477005642,34.343664162],[132.477047082,34.343670748],[132.477057717,34.343696226],[132.477056199,34.343727532],[132.47704847,34.343788225],[132.477065747,34.343839829],[132.477072088,34.344088388],[132.477091025,34.344212306],[132.477057276,34.34425672],[132.477063385,34.344326414],[132.477025383,34.34439664],[132.47702978,34.344436306],[132.476965382,34.344537532],[132.476917004,34.344566252],[132.476885447,34.344615919],[132.476869105,34.344663441],[132.476886498,34.344722748],[132.476835162,34.344890748],[132.4767938,34.344997414],[132.476787912,34.345045559],[132.476767108,34.345095829],[132.476784332,34.345169533],[132.476779753,34.345222468],[132.476769002,34.345314999],[132.476761634,34.345354414],[132.476764136,34.345384333],[132.476777588,34.345428495],[132.476826861,34.345503108],[132.476821141,34.345541081],[132.476788417,34.345597946],[132.476749728,34.34562672],[132.476742166,34.345673],[132.476748444,34.345723829],[132.476779585,34.345770161],[132.476800466,34.345858109],[132.476846887,34.345893441],[132.476899534,34.345933054],[132.476932167,34.345939918],[132.477036784,34.34612836],[132.477119273,34.346189441],[132.477261659,34.346244081],[132.477324255,34.346236532],[132.477321388,34.346258973],[132.477367446,34.346274999],[132.477383645,34.346248559],[132.477459921,34.346268919],[132.477465888,34.346270162],[132.477435032,34.346356775],[132.477468859,34.346365163],[132.477478003,34.34633936],[132.477980142,34.346446721],[132.478146394,34.346459468],[132.478269002,34.346461693],[132.478372699,34.346462414],[132.478465967,34.346497333],[132.478645577,34.346567198],[132.478986913,34.346776667],[132.478993891,34.346781053],[132.479036201,34.346792225],[132.479054475,34.346794802],[132.47909022,34.346788225],[132.47917297,34.346738775],[132.479195447,34.346729613],[132.479316718,34.346725892],[132.479494254,34.346675198],[132.479521803,34.346656747],[132.479528833,34.346647892],[132.479937197,34.346731333],[132.479974384,34.346736081],[132.480011556,34.346739415],[132.480048301,34.346741134],[132.480084384,34.346740775],[132.480117756,34.346738441],[132.480150999,34.346733666],[132.48018511,34.346726279],[132.480220948,34.346715802],[132.480257523,34.346702919],[132.480350895,34.346664468],[132.480725279,34.346741748],[132.480747613,34.346755387],[132.480807328,34.346798333],[132.480883554,34.346860532],[132.481145447,34.346958829],[132.481145694,34.346971721],[132.481355772,34.346960108],[132.481355837,34.34697364],[132.481464501,34.34696883]]},"properties":{"city_code":"34103","city_name":"南区","prefecture_code":"34","prefecture_name":"広島県"}},{"type":"Feature","geometry":{"type":"LineString","coordinates":[[132.450111608,34.347268225],[132.450383696,34.347052027],[132.450400052,34.347066495],[132.451372334,34.346291613],[132.451388586,34.346275333],[132.45275786,34.345190279],[132.452746939,34.34518128],[132.453714968,34.344411866],[132.453734696,34.344427135],[132.453786835,34.344384748],[132.453735058,34.344341586],[132.45343856,34.344571721],[132.450077587,34.347243135],[132.450111608,34.347268225]]},"properties":{"city_code":"34103","city_name":"南区","prefecture_code":"34","prefecture_name":"広島県"}},{"type":"Feature","geometry":{"type":"LineString","coordinates":[[132.466666666,34.347300703],[132.466368445,34.346943523],[132.46634166,34.346958919],[132.466666667,34.347348179],[132.467270311,34.348071162],[132.467297107,34.348055767],[132.466666666,34.347300703]]},"properties":{"city_code":"34103","city_name":"南区","prefecture_code":"34","prefecture_name":"広島県"}},{"type":"Feature","geometry":{"type":"LineString","coordinates":[[132.463005693,34.35102236],[132.462724384,34.350809387],[132.462718974,34.350813892],[132.462688495,34.350839225],[132.462969805,34.351053999],[132.46299908,34.351027801],[132.463005693,34.35102236]]},"properties":{"city_code":"34103","city_name":"南区","prefecture_code":"34","prefecture_name":"広島県"}},{"type":"Feature","geometry":{"type":"LineString","coordinates":[[132.44999917,34.351000613],[132.449795136,34.350877748],[132.44970917,34.350976027],[132.449740752,34.350995054],[132.449758833,34.351005947],[132.449775383,34.351015919],[132.449778326,34.351017694],[132.449841726,34.351055775],[132.449856524,34.351064747],[132.449876809,34.351076892],[132.449913165,34.351098802],[132.44999917,34.351000613]]},"properties":{"city_code":"34103","city_name":"南区","prefecture_code":"34","prefecture_name":"広島県"}},{"type":"Feature","geometry":{"type":"LineString","coordinates":[[132.46349856,34.351243586],[132.46302856,34.350875892],[132.462966861,34.350927252],[132.463442114,34.351295748],[132.46349856,34.351243586]]},"properties":{"city_code":"34103","city_name":"南区","prefecture_code":"34","prefecture_name":"広島県"}},{"type":"Feature","geometry":{"type":"LineString","coordinates":[[132.460015551,34.351721803],[132.460014942,34.351703306],[132.460001777,34.351703613],[132.459996589,34.351519721],[132.460006355,34.351519775],[132.460006329,34.351510666],[132.460006419,34.351503],[132.459996083,34.351503225],[132.459994112,34.351434333],[132.459990752,34.351403694],[132.459983022,34.351375748],[132.459967756,34.351353252],[132.459942673,34.351332587],[132.459906744,34.351319054],[132.459868249,34.35131464],[132.459856887,34.351112279],[132.459867639,34.351080586],[132.459898975,34.351053305],[132.459945305,34.351031802],[132.460001167,34.351023109],[132.460063891,34.351027027],[132.460131997,34.351040749],[132.460200415,34.351060414],[132.460359883,34.35111736],[132.460539857,34.351171748],[132.460714137,34.351209829],[132.460881388,34.351231973],[132.460964136,34.351239162],[132.461102671,34.351245694],[132.461102581,34.351254414],[132.461121284,34.351254919],[132.461120921,34.351245919],[132.461246252,34.351246415],[132.461374695,34.351235387],[132.461493554,34.351216081],[132.461660533,34.351183027],[132.461700558,34.351285802],[132.4618362,34.351253027],[132.461799221,34.351153135],[132.462155278,34.351044532],[132.462159001,34.351052081],[132.462173968,34.351047559],[132.46216983,34.351039279],[132.462417834,34.350961135],[132.462681026,34.35081336],[132.462687755,34.350806865],[132.46269,34.350804946],[132.462731415,34.350769775],[132.462906835,34.350579135],[132.462934578,34.350583225],[132.462915279,34.350662053],[132.462973696,34.350672108],[132.463014643,34.350504387],[132.462961556,34.350494333],[132.462954137,34.350519694],[132.462905422,34.350510892],[132.462921361,34.350438721],[132.462982361,34.350449387],[132.463087108,34.35],[132.463341193,34.34891],[132.463354228,34.348904559],[132.463394137,34.348738333],[132.463423891,34.348623776],[132.463416667,34.348488973],[132.463415668,34.348481586],[132.463471557,34.34824064],[132.463494475,34.348228306],[132.463487912,34.348221108],[132.463461777,34.348235162],[132.46340642,34.348473667],[132.463362386,34.348442495],[132.463388081,34.348331802],[132.463377419,34.348330108],[132.463352892,34.348435748],[132.463025227,34.348203586],[132.463008859,34.348189198],[132.463095693,34.347808441],[132.463592528,34.347892694],[132.463573217,34.347972081],[132.463597173,34.34797564],[132.46354153,34.348199252],[132.463574163,34.348204586],[132.463660753,34.347851053],[132.463151414,34.347765775],[132.46320061,34.34755236],[132.463212361,34.347501387],[132.463739054,34.347588613],[132.463781582,34.347412162],[132.463895032,34.346941],[132.463900389,34.346918532],[132.46396131,34.346651533],[132.463959105,34.346647027],[132.464068054,34.346192559],[132.464095915,34.346083387],[132.464265746,34.345358306],[132.464296744,34.345236586],[132.464309883,34.345178495],[132.464317276,34.345146108],[132.464337302,34.345058001],[132.464439948,34.344636802],[132.463970999,34.344561667],[132.463973747,34.344547694],[132.463863282,34.344530468],[132.463844694,34.344500748],[132.463847056,34.344463054],[132.464022114,34.344142865],[132.464082049,34.344159468],[132.464751387,34.342929108],[132.464640052,34.342883946],[132.464755382,34.34267583],[132.464769223,34.342650468],[132.464876032,34.342461333],[132.465077912,34.342537468],[132.46507253,34.342548307],[132.4656138,34.342756333],[132.465636278,34.342717865],[132.464907912,34.342437919],[132.464934189,34.342401495],[132.464872802,34.342343333],[132.464737755,34.342208162],[132.464662049,34.342135667],[132.464628028,34.342100775],[132.464620532,34.342008919],[132.46461039,34.341970162],[132.464588301,34.341929748],[132.464560662,34.341892135],[132.464520117,34.341854559],[132.464471946,34.341824279],[132.464423943,34.341803829],[132.464365084,34.341784414],[132.464312866,34.341774919],[132.464311777,34.341774441],[132.464280533,34.341753162],[132.464243969,34.341718],[132.464210363,34.341680027],[132.464197276,34.341666667],[132.464188885,34.341658198],[132.464121167,34.341595333],[132.464086355,34.341560414],[132.464053191,34.34152364],[132.464023385,34.341486306],[132.46400022,34.341447749],[132.463989001,34.341415532],[132.463982023,34.341378387],[132.463971635,34.341299801],[132.463988249,34.341294333],[132.46400764,34.341244251],[132.464002776,34.341191722],[132.463971115,34.341146721],[132.46391808,34.341118721],[132.463890921,34.341125533],[132.463874994,34.341109359],[132.463838327,34.341099252],[132.463795837,34.341068532],[132.463759105,34.341070333],[132.463729585,34.341049748],[132.463692088,34.341019441],[132.463666005,34.340990495],[132.46362703,34.340938198],[132.463615863,34.340914333],[132.463615552,34.340891613],[132.463618197,34.34086636],[132.463612776,34.340813829],[132.463597367,34.340755252],[132.463608418,34.340715108],[132.463600584,34.340684027],[132.46358528,34.340659721],[132.463582361,34.340601387],[132.463589882,34.340576387],[132.463562581,34.34054464],[132.463560337,34.340523278],[132.46357197,34.340490973],[132.463569805,34.340461586],[132.463563333,34.340443027],[132.463525447,34.340393081],[132.463419728,34.340404613],[132.463391388,34.340416586],[132.463348393,34.340426333],[132.463310895,34.340454468],[132.463290077,34.34044028],[132.46326205,34.340418972],[132.46323197,34.340389467],[132.463209805,34.340359333],[132.463193386,34.340328802],[132.46315642,34.340236587],[132.463141531,34.340204135],[132.463122283,34.340169829],[132.463093217,34.340127199],[132.463070947,34.340097386],[132.463066135,34.340088307],[132.463055473,34.340056413],[132.463034643,34.340038081],[132.463034528,34.340002279],[132.462999273,34.339962333],[132.462920053,34.339937919],[132.462900117,34.339916054],[132.462894034,34.339887495],[132.462861336,34.339863054],[132.462825525,34.339878],[132.462795279,34.3399],[132.462769857,34.339904919],[132.462745058,34.339931388],[132.462745668,34.339952945],[132.462731802,34.339995081],[132.4627407,34.340035027],[132.462568469,34.340161279],[132.46245428,34.340201667],[132.462390557,34.340224532],[132.462361219,34.340252278],[132.462312724,34.340280613],[132.462297782,34.340328892],[132.462270778,34.340344027],[132.462273645,34.340388],[132.462250999,34.340405],[132.462237445,34.340445892],[132.462196499,34.340487279],[132.462165837,34.340542613],[132.462065694,34.340595865],[132.462032387,34.340611559],[132.461889974,34.340665532],[132.461830584,34.340680919],[132.461779196,34.340690225],[132.461742049,34.340695828],[132.461740364,34.340683829],[132.461705837,34.340660197],[132.461645668,34.340639892],[132.461596005,34.340644135],[132.461549857,34.340630639],[132.461469053,34.340673027],[132.461464163,34.340679532],[132.461416615,34.340690468],[132.461348755,34.340709829],[132.461287199,34.340733613],[132.4612462,34.340751919],[132.461216472,34.340738919],[132.461180078,34.34074864],[132.461159533,34.340776388],[132.461103723,34.340788586],[132.461068495,34.340818613],[132.461066278,34.340900468],[132.461072633,34.340919495],[132.461100415,34.340934919],[132.461125719,34.340962721],[132.461083191,34.341013135],[132.461085084,34.341055225],[132.461100078,34.341091721],[132.461046278,34.341089587],[132.461027523,34.341102441],[132.461022867,34.341163108],[132.461068106,34.341213693],[132.460987497,34.341320333],[132.460958691,34.341314279],[132.460937418,34.341285495],[132.460936355,34.341260613],[132.460904255,34.341219748],[132.460867497,34.341212162],[132.460858003,34.341264027],[132.460857276,34.341276748],[132.460881725,34.341307721],[132.460903722,34.341383748],[132.460926719,34.341426054],[132.46088066,34.341471892],[132.460887393,34.341498468],[132.460907886,34.341513829],[132.460910999,34.341563135],[132.460934502,34.341605198],[132.460929584,34.34162764],[132.460921336,34.341658586],[132.460918249,34.341666667],[132.460908301,34.341693162],[132.460895358,34.341723748],[132.460883502,34.341755495],[132.460865811,34.341789],[132.460841997,34.341818],[132.460822724,34.341837802],[132.460797717,34.341839666],[132.460735136,34.341873162],[132.460702361,34.341924198],[132.460745863,34.341993776],[132.460723022,34.342020613],[132.460693061,34.342058532],[132.460664942,34.342100802],[132.460640752,34.342139973],[132.460547174,34.342271558],[132.460509947,34.342314586],[132.460480778,34.342339333],[132.460450337,34.342367441],[132.460423086,34.342401776],[132.460405448,34.342427891],[132.460365473,34.342436892],[132.460339364,34.342428495],[132.460323165,34.342461441],[132.460309663,34.342511775],[132.460313476,34.342545829],[132.460282555,34.342594613],[132.460283088,34.342651587],[132.460303839,34.342684163],[132.460288755,34.342718279],[132.460249689,34.342738387],[132.460242554,34.342782946],[132.460260117,34.34282564],[132.460145771,34.342924359],[132.460079052,34.342988531],[132.460037328,34.343025614],[132.460002335,34.343060225],[132.459942827,34.343141225],[132.459921193,34.343167694],[132.45986489,34.343229307],[132.459658197,34.343367027],[132.459586304,34.343352495],[132.459526641,34.343383586],[132.459500725,34.343437],[132.459482335,34.343456613],[132.459426135,34.343461333],[132.459383969,34.343463694],[132.459350338,34.343480639],[132.459312776,34.343459198],[132.459309248,34.343446198],[132.459271608,34.343435108],[132.459222996,34.343434694],[132.459178859,34.343424694],[132.459118003,34.343433413],[132.459043307,34.343454333],[132.458998392,34.343477612],[132.458913022,34.343495666],[132.458865357,34.343483613],[132.458761635,34.343504586],[132.458731829,34.343533225],[132.458736809,34.343553414],[132.458716006,34.343604054],[132.458690948,34.343614109],[132.458631284,34.343618748],[132.458598196,34.343639026],[132.45859891,34.343690775],[132.458628145,34.343719559],[132.458627276,34.343752198],[132.458649104,34.343807973],[132.45867114,34.343893108],[132.458681582,34.343960892],[132.458702529,34.344015108],[132.458715747,34.344061693],[132.458719755,34.344118919],[132.458738028,34.344154667],[132.458707471,34.344181532],[132.458691141,34.344203109],[132.458678586,34.344223973],[132.458659001,34.344251054],[132.458637471,34.344278162],[132.45861594,34.344307946],[132.458523411,34.344454414],[132.458450532,34.344547027],[132.458409857,34.344529054],[132.458349533,34.344558775],[132.458333333,34.344586252],[132.458326939,34.344597053],[132.4583045,34.344614495],[132.45827878,34.344654775],[132.458266809,34.344677533],[132.458273969,34.344710415],[132.458261777,34.344735414],[132.458265058,34.344801054],[132.45828275,34.344824441],[132.458322891,34.344836973],[132.458333333,34.344834532],[132.458351141,34.344830333],[132.45835122,34.344858559],[132.458334993,34.344975775],[132.458333333,34.344978973],[132.458264811,34.345109197],[132.458228249,34.345163387],[132.458197834,34.345198442],[132.458189534,34.345245776],[132.458166329,34.345295333],[132.458118638,34.345333495],[132.458075447,34.345382279],[132.458008366,34.345471082],[132.458001051,34.345504108],[132.457979339,34.345537667],[132.457947717,34.345569946],[132.457906031,34.345585559],[132.457873645,34.345589946],[132.457838327,34.345588226],[132.457780246,34.345577494],[132.457806252,34.345618586],[132.457684112,34.345595802],[132.457678055,34.345634225],[132.457828911,34.345665613],[132.457955111,34.345685082],[132.457959105,34.345719946],[132.457947912,34.346098532],[132.457911921,34.346091027],[132.457868444,34.346098972],[132.457853838,34.346115613],[132.457832438,34.346124775],[132.457814644,34.346159973],[132.457818612,34.346176721],[132.457808275,34.34620144],[132.457817951,34.346237946],[132.457791894,34.346277225],[132.457787834,34.346358387],[132.457777782,34.346471198],[132.457779274,34.346495892],[132.457802502,34.346517279],[132.457882167,34.346578055],[132.457889922,34.34674436],[132.457914969,34.346787306],[132.458333333,34.347552802],[132.458648003,34.348128533],[132.458621724,34.348138054],[132.458738885,34.348354973],[132.458766083,34.348425946],[132.458781115,34.348503722],[132.458771051,34.348505108],[132.458751051,34.34850992],[132.45876742,34.348556495],[132.458766162,34.348602108],[132.458774837,34.348659],[132.458791025,34.348692495],[132.458792827,34.348741],[132.458822698,34.348740279],[132.458892996,34.349156694],[132.458871997,34.349159027],[132.458883554,34.349227612],[132.458904553,34.349225162],[132.459035357,34.35],[132.459172672,34.350813414],[132.459301699,34.351689162],[132.459670777,34.351888865],[132.459743502,34.351887891],[132.45988345,34.35186636],[132.460006252,34.351862721],[132.460002283,34.351722081],[132.460015551,34.351721803]]},"properties":{"city_code":"34103","city_name":"南区","prefecture_code":"34","prefecture_name":"広島県"}},{"type":"Feature","geometry":{"type":"LineString","coordinates":[[132.51816,34.362213613],[132.517958729,34.36206154],[132.517499287,34.362567368],[132.517088418,34.362954495],[132.51707358,34.362969414],[132.516938197,34.363091081],[132.516923502,34.363104306],[132.516941362,34.363117667],[132.517134385,34.363262081],[132.517146161,34.363269802],[132.517330026,34.363408306],[132.517336913,34.363415829],[132.517808949,34.363772946],[132.517822698,34.36378264],[132.517847652,34.363801712],[132.517852503,34.363773333],[132.518024163,34.362902495],[132.518155837,34.36223444],[132.51816,34.362213613]]},"properties":{"city_code":"34103","city_name":"南区","prefecture_code":"34","prefecture_name":"広島県"}},{"type":"Feature","geometry":{"type":"LineString","coordinates":[[132.473527497,34.398269722],[132.473739442,34.398164999],[132.473783333,34.398256667],[132.474073917,34.398866559],[132.474174994,34.399078055],[132.474262362,34.399250612],[132.474512503,34.399786107],[132.474521946,34.39980944],[132.474564163,34.399912495],[132.474635551,34.399875558],[132.474999999,34.39968764],[132.475479171,34.399440559],[132.476136108,34.399101387],[132.477473334,34.398411108],[132.476996939,34.397838892],[132.477649728,34.397475],[132.477842503,34.397181108],[132.477965278,34.396940279],[132.478227496,34.396747775],[132.478639441,34.396453332],[132.479281388,34.395998613],[132.479516939,34.395858054],[132.479667224,34.395768613],[132.479887497,34.395637225],[132.479891114,34.395635],[132.480383334,34.395410279],[132.480634994,34.395307225],[132.480828612,34.395227494],[132.48098611,34.395162495],[132.481255279,34.395051946],[132.481383891,34.395012495],[132.481458613,34.394989721],[132.481796667,34.394886108],[132.482296939,34.394828055],[132.482304721,34.394827225],[132.483333333,34.394649495],[132.483523334,34.394616667],[132.484316109,34.394479441],[132.484757224,34.394414721],[132.485329728,34.394318333],[132.485891388,34.394227495],[132.486987225,34.39416083],[132.487030829,34.394158054],[132.488212776,34.394035],[132.488462503,34.394],[132.488474721,34.393998332],[132.488556667,34.393986667],[132.4897,34.393826387],[132.491256667,34.393628614],[132.49154,34.393596387],[132.491666667,34.393537027],[132.491803606,34.393472775],[132.491822777,34.393463891],[132.492002672,34.393379668],[132.492220272,34.393277495],[132.492354163,34.393214721],[132.492584994,34.393106668],[132.492628054,34.393086387],[132.492754163,34.393027225],[132.492833891,34.39299],[132.493036667,34.392895],[132.49316083,34.392836946],[132.494995551,34.392018613],[132.495093061,34.391956946],[132.495552944,34.391666667],[132.49585166,34.391478053],[132.497477497,34.39039],[132.497713112,34.390241613],[132.497946394,34.390094721],[132.498396939,34.389830559],[132.498634994,34.389743053],[132.49873847,34.389704946],[132.498881946,34.389651946],[132.499204163,34.389516108],[132.499443607,34.389420558],[132.499698054,34.389319162],[132.49972083,34.38931],[132.499554994,34.389144441],[132.499438054,34.389027495],[132.499240272,34.38867444],[132.499211946,34.388624163],[132.499123605,34.388250559],[132.499118612,34.387881667],[132.49908917,34.387016108],[132.499167782,34.386347495],[132.499197224,34.385995828],[132.499213061,34.38580944],[132.499221946,34.385703054],[132.499536667,34.384749163],[132.499578327,34.384586108],[132.499897588,34.383333333],[132.499930271,34.383205],[132.499954721,34.382875559],[132.5,34.382612829],[132.500102219,34.382019721],[132.500114449,34.381953333],[132.500338327,34.380731387],[132.500478612,34.380680829],[132.500572776,34.380646667],[132.500692503,34.380603613],[132.500692503,34.379983893],[132.500726939,34.379369162],[132.500805551,34.378513613],[132.500832777,34.378380279],[132.500903606,34.378030829],[132.500931946,34.377891946],[132.501046667,34.377328333],[132.50140083,34.376030279],[132.50149917,34.375990829],[132.501656667,34.375972226],[132.50200083,34.375931945],[132.502238327,34.375911945],[132.502405279,34.375897775],[132.503397224,34.375813892],[132.50371917,34.375787495],[132.503780558,34.375782414],[132.503906809,34.375772055],[132.504053333,34.37576],[132.50418611,34.375749162],[132.504484164,34.375724721],[132.504841193,34.375771414],[132.506404501,34.375667387],[132.506529442,34.375597225],[132.506924163,34.375584441],[132.507124994,34.375577775],[132.50773472,34.375558054],[132.508333333,34.375531468],[132.508485278,34.375524721],[132.508542775,34.375522225],[132.509062503,34.375499162],[132.509190272,34.375568054],[132.509337782,34.37578444],[132.509337782,34.376089162],[132.509428611,34.376099441],[132.509681946,34.376128613],[132.5098,34.376168054],[132.510341115,34.376187495],[132.510714994,34.376149441],[132.510823061,34.376138333],[132.510839728,34.376074721],[132.510854163,34.376018614],[132.510878327,34.375925829],[132.510904423,34.375825387],[132.510916394,34.375779441],[132.510946109,34.375563054],[132.511018275,34.375],[132.511044449,34.374795829],[132.511280557,34.374776108],[132.511477224,34.374854721],[132.511897497,34.375],[132.512018054,34.375041667],[132.51249,34.375169441],[132.51299166,34.375169441],[132.51327694,34.375208892],[132.5137,34.375287495],[132.51453083,34.375211109],[132.515127497,34.375156107],[132.515179728,34.375151387],[132.51530306,34.37514],[132.515465551,34.375110828],[132.515686667,34.375071387],[132.516217782,34.375032225],[132.516221752,34.374999999],[132.516264163,34.374655829],[132.516274163,34.374574162],[132.516316109,34.374235279],[132.51639472,34.373428892],[132.516394721,34.373192775],[132.516264163,34.373059441],[132.516235551,34.373030559],[132.515922503,34.372710829],[132.515696667,34.372474721],[132.515519728,34.372288053],[132.515434163,34.372143613],[132.51539166,34.372071667],[132.515258885,34.371830829],[132.515180271,34.371604441],[132.515141946,34.371390279],[132.515131115,34.371329163],[132.515134721,34.371288055],[132.515143062,34.371189441],[132.515160557,34.370984721],[132.515258885,34.37039472],[132.51527083,34.370359721],[132.51548528,34.36972583],[132.51584083,34.369005279],[132.51604083,34.368599721],[132.51651306,34.367891387],[132.516666667,34.367724829],[132.516866109,34.367508613],[132.517080272,34.367276108],[132.517088612,34.367267225],[132.517235772,34.366666667],[132.517344162,34.366224441],[132.517593645,34.365104279],[132.517420609,34.365211424],[132.516898145,34.365091108],[132.516881608,34.365064666],[132.516841504,34.365009973],[132.516760999,34.364921108],[132.516666667,34.364825587],[132.516417302,34.364573027],[132.516087665,34.364231999],[132.516223333,34.364149747],[132.516079727,34.363993468],[132.515967393,34.364065468],[132.515920973,34.364069279],[132.5158993,34.364039253],[132.515879755,34.364038946],[132.515858444,34.364016559],[132.515819948,34.363985829],[132.515748912,34.363950135],[132.515506979,34.363861026],[132.515461388,34.363855028],[132.515460584,34.363840973],[132.515184228,34.363814162],[132.514625383,34.363262468],[132.51461144,34.363227081],[132.514610895,34.363172001],[132.514655447,34.362769054],[132.514670467,34.362673163],[132.514680974,34.362660333],[132.514682503,34.36261264],[132.514658495,34.36259136],[132.513846161,34.362011252],[132.513850169,34.362004559],[132.513621751,34.361843559],[132.513599053,34.361826055],[132.513433411,34.361706532],[132.513128003,34.361486225],[132.512908755,34.361334305],[132.512857276,34.361296946],[132.512689273,34.361179225],[132.512639079,34.36113664],[132.512415474,34.360981469],[132.512105576,34.360758748],[132.511936719,34.360643109],[132.511875525,34.360595947],[132.511608418,34.360408279],[132.511355525,34.360219027],[132.511347471,34.360213027],[132.511273528,34.360158053],[132.511198444,34.36011372],[132.511111778,34.360085224],[132.510941608,34.360023468],[132.510674253,34.359857441],[132.510577562,34.359789278],[132.510504253,34.35972864],[132.510420921,34.359631946],[132.510302724,34.359470279],[132.51027939,34.359453468],[132.51025594,34.359436775],[132.510179079,34.359381559],[132.509836135,34.359149559],[132.509830195,34.359162081],[132.509430752,34.359122829],[132.50937738,34.359127027],[132.509328936,34.359030153],[132.509100999,34.358333332],[132.508647173,34.356963333],[132.508333333,34.356807667],[132.506157419,34.35572836],[132.502197886,34.355743252],[132.501900895,34.355744333],[132.500822866,34.35574836],[132.50073275,34.357314089],[132.499999999,34.357283288],[132.499229182,34.3572509],[132.497488405,34.357177739],[132.49725642,34.357179802],[132.497042361,34.357013775],[132.496652671,34.357016279],[132.496418444,34.357017775],[132.496136667,34.356807495],[132.496070804,34.35675836],[132.495914669,34.356638893],[132.495819054,34.356565828],[132.495694838,34.356466],[132.494413943,34.355437252],[132.494137198,34.355220163],[132.492998976,34.354307865],[132.49271703,34.354072306],[132.492478145,34.353886946],[132.492204967,34.353663441],[132.492195551,34.353671054],[132.491968807,34.353477721],[132.491666666,34.35348172],[132.487620246,34.353535],[132.484855136,34.353572053],[132.48484917,34.353572162],[132.484329248,34.353577748],[132.483381193,34.353596],[132.483333333,34.35359636],[132.482634306,34.353601892],[132.482880999,34.353289802],[132.482556809,34.353118035],[132.48217917,34.353605414],[132.481113398,34.354972847],[132.481114086,34.355006468],[132.481124942,34.35500636],[132.481126109,34.35506064],[132.481115253,34.355060747],[132.481157109,34.357114532],[132.481172282,34.357320802],[132.481172555,34.357334532],[132.481161699,34.35733464],[132.481165551,34.357528279],[132.481176446,34.357528162],[132.481176978,34.357553586],[132.481166083,34.357553695],[132.481170337,34.357758081],[132.481181193,34.357757864],[132.481181751,34.357784279],[132.481170856,34.357784494],[132.481174747,34.357978054],[132.481185616,34.357977946],[132.481186135,34.358000559],[132.481175253,34.358000667],[132.481179389,34.358205694],[132.481190272,34.358205559],[132.481190804,34.358232081],[132.481179948,34.358232197],[132.481182023,34.358333333],[132.48118406,34.358430802],[132.481194915,34.358430586],[132.481195447,34.358456468],[132.481184578,34.358456586],[132.48118869,34.358658251],[132.481199559,34.358658027],[132.481199973,34.358680468],[132.481189105,34.358680614],[132.481193217,34.35888092],[132.481204113,34.358880802],[132.481204643,34.358906586],[132.481193748,34.358906694],[132.48119786,34.359106667],[132.481208754,34.359106441],[132.48120917,34.359131613],[132.481198301,34.359131722],[132.481202412,34.359332865],[132.481213281,34.35933264],[132.4812138,34.359357694],[132.481202944,34.359357829],[132.481205305,34.359463829],[132.48121572,34.359464279],[132.481216355,34.359482919],[132.481002944,34.35948564],[132.481003192,34.35949464],[132.480973087,34.359495],[132.480972944,34.359485973],[132.480785746,34.35948836],[132.480785888,34.35949736],[132.480754163,34.359497802],[132.480753917,34.359488802],[132.480568444,34.359491081],[132.480568586,34.35950008],[132.480534668,34.35950056],[132.480534528,34.359491532],[132.480352892,34.359493802],[132.48035236,34.359503531],[132.480323256,34.359503531],[132.480323307,34.359494864],[132.480133282,34.359496613],[132.480133527,34.35950564],[132.480101478,34.359506081],[132.480101218,34.359497053],[132.479917056,34.359499332],[132.479917224,34.359508333],[132.479887756,34.359508775],[132.479887612,34.359499776],[132.479792283,34.359500919],[132.479808586,34.360230864],[132.479815446,34.360758532],[132.479830311,34.361286],[132.479827977,34.361381694],[132.479829339,34.361720108],[132.479816938,34.361720135],[132.47981664,34.361751775],[132.479849663,34.361751892],[132.479849754,34.361739973],[132.480020752,34.361737108],[132.480020661,34.361746108],[132.480062412,34.361745108],[132.480062503,34.361737532],[132.480660507,34.361726162],[132.480664423,34.362016829],[132.48065341,34.362017224],[132.480653774,34.362027865],[132.480654163,34.362039306],[132.480654281,34.362042829],[132.480666473,34.362043252],[132.480666005,34.362065532],[132.480664942,34.362100306],[132.480654942,34.362100333],[132.480655668,34.362119198],[132.480656667,34.362125748],[132.480656498,34.362142892],[132.480667808,34.362143586],[132.480668911,34.36217964],[132.480669831,34.362219947],[132.48066039,34.362220055],[132.480657056,34.362231532],[132.480660584,34.362242414],[132.48066061,34.362250892],[132.480671024,34.362250946],[132.480670856,34.362290613],[132.480657614,34.362290748],[132.480652309,34.362329802],[132.480657665,34.362337801],[132.480672023,34.362337865],[132.480672724,34.362409252],[132.480660337,34.362409387],[132.480660415,34.362437055],[132.480673476,34.362436667],[132.480676134,34.362568387],[132.480663969,34.362568333],[132.480663866,34.362596441],[132.480678638,34.362596495],[132.480679416,34.36263328],[132.480665617,34.362633865],[132.480665422,34.362664973],[132.480679339,34.362665028],[132.480680311,34.362752748],[132.48066594,34.362752945],[132.48066594,34.362782893],[132.480679883,34.362783666],[132.480681855,34.362822612],[132.48079275,34.362962694],[132.480783748,34.362968135],[132.480771193,34.362955279],[132.480710895,34.362998054],[132.480721504,34.363009586],[132.480708911,34.363020333],[132.480696667,34.363003333],[132.480644891,34.363024468],[132.48061153,34.362969387],[132.480586446,34.362943945],[132.480298054,34.363071332],[132.480291608,34.363064135],[132.480245694,34.363084441],[132.480247782,34.363093468],[132.47978205,34.363300135],[132.479772387,34.363304387],[132.47974297,34.363317441],[132.479787056,34.363386027],[132.47982083,34.363441587],[132.479649364,34.363517279],[132.4795807,34.363416387],[132.479563969,34.363390667],[132.479492335,34.363422667],[132.479482891,34.363426919],[132.479401699,34.363463198],[132.479391946,34.36346764],[132.479193865,34.363556135],[132.479182361,34.363561225],[132.479075227,34.363609081],[132.479063606,34.363614162],[132.47892,34.363677559],[132.478907419,34.363683081],[132.478795719,34.363732333],[132.478741479,34.363756639],[132.478732892,34.363760531],[132.478573332,34.363831973],[132.478566057,34.363835252],[132.478530584,34.363851108],[132.478396862,34.363910775],[132.478384916,34.363916108],[132.478295914,34.363955748],[132.478312633,34.363982225],[132.478342607,34.364033333],[132.478179274,34.364106252],[132.478146251,34.364054495],[132.478128638,34.364028387],[132.478050053,34.364063667],[132.478040611,34.364067919],[132.477908975,34.364127027],[132.477883891,34.364138107],[132.477875863,34.36414164],[132.477819079,34.364166667],[132.477808781,34.364171198],[132.477733332,34.364204387],[132.477721609,34.364209559],[132.477616108,34.36425608],[132.47760166,34.364262495],[132.477589196,34.364268135],[132.477487808,34.364313559],[132.477477614,34.364318081],[132.477337276,34.364380919],[132.477352477,34.364407306],[132.477374811,34.364444387],[132.477353165,34.364453973],[132.477396615,34.364519973],[132.477270169,34.364578801],[132.477229248,34.364512198],[132.477207134,34.364521306],[132.47719747,34.364505415],[132.477118859,34.364533108],[132.476677393,34.365010441],[132.476656588,34.365033225],[132.476086005,34.365646919],[132.475987251,34.365754721],[132.47566428,34.366095054],[132.4756838,34.366439586],[132.475747366,34.36659964],[132.475776745,34.366639694],[132.475780142,34.366666666],[132.475793087,34.36677036],[132.475721854,34.36691164],[132.475760142,34.367062919],[132.475606836,34.367093612],[132.475599533,34.367082161],[132.475593774,34.367084892],[132.475472581,34.366976387],[132.47553153,34.36686172],[132.475502801,34.366742613],[132.475480246,34.366700108],[132.475465058,34.366676641],[132.475474099,34.366666667],[132.475476977,34.366663494],[132.475459415,34.366082613],[132.476528328,34.364952054],[132.476550195,34.364929081],[132.476973708,34.364473476],[132.476997613,34.364445964],[132.477008495,34.36442381],[132.47701231,34.364408162],[132.476999585,34.363731225],[132.477177056,34.363655386],[132.47804083,34.363272468],[132.478048638,34.363268946],[132.478303606,34.363155946],[132.478309663,34.363153225],[132.478392503,34.363116495],[132.478380506,34.363094973],[132.478913165,34.362857973],[132.478926615,34.36285208],[132.479144772,34.362754946],[132.479143994,34.362721054],[132.479143866,34.362713027],[132.47914192,34.362629198],[132.47914166,34.362619108],[132.479053281,34.358333333],[132.479038028,34.357660946],[132.47899336,34.357661694],[132.478539806,34.357480279],[132.478410467,34.357428586],[132.478398171,34.357424028],[132.478124136,34.35731456],[132.478512412,34.356721865],[132.475,34.355108694],[132.471194449,34.353360668],[132.470158976,34.35193336],[132.469619857,34.352005027],[132.469602698,34.352007333],[132.469046394,34.352081198],[132.469057003,34.352133721],[132.469068301,34.352133252],[132.469078107,34.352166667],[132.46910611,34.352187495],[132.469109364,34.352212468],[132.469116834,34.352598252],[132.469085862,34.352601559],[132.469088495,34.35266872],[132.469120337,34.352665829],[132.469128392,34.352911695],[132.466677756,34.352972802],[132.466666667,34.352973108],[132.466046887,34.352990027],[132.465910804,34.352992802],[132.465181894,34.353008198],[132.465045811,34.353011414],[132.465042969,34.353046225],[132.46492406,34.353047775],[132.464925422,34.353120973],[132.464866394,34.353124533],[132.464865914,34.353114162],[132.464844838,34.353113414],[132.464844163,34.353078694],[132.464670467,34.353085533],[132.464666861,34.353042614],[132.464628495,34.353044613],[132.464627561,34.353089414],[132.464413865,34.353095001],[132.464361245,34.353096387],[132.464076031,34.353103919],[132.464045279,34.353105252],[132.463998222,34.353107278],[132.463942362,34.353109666],[132.463732244,34.353118721],[132.463671829,34.353123027],[132.463651607,34.35312264],[132.463375863,34.353130225],[132.463356615,34.353127586],[132.463207276,34.353073027],[132.463161441,34.353056559],[132.462987524,34.352993865],[132.462620777,34.353000163],[132.462581777,34.351863387],[132.462539274,34.351864667],[132.462545551,34.352137558],[132.462557523,34.352138414],[132.462568249,34.352439414],[132.462347497,34.35244536],[132.462352387,34.352635495],[132.462482944,34.352631667],[132.462486589,34.352772305],[132.462370169,34.352777],[132.462382088,34.353044387],[132.461838197,34.353056774],[132.461773087,34.353059559],[132.461769689,34.353028],[132.461724917,34.353027946],[132.461699053,34.353028081],[132.461654475,34.353029081],[132.461653502,34.353061559],[132.46082197,34.353081135],[132.46081969,34.353051559],[132.460775136,34.353052586],[132.460749805,34.353052],[132.460700143,34.353053666],[132.460701219,34.353085225],[132.460173385,34.353095225],[132.460169559,34.353054747],[132.460214526,34.353049585],[132.460215227,34.353056613],[132.460309416,34.353047108],[132.460305525,34.353018],[132.460210973,34.353027613],[132.460212996,34.353042027],[132.460168445,34.353046641],[132.460161803,34.35298356],[132.460153359,34.352959775],[132.460145357,34.352945721],[132.460134449,34.352931333],[132.460125721,34.352923226],[132.460112633,34.352913333],[132.460095228,34.352904361],[132.460080856,34.352899441],[132.46012345,34.352896198],[132.460076783,34.352483198],[132.46009528,34.352481613],[132.460092918,34.352463865],[132.460074772,34.35246536],[132.460043917,34.352192162],[132.460061193,34.352190775],[132.460059053,34.352169306],[132.460041479,34.352170532],[132.460019922,34.351980613],[132.459892893,34.351990468],[132.459751699,34.351995494],[132.459622361,34.352002136],[132.45948044,34.352016081],[132.459410363,34.352026613],[132.459347912,34.352044081],[132.459295836,34.352068559],[132.459262218,34.352096946],[132.459195031,34.352182307],[132.459168663,34.352202107],[132.459109105,34.352232081],[132.459044164,34.35224936],[132.45898655,34.352252225],[132.458933256,34.352242333],[132.458891894,34.352225306],[132.458865746,34.352210946],[132.458836783,34.352198198],[132.458799364,34.352185865],[132.458748224,34.352175414],[132.458696058,34.352173468],[132.458640751,34.352181],[132.458584163,34.352200694],[132.45854131,34.352225224],[132.458507588,34.352248305],[132.458466913,34.352273108],[132.458412634,34.352293892],[132.4583507,34.352302135],[132.458333333,34.352300442],[132.458287639,34.352295972],[132.45823214,34.352278973],[132.45818747,34.352251135],[132.458147561,34.352215532],[132.458105719,34.352185442],[132.458063022,34.352165973],[132.458027327,34.352155865],[132.457996887,34.35214964],[132.457958716,34.352144667],[132.457916161,34.352041082],[132.457909389,34.352024532],[132.457901506,34.352005252],[132.457870194,34.351824027],[132.457858392,34.351766693],[132.457843644,34.351713918],[132.457793334,34.351727279],[132.457781725,34.35173036],[132.457674034,34.351452776],[132.457665446,34.351454864],[132.457633178,34.35146373],[132.457307185,34.35065909],[132.457206563,34.35068691],[132.457413204,34.351198423],[132.457257341,34.351244289],[132.457288846,34.351315306],[132.45744419,34.351274937],[132.457510532,34.351435549],[132.457413061,34.351459054],[132.457405332,34.351461054],[132.457404994,34.351461162],[132.457423476,34.351522134],[132.456811634,34.351695252],[132.456772115,34.35170545],[132.456678923,34.351729387],[132.455754669,34.351966613],[132.455375642,34.352065225],[132.455282218,34.352089533],[132.455190026,34.352113441],[132.455081634,34.352141667],[132.454301803,34.352342451],[132.454193748,34.352368225],[132.454042581,34.352406261],[132.453936043,34.352434622],[132.453781245,34.352472478],[132.453676693,34.352499198],[132.45352083,34.35253956],[132.453416668,34.352566118],[132.453271219,34.352603558],[132.453156043,34.35263227],[132.452494968,34.352801441],[132.452150363,34.352600668],[132.451543475,34.352248748],[132.450547419,34.351666865],[132.45,34.351347946],[132.449924086,34.351303694],[132.449928949,34.351293225],[132.449974163,34.351130946],[132.449918392,34.351098694],[132.449853256,34.351124],[132.449841505,34.351117],[132.44982144,34.351104973],[132.449806642,34.351096081],[132.449743139,34.351058],[132.449723307,34.351046054],[132.449704695,34.351034829],[132.449697717,34.351030694],[132.449701751,34.350968667],[132.449815447,34.350835415],[132.45,34.350624559],[132.450027665,34.350592946],[132.450537951,34.35],[132.450720441,34.349787946],[132.450353891,34.348918774],[132.450024305,34.34810364],[132.450018496,34.348089495],[132.449999999,34.348044225],[132.449847497,34.347670829],[132.449829144,34.347673495],[132.449815643,34.347633775],[132.449833021,34.347628586],[132.449816252,34.347584279],[132.449991192,34.347371081],[132.449950557,34.34734864],[132.44980131,34.347541306],[132.449789974,34.347533585],[132.449750752,34.347434387],[132.449650584,34.347225919],[132.449572866,34.347035415],[132.449487301,34.346835999],[132.449589754,34.346394279],[132.449735966,34.346242387],[132.45,34.346034802],[132.450210467,34.345869306],[132.451100467,34.345159865],[132.450642412,34.343608251],[132.450226084,34.342206919],[132.450064864,34.341666667],[132.449999999,34.341449342],[132.449817043,34.340836314],[132.449502594,34.340900414],[132.447173009,34.341374414],[132.446592982,34.341489604],[132.446415616,34.340872262],[132.446289844,34.340898964],[132.446284812,34.340889414],[132.445770427,34.341000135],[132.445572594,34.34102727],[132.445389689,34.341032009],[132.445235707,34.34100991],[132.445071998,34.340969622],[132.444917236,34.340907225],[132.444644112,34.340745839],[132.444496161,34.340673324],[132.444348704,34.340616685],[132.444219131,34.340579468],[132.444117004,34.340558784],[132.44399249,34.340539234],[132.443852127,34.340527468],[132.443712568,34.340524721],[132.443566952,34.340532441],[132.443436252,34.340550947],[132.443313839,34.340574847],[132.443170818,34.340612045],[132.443035564,34.34066455],[132.442888936,34.340729432],[132.442747471,34.340810532],[132.442627328,34.34089555],[132.442512219,34.340994171],[132.44239904,34.341117216],[132.442316835,34.341237405],[132.442174682,34.34147664],[132.442071258,34.341588757],[132.441969494,34.341666667],[132.441949494,34.341681973],[132.441808171,34.341768495],[132.441666667,34.341825748],[132.441661608,34.341827775],[132.441540117,34.341861945],[132.441034501,34.341970108],[132.441607497,34.343892945],[132.441666666,34.344094414],[132.44188153,34.344825891],[132.441673606,34.344868387],[132.441666667,34.344869775],[132.441127782,34.344978135],[132.440594668,34.34508664],[132.439542633,34.345301667],[132.439152477,34.345379802],[132.437961193,34.345624694],[132.437889585,34.345390801],[132.437850804,34.34539936],[132.438359144,34.347110865],[132.43878594,34.348542414],[132.439208638,34.349971974],[132.439216912,34.349999999],[132.439470117,34.350858892],[132.439915318,34.352358468],[132.436683346,34.353075306],[132.441666666,34.355336864],[132.445533333,34.357091667],[132.446221388,34.357530829],[132.446480272,34.357696108],[132.447391829,34.358333332],[132.45,34.360156586],[132.450562776,34.36055],[132.451691388,34.361341667],[132.453098327,34.362363613],[132.45400917,34.363120279],[132.454237782,34.363310279],[132.454467224,34.363542775],[132.455164163,34.364249162],[132.455640271,34.364853613],[132.456250001,34.365666667],[132.45684389,34.366345829],[132.457177782,34.366666667],[132.457384163,34.366865],[132.458333333,34.367678225],[132.458598327,34.367905279],[132.45922445,34.368525829],[132.459738885,34.369216108],[132.460140272,34.369895279],[132.460439728,34.370531946],[132.460573333,34.370895559],[132.460577224,34.370962226],[132.460658885,34.372411946],[132.460781946,34.373776107],[132.460872777,34.374493054],[132.460908326,34.374729161],[132.46090917,34.374735001],[132.460915551,34.374776666],[132.461006668,34.374958334],[132.461029416,34.375],[132.461916109,34.376624721],[132.462177496,34.377055829],[132.462370557,34.377373613],[132.462718327,34.37801],[132.463263891,34.378732225],[132.463832776,34.379374162],[132.464157497,34.379740559],[132.464382218,34.380013333],[132.465248612,34.380783892],[132.465603061,34.381140559],[132.465603332,34.381141108],[132.465691946,34.381230279],[132.465802503,34.381341108],[132.46583389,34.381373054],[132.465883333,34.381422775],[132.466645837,34.382190558],[132.466666666,34.382212198],[132.467746355,34.383333333],[132.468261115,34.383867495],[132.468571388,34.384279441],[132.469133061,34.385188892],[132.469591115,34.385972225],[132.469743061,34.386231946],[132.470027224,34.386782225],[132.470261115,34.387235],[132.470314721,34.387694721],[132.470277224,34.388074721],[132.470020558,34.389064441],[132.469806394,34.389711667],[132.469656667,34.390053891],[132.469538885,34.390722495],[132.469469442,34.391391946],[132.469463864,34.391666667],[132.469458612,34.391932225],[132.469501388,34.392504721],[132.469572218,34.392856387],[132.469656667,34.393275],[132.469768886,34.393927495],[132.469831388,34.394181108],[132.469902503,34.394468054],[132.470316667,34.395603613],[132.470464449,34.396009162],[132.470491388,34.39611083],[132.470558328,34.396364441],[132.470656939,34.396736667],[132.470796108,34.397245],[132.470860272,34.397694441],[132.470823891,34.398197225],[132.470566939,34.398689162],[132.469962775,34.399588613],[132.469738054,34.399957774],[132.469692996,34.4],[132.469224449,34.400439162],[132.468646667,34.40090444],[132.468154449,34.401252225],[132.467849727,34.401567775],[132.467635551,34.401904721],[132.467470558,34.402265],[132.46745917,34.40229],[132.467378885,34.402654441],[132.46738166,34.402687226],[132.467385551,34.402731946],[132.46740555,34.402959162],[132.46755,34.403333613],[132.467684994,34.403621947],[132.467686394,34.403624721],[132.467723606,34.403704721],[132.467801388,34.403870829],[132.468298885,34.403649441],[132.468326667,34.403633614],[132.468544995,34.403510279],[132.46883611,34.403148893],[132.469454449,34.402381108],[132.469924994,34.401262775],[132.470064163,34.401006108],[132.47023917,34.400706387],[132.470438327,34.400364441],[132.470625551,34.400112775],[132.470752114,34.4],[132.471117782,34.399674162],[132.471358885,34.39948056],[132.471497781,34.399369162],[132.472134449,34.398940559],[132.472797782,34.398630559],[132.473527497,34.398269722]]},"properties":{"city_code":"34103","city_name":"南区","prefecture_code":"34","prefecture_name":"広島県"}},{"type":"Feature","geometry":{"type":"LineString","coordinates":[[132.415833554,34.356044253],[132.415786057,34.355971305],[132.415698029,34.356011252],[132.415745643,34.356084198],[132.415833554,34.356044253]]},"properties":{"city_code":"34104","city_name":"西区","prefecture_code":"34","prefecture_name":"広島県"}},{"type":"Feature","geometry":{"type":"LineString","coordinates":[[132.415874578,34.356199054],[132.415829689,34.356130162],[132.415746083,34.356168027],[132.415791089,34.356236999],[132.415874578,34.356199054]]},"properties":{"city_code":"34104","city_name":"西区","prefecture_code":"34","prefecture_name":"広島県"}},{"type":"Feature","geometry":{"type":"LineString","coordinates":[[132.415222244,34.356321559],[132.415174643,34.356248721],[132.415038807,34.356310279],[132.415086328,34.356383225],[132.415222244,34.356321559]]},"properties":{"city_code":"34104","city_name":"西区","prefecture_code":"34","prefecture_name":"広島県"}},{"type":"Feature","geometry":{"type":"LineString","coordinates":[[132.415201582,34.35639364],[132.415876641,34.35608744],[132.41585817,34.356059081],[132.415743645,34.356111054],[132.415672776,34.356002469],[132.415787301,34.355950496],[132.415767523,34.355920135],[132.415092503,34.356226332],[132.415099689,34.356237414],[132.415112244,34.356256667],[132.415178807,34.356226532],[132.415249559,34.356335108],[132.415183139,34.356365252],[132.415201582,34.35639364]]},"properties":{"city_code":"34104","city_name":"西区","prefecture_code":"34","prefecture_name":"広島県"}},{"type":"Feature","geometry":{"type":"LineString","coordinates":[[132.414835136,34.355883198],[132.414798003,34.355825747],[132.413357561,34.356475161],[132.413397419,34.356533333],[132.414835136,34.355883198]]},"properties":{"city_code":"34104","city_name":"西区","prefecture_code":"34","prefecture_name":"広島県"}},{"type":"Feature","geometry":{"type":"LineString","coordinates":[[132.41456847,34.356618054],[132.414520856,34.356545198],[132.414432581,34.356585225],[132.414480078,34.356658162],[132.41456847,34.356618054]]},"properties":{"city_code":"34104","city_name":"西区","prefecture_code":"34","prefecture_name":"広島県"}},{"type":"Feature","geometry":{"type":"LineString","coordinates":[[132.414493865,34.356714667],[132.415171389,34.356407387],[132.415152944,34.356379027],[132.415087056,34.356408829],[132.415016278,34.356300251],[132.415082088,34.35627036],[132.415062309,34.356240107],[132.414384747,34.356547387],[132.414404528,34.356577722],[132.414520246,34.356525198],[132.414591115,34.356633775],[132.414475383,34.356686306],[132.414493865,34.356714667]]},"properties":{"city_code":"34104","city_name":"西区","prefecture_code":"34","prefecture_name":"広島県"}},{"type":"Feature","geometry":{"type":"LineString","coordinates":[[132.416217173,34.356918334],[132.416333333,34.35686564],[132.416370805,34.356923162],[132.416397081,34.356911225],[132.416410311,34.356905252],[132.415905136,34.356131198],[132.415865499,34.356149225],[132.415902634,34.356205667],[132.415786472,34.35625836],[132.415749558,34.356201748],[132.415713192,34.356218226],[132.416218275,34.35699236],[132.416254643,34.356975892],[132.416217173,34.356918334]]},"properties":{"city_code":"34104","city_name":"西区","prefecture_code":"34","prefecture_name":"広島県"}},{"type":"Feature","geometry":{"type":"LineString","coordinates":[[132.416395577,34.356997495],[132.416325812,34.356890531],[132.416242218,34.356928386],[132.416312113,34.357035441],[132.416395577,34.356997495]]},"properties":{"city_code":"34104","city_name":"西区","prefecture_code":"34","prefecture_name":"広島県"}},{"type":"Feature","geometry":{"type":"LineString","coordinates":[[132.416738638,34.357717495],[132.416854812,34.357664802],[132.416892166,34.357721973],[132.416918327,34.357710108],[132.416931556,34.357704054],[132.416666667,34.357298108],[132.416427471,34.356931532],[132.416414228,34.356937586],[132.416387951,34.356949468],[132.416422244,34.357001946],[132.416306083,34.357054667],[132.416271778,34.357002162],[132.416235422,34.35701864],[132.416666667,34.357679532],[132.416739533,34.357791163],[132.416776004,34.357774694],[132.416738638,34.357717495]]},"properties":{"city_code":"34104","city_name":"西区","prefecture_code":"34","prefecture_name":"広島県"}},{"type":"Feature","geometry":{"type":"LineString","coordinates":[[132.416917912,34.357797919],[132.416844864,34.357685919],[132.416761283,34.357723775],[132.416834332,34.357835775],[132.416917912,34.357797919]]},"properties":{"city_code":"34104","city_name":"西区","prefecture_code":"34","prefecture_name":"広島県"}},{"type":"Feature","geometry":{"type":"LineString","coordinates":[[132.417336226,34.358484054],[132.417377277,34.358465496],[132.417413411,34.358520864],[132.417453061,34.358503197],[132.417342192,34.358333333],[132.416948612,34.357730252],[132.416935357,34.357736225],[132.416909196,34.357748162],[132.41694655,34.35780536],[132.416925058,34.357814495],[132.416830389,34.357858053],[132.416793021,34.357800802],[132.416756667,34.357817279],[132.417093333,34.358333333],[132.417260999,34.358590333],[132.417297471,34.358573748],[132.417261116,34.358518108],[132.417319079,34.358491865],[132.417336226,34.358484054]]},"properties":{"city_code":"34104","city_name":"西区","prefecture_code":"34","prefecture_name":"広島県"}},{"type":"Feature","geometry":{"type":"LineString","coordinates":[[132.417414061,34.358557559],[132.417366031,34.358484721],[132.417343554,34.358494946],[132.417326394,34.358502748],[132.417282529,34.358522586],[132.417330246,34.358595586],[132.417373477,34.358576027],[132.417390611,34.358568252],[132.417414061,34.358557559]]},"properties":{"city_code":"34104","city_name":"西区","prefecture_code":"34","prefecture_name":"広島県"}},{"type":"Feature","geometry":{"type":"LineString","coordinates":[[132.402241946,34.360529226],[132.402230947,34.360488667],[132.401387834,34.360676108],[132.400694254,34.361112892],[132.400724916,34.361146198],[132.401409689,34.36071483],[132.402241946,34.360529226]]},"properties":{"city_code":"34104","city_name":"西区","prefecture_code":"34","prefecture_name":"広島県"}},{"type":"Feature","geometry":{"type":"LineString","coordinates":[[132.4,34.361973442],[132.40168297,34.36159964],[132.401666524,34.361546468],[132.400665811,34.361771],[132.40054956,34.361421586],[132.400514772,34.361428946],[132.400501803,34.361431829],[132.400615773,34.361782081],[132.4,34.361918613],[132.399139222,34.362109469],[132.399156783,34.362160721],[132.4,34.361973442]]},"properties":{"city_code":"34104","city_name":"西区","prefecture_code":"34","prefecture_name":"広島県"}},{"type":"Feature","geometry":{"type":"LineString","coordinates":[[132.398414747,34.361558082],[132.398492632,34.361459747],[132.398504617,34.361459747],[132.398556304,34.36140428],[132.39856109,34.361399225],[132.398518613,34.361373081],[132.397732802,34.362244559],[132.397743022,34.362251306],[132.397774189,34.362271532],[132.398414747,34.361558082]]},"properties":{"city_code":"34104","city_name":"西区","prefecture_code":"34","prefecture_name":"広島県"}},{"type":"Feature","geometry":{"type":"LineString","coordinates":[[132.424222776,34.428616946],[132.424541115,34.428404721],[132.424774449,34.428404721],[132.425,34.428359919],[132.425254163,34.428309441],[132.425625279,34.428171387],[132.426007497,34.427938054],[132.426346939,34.427736386],[132.426465279,34.427783613],[132.426506108,34.4278],[132.426643892,34.427991108],[132.426707497,34.428054721],[132.426877497,34.427938055],[132.427237782,34.427778892],[132.427420389,34.427659776],[132.427757781,34.427439721],[132.42805472,34.427253333],[132.428341115,34.426913892],[132.428786939,34.426393892],[132.429232502,34.425916387],[132.42996445,34.425439162],[132.43073917,34.425035829],[132.430828807,34.424999999],[132.430951115,34.424951108],[132.43113166,34.424982775],[132.431152309,34.425],[132.431385836,34.425195],[132.431725551,34.425364721],[132.432001389,34.425481387],[132.432492218,34.425499441],[132.432584995,34.425502775],[132.43294555,34.425555829],[132.433333333,34.425645253],[132.433497224,34.425683054],[132.433804994,34.425757225],[132.434165837,34.425831667],[132.434314164,34.425852774],[132.434440559,34.425799441],[132.434791388,34.425651108],[132.435385551,34.425481387],[132.436624993,34.425089162],[132.436964422,34.425],[132.437409727,34.424883027],[132.437876939,34.424760279],[132.438343891,34.424654162],[132.438534721,34.42458],[132.438725837,34.424420829],[132.43900166,34.424123613],[132.439139442,34.423985829],[132.439252218,34.423908334],[132.43934083,34.423847775],[132.439638054,34.423805279],[132.440030558,34.42372056],[132.44026389,34.423571947],[132.440709442,34.423275],[132.441102218,34.42309444],[132.441537224,34.422914442],[132.441666667,34.422879108],[132.441887223,34.422818892],[132.442279728,34.422893333],[132.442465279,34.422936946],[132.442640558,34.422978054],[132.443128612,34.423073614],[132.443352776,34.423136108],[132.443393892,34.423147495],[132.443584721,34.423158333],[132.444306108,34.423020558],[132.445154721,34.422871945],[132.445554722,34.422826108],[132.445801945,34.422797775],[132.446300558,34.422776667],[132.446670001,34.422787225],[132.446945838,34.422850829],[132.447211115,34.422967495],[132.447486938,34.423169162],[132.447868612,34.423551108],[132.448420558,34.424102495],[132.448834163,34.424537495],[132.449184448,34.424898333],[132.449316783,34.425],[132.449355837,34.42503],[132.449598054,34.425216387],[132.449884721,34.42545],[132.45,34.425521414],[132.450329999,34.425725829],[132.450658885,34.425842495],[132.451210558,34.425980559],[132.451624448,34.426001667],[132.451720557,34.425999721],[132.451854993,34.425997225],[132.451894721,34.425996387],[132.451933333,34.425995829],[132.45215917,34.425991387],[132.452176109,34.425991108],[132.452706394,34.425948612],[132.453215837,34.425831946],[132.453936939,34.425481667],[132.454088885,34.425369162],[132.454286109,34.425223054],[132.454396939,34.425141108],[132.454587665,34.425],[132.454796394,34.424845559],[132.454993606,34.424681109],[132.455496667,34.424261945],[132.455766395,34.424381108],[132.455811388,34.424401108],[132.456277224,34.424606946],[132.456504449,34.424707495],[132.45710917,34.424951668],[132.457263062,34.425],[132.457431115,34.425052775],[132.45756,34.425093333],[132.457818327,34.425174441],[132.458333333,34.425301224],[132.458507783,34.425344162],[132.459409442,34.425481947],[132.459735279,34.425522225],[132.46002166,34.425557495],[132.460268885,34.425588053],[132.461403891,34.425662496],[132.461651115,34.425677775],[132.462093606,34.425704721],[132.463156666,34.425723333],[132.463324162,34.425726108],[132.463408885,34.425734162],[132.463769728,34.425768614],[132.463690559,34.425172225],[132.463667756,34.425],[132.463599728,34.424486108],[132.463103606,34.420743055],[132.46310166,34.420729163],[132.463016667,34.420065559],[132.462974448,34.419907775],[132.462723891,34.418799999],[132.462494995,34.417846667],[132.46247694,34.417783613],[132.462303606,34.417150279],[132.462249442,34.416943892],[132.462172114,34.416666666],[132.461800272,34.415333892],[132.461542776,34.414273892],[132.461313892,34.413484162],[132.460975837,34.412630829],[132.460339443,34.411023892],[132.460201659,34.410705559],[132.45982611,34.409911946],[132.459457782,34.409296108],[132.4594,34.409241667],[132.45929166,34.40913972],[132.45919083,34.409044441],[132.459099728,34.408958892],[132.458996939,34.408861947],[132.458963606,34.408830559],[132.458645279,34.408526387],[132.458362555,34.408333333],[132.458333332,34.408313387],[132.458227497,34.408241108],[132.457723606,34.407984441],[132.456820829,34.407542775],[132.455368327,34.406749162],[132.454698327,34.406307225],[132.454275279,34.405964999],[132.453318885,34.405441108],[132.452773061,34.405269721],[132.452452218,34.405205559],[132.452018885,34.405264441],[132.450798884,34.405451666],[132.450335837,34.405526667],[132.450007224,34.40558],[132.45,34.405580532],[132.449753606,34.405598054],[132.449746668,34.405598333],[132.449426667,34.405620829],[132.449322776,34.405628333],[132.449065837,34.405564162],[132.44876083,34.405494441],[132.448492503,34.405333893],[132.447909442,34.404948892],[132.447198054,34.404333613],[132.446695279,34.403798613],[132.446229728,34.403258334],[132.446004994,34.403001387],[132.445748327,34.402584441],[132.44547917,34.402091667],[132.445291946,34.401674721],[132.445243606,34.401567225],[132.445158054,34.401289162],[132.444901388,34.400909162],[132.444457224,34.400379721],[132.444101803,34.399999999],[132.443831388,34.399711107],[132.443168054,34.399031667],[132.443039729,34.398833613],[132.442954994,34.398621946],[132.442943332,34.398593054],[132.442791115,34.397982776],[132.442748327,34.397784721],[132.442743061,34.397383612],[132.442860558,34.396998334],[132.443021115,34.396613054],[132.443551661,34.395564721],[132.443575279,34.395440279],[132.443594449,34.395339999],[132.443626667,34.395152775],[132.443582503,34.394635559],[132.443582503,34.394635],[132.443466108,34.393274442],[132.443385279,34.392651668],[132.443359171,34.392450828],[132.44324428,34.391666667],[132.443209443,34.391428893],[132.442872776,34.390074999],[132.442753333,34.389807495],[132.442401946,34.389021108],[132.442182776,34.388571667],[132.44189917,34.38831472],[132.441666667,34.388135333],[132.441337497,34.387881387],[132.44073306,34.387480559],[132.440269729,34.387187775],[132.439803606,34.386893053],[132.439416667,34.386648613],[132.438394994,34.386038892],[132.438036394,34.385771387],[132.437876394,34.385535829],[132.437790558,34.385268333],[132.437694449,34.384669163],[132.437630272,34.384182774],[132.437507224,34.383909721],[132.437238885,34.383513892],[132.437084942,34.383333332],[132.436592776,34.382756108],[132.435863891,34.381901108],[132.435478612,34.381371387],[132.435088327,34.380772495],[132.434526667,34.379959441],[132.433785837,34.378908892],[132.433445837,34.378426667],[132.433333333,34.378286414],[132.432376108,34.377093054],[132.432086394,34.376731108],[132.431808327,34.376447495],[132.43087917,34.375042495],[132.430851051,34.374999999],[132.425628327,34.367102775],[132.425339884,34.366666666],[132.424999999,34.366152775],[132.422889728,34.362962226],[132.420475228,34.35924745],[132.420383761,34.359288829],[132.418772673,34.360017738],[132.418761167,34.36002164],[132.418351362,34.359426558],[132.417721997,34.358796107],[132.417472411,34.358543468],[132.416927951,34.358789361],[132.41690939,34.358797775],[132.416666667,34.358907414],[132.414848327,34.359728694],[132.414468302,34.359148946],[132.414462827,34.359139028],[132.414244085,34.358803279],[132.413938301,34.358333333],[132.413718275,34.357995278],[132.413270974,34.358200946],[132.413112412,34.35795836],[132.41356297,34.357757946],[132.413540389,34.357723279],[132.413553722,34.357717108],[132.413577523,34.357753055],[132.413654086,34.357720694],[132.413638885,34.357695414],[132.413647692,34.357691333],[132.413641141,34.357680973],[132.413577419,34.357709694],[132.413305837,34.357298108],[132.413314694,34.357280973],[132.413393865,34.357245919],[132.413381608,34.357223586],[132.413264358,34.357275865],[132.413290778,34.357315919],[132.413278301,34.357321441],[132.413238858,34.357261027],[132.413991828,34.356793586],[132.413943308,34.356741468],[132.413205109,34.357202135],[132.411623606,34.357916],[132.411613281,34.357921892],[132.411238197,34.358092135],[132.411227082,34.358086109],[132.411209143,34.35808236],[132.411193696,34.358083306],[132.411177951,34.358088748],[132.411163087,34.358097333],[132.411150726,34.358112694],[132.411145358,34.358133613],[132.411150947,34.358150919],[132.411163502,34.358167918],[132.411179299,34.35817844],[132.411194189,34.358182919],[132.411218444,34.358181694],[132.411238975,34.358175533],[132.411252412,34.358165414],[132.411262166,34.358151415],[132.411265059,34.358132278],[132.411489467,34.358031945],[132.411511285,34.358059946],[132.411528328,34.358088027],[132.411539612,34.358115252],[132.411542192,34.358148694],[132.411535914,34.358189442],[132.411493865,34.358272108],[132.411462361,34.35832536],[132.411455914,34.358333333],[132.411421219,34.358376585],[132.411368302,34.358423107],[132.411315772,34.35845936],[132.411263917,34.358492198],[132.411195188,34.358523],[132.411115551,34.358543614],[132.411042893,34.358560252],[132.410969754,34.358572468],[132.410902776,34.358572802],[132.410822411,34.358562946],[132.410754527,34.358546135],[132.410690856,34.358522279],[132.410631751,34.358487694],[132.410578664,34.358444053],[132.410732633,34.358375055],[132.410740415,34.358363333],[132.410737327,34.358348721],[132.410725551,34.358339559],[132.410704474,34.358336252],[132.410245188,34.358537135],[132.410132607,34.358589468],[132.409642866,34.358812586],[132.408333333,34.359409135],[132.407941556,34.359587613],[132.407927224,34.359594865],[132.407943917,34.359620162],[132.407938495,34.359623667],[132.407943943,34.359630973],[132.408333333,34.360206126],[132.408335396,34.36020918],[132.408554215,34.360532395],[132.408333333,34.360649261],[132.404350661,34.362756423],[132.40334192,34.361415224],[132.402990636,34.360949252],[132.40298642,34.360951162],[132.402701051,34.360571613],[132.40264681,34.360498333],[132.402401025,34.360307495],[132.402284994,34.360220081],[132.402252335,34.360247559],[132.4026062,34.360517333],[132.40264428,34.360567027],[132.402943307,34.36096883],[132.402922672,34.360978694],[132.402929974,34.360990468],[132.403171583,34.361309162],[132.402940052,34.361361],[132.402941245,34.361362802],[132.403006835,34.361486107],[132.403007366,34.361487721],[132.4023907,34.361626225],[132.402407134,34.361681108],[132.403248198,34.361491946],[132.403342477,34.361613027],[132.403475162,34.361791721],[132.403511051,34.361839532],[132.4035438,34.361884559],[132.403549248,34.361890775],[132.403603839,34.361964586],[132.403613748,34.361977279],[132.403761089,34.362176135],[132.40386572,34.362314892],[132.403978366,34.362466946],[132.403605772,34.362657973],[132.403621167,34.362678694],[132.403641803,34.362669639],[132.403635253,34.362661441],[132.403670974,34.362643333],[132.403675447,34.36265064],[132.403706912,34.362635252],[132.403702554,34.362628027],[132.40374153,34.362608135],[132.403747003,34.362615334],[132.40377642,34.362599865],[132.403770947,34.362593559],[132.403802336,34.36257728],[132.403807782,34.362583668],[132.40384275,34.36256636],[132.403837275,34.362559162],[132.403872996,34.362540252],[132.403878444,34.362547441],[132.403906783,34.362532974],[132.403902412,34.362525695],[132.403939338,34.362506775],[132.40394358,34.362514892],[132.403993645,34.36248864],[132.404104942,34.362638],[132.404112477,34.362647001],[132.40420153,34.36276772],[132.404222802,34.362796532],[132.403347056,34.363247279],[132.403273217,34.363283946],[132.403204579,34.363192829],[132.403195187,34.363180414],[132.403106913,34.363063198],[132.403101141,34.363055468],[132.403047108,34.362983892],[132.403034137,34.362966532],[132.402930143,34.362828586],[132.402922283,34.362818162],[132.402886278,34.362770252],[132.40284131,34.362710667],[132.40283467,34.362701748],[132.402755448,34.362596495],[132.40274703,34.362585441],[132.40269847,34.362520973],[132.402688418,34.362507667],[132.402647951,34.362453829],[132.402640973,34.36244464],[132.402565772,34.362344892],[132.402559441,34.362336414],[132.402510558,34.362271613],[132.40250489,34.362263945],[132.402392049,34.362114251],[132.402386693,34.362107225],[132.402364773,34.362078054],[132.402357886,34.362068973],[132.402292867,34.361982532],[132.401974695,34.362150748],[132.402291362,34.362571613],[132.402337834,34.362633468],[132.402420778,34.362744027],[132.402427639,34.362753198],[132.402430052,34.362756441],[132.402441089,34.362771108],[132.402470752,34.362810559],[132.402477523,34.36281964],[132.402581414,34.362957748],[132.402587418,34.362965829],[132.402625058,34.363015892],[132.402630078,34.363022559],[132.402692503,34.363105667],[132.402697522,34.363112306],[132.402952867,34.363452081],[132.402575721,34.363647162],[132.402507445,34.363682387],[132.401298054,34.364310586],[132.401251284,34.364334],[132.400238471,34.364858865],[132.400186355,34.364886],[132.4,34.364982613],[132.399262283,34.365364972],[132.397529468,34.363062667],[132.397775578,34.362778225],[132.397780052,34.362780108],[132.397788638,34.362783694],[132.397791997,34.362780081],[132.398074812,34.362473829],[132.398022412,34.36244336],[132.39771764,34.362780225],[132.397497834,34.363023135],[132.39713166,34.362983802],[132.397134113,34.362963892],[132.396764917,34.362932586],[132.396762166,34.362955027],[132.396409274,34.362918441],[132.396430856,34.362782639],[132.396467951,34.362548973],[132.394197367,34.362297252],[132.394139611,34.362658],[132.392982387,34.362517694],[132.392920908,34.36251027],[132.392857302,34.362502586],[132.392851894,34.362501614],[132.391666667,34.362367721],[132.389757835,34.362152081],[132.385085863,34.361624252],[132.385065188,34.361620586],[132.385031505,34.361617135],[132.385011803,34.361616162],[132.383333333,34.361426802],[132.383234772,34.361415667],[132.383214865,34.361412],[132.383176135,34.361407559],[132.383157562,34.361406774],[132.38296083,34.361384415],[132.381952632,34.361269973],[132.381710946,34.361562613],[132.381497523,34.361434973],[132.381471531,34.361464667],[132.381677301,34.361587],[132.381669611,34.361595055],[132.381680506,34.361601414],[132.38131197,34.362043828],[132.380523773,34.361572721],[132.38062555,34.361450829],[132.380800169,34.361243162],[132.380778444,34.361246],[132.380768975,34.361240775],[132.38089869,34.361081694],[132.380911582,34.361066333],[132.380931725,34.361078026],[132.38094214,34.361066279],[132.381600778,34.361001108],[132.381629585,34.360998279],[132.381623308,34.360962946],[132.3816007,34.360965054],[132.380924669,34.361030252],[132.380430362,34.360744414],[132.380392413,34.360789559],[132.380357562,34.360805865],[132.380008105,34.361238775],[132.378185149,34.360892946],[132.376494449,34.363986108],[132.376130558,34.364596108],[132.375691946,34.365286108],[132.37528,34.365863612],[132.375,34.366237307],[132.374927224,34.366334441],[132.374648418,34.366666666],[132.374509728,34.366831946],[132.373611115,34.367770829],[132.373374721,34.367977495],[132.373211947,34.36811944],[132.373115279,34.368204162],[132.373114994,34.368204162],[132.372604163,34.368651108],[132.372485551,34.368754721],[132.372162219,34.368906946],[132.371605551,34.369174162],[132.371549442,34.369201109],[132.370953061,34.369534441],[132.371171115,34.369831387],[132.37122694,34.369907495],[132.37133083,34.370043055],[132.371469442,34.370223613],[132.371516939,34.370336387],[132.371571946,34.370538614],[132.371578885,34.370580559],[132.371597782,34.370696946],[132.371596939,34.370735],[132.37159472,34.370822495],[132.371592502,34.370911946],[132.371578612,34.371014441],[132.371551946,34.371211946],[132.371521114,34.37155583],[132.371529728,34.371797225],[132.371567224,34.372126387],[132.371603891,34.372434441],[132.371622581,34.372572495],[132.371678911,34.372572495],[132.371788911,34.373031027],[132.371990117,34.373151829],[132.371901582,34.373321802],[132.371697717,34.373212198],[132.37170083,34.373333054],[132.37170083,34.373631945],[132.37171694,34.37370472],[132.371738884,34.373803054],[132.371785551,34.374041667],[132.371797782,34.374237226],[132.371796109,34.37425528],[132.371793606,34.374284162],[132.371776109,34.374478613],[132.371776109,34.374676108],[132.371808326,34.374820828],[132.371833605,34.374917495],[132.371846108,34.37496556],[132.37185808,34.375],[132.371861946,34.375011108],[132.371878327,34.375057775],[132.371840559,34.375167495],[132.371695279,34.375602775],[132.371699729,34.375726108],[132.371755279,34.375887776],[132.371796109,34.376006946],[132.371838327,34.376172775],[132.371851114,34.376293332],[132.371841947,34.376356946],[132.371830272,34.376439162],[132.371783891,34.376687494],[132.371748585,34.376877054],[132.371064967,34.376779667],[132.370910117,34.377966919],[132.371485837,34.378034441],[132.371452776,34.378247495],[132.371438327,34.37837],[132.371428327,34.378454162],[132.371428327,34.378669162],[132.371460829,34.378758613],[132.371471388,34.378787496],[132.371527782,34.378841388],[132.371560558,34.378859721],[132.37171306,34.37894556],[132.371847497,34.379002494],[132.371968055,34.379026668],[132.372159171,34.379063893],[132.372302776,34.379065279],[132.372362503,34.379053613],[132.372426668,34.379036108],[132.372485837,34.378981946],[132.372824994,34.379049162],[132.372873332,34.379071666],[132.373065551,34.379161667],[132.373247497,34.379332775],[132.373648885,34.379760829],[132.374103606,34.380226388],[132.374333606,34.380541946],[132.374509999,34.38075556],[132.374627782,34.380825279],[132.37499166,34.380851946],[132.375,34.380854919],[132.375066394,34.380878613],[132.375366109,34.381173055],[132.375601115,34.381424441],[132.376055838,34.381815],[132.376206109,34.381961387],[132.376259171,34.382012775],[132.376537497,34.382205559],[132.377002776,34.382376667],[132.37747917,34.382537225],[132.377661946,34.382563892],[132.377912503,34.382697775],[132.378084449,34.382842225],[132.378250272,34.383082776],[132.378372503,34.383333333],[132.378405551,34.383401108],[132.37864083,34.384010559],[132.378854994,34.384369162],[132.379191946,34.384748891],[132.379544994,34.385021667],[132.379800558,34.385236107],[132.379876667,34.3853],[132.380010559,34.385519441],[132.380063891,34.385690559],[132.379999728,34.385872495],[132.379935552,34.385968613],[132.379935551,34.386016945],[132.379994449,34.386054441],[132.380122775,34.386000829],[132.380598885,34.385647775],[132.380823606,34.385455279],[132.381016109,34.385235829],[132.381208885,34.385075279],[132.381369442,34.38507],[132.381770557,34.385118054],[132.382016667,34.385096667],[132.382230272,34.385037775],[132.382412218,34.384973614],[132.382535279,34.38485056],[132.382744994,34.384422775],[132.382746939,34.384421415],[132.382921388,34.384299721],[132.383108612,34.384101946],[132.383188885,34.384032225],[132.383301388,34.384048333],[132.383333333,34.384053586],[132.383659729,34.384107224],[132.384125279,34.384107225],[132.384381946,34.384075278],[132.384542503,34.384016387],[132.38467083,34.383855829],[132.384804721,34.383668612],[132.384927782,34.383609721],[132.385098885,34.383572225],[132.385296939,34.383577495],[132.385494721,34.383625829],[132.38565,34.383721946],[132.385826394,34.383871946],[132.38596555,34.383984163],[132.386147225,34.384043054],[132.386539442,34.384066946],[132.386676939,34.384075279],[132.386933606,34.384107225],[132.38698166,34.384139441],[132.38698166,34.384203613],[132.386890415,34.384325441],[132.386885551,34.384331946],[132.386628611,34.384609999],[132.386575279,34.384685001],[132.386564449,34.384893614],[132.386623332,34.385066387],[132.386719728,34.385348333],[132.386821388,34.385455278],[132.38712083,34.385636946],[132.387238612,34.385797495],[132.387334994,34.38599],[132.387366939,34.386145279],[132.387388327,34.386599999],[132.387363061,34.386998332],[132.387448612,34.387233892],[132.387609171,34.38748],[132.387625279,34.387608333],[132.387630558,34.387795559],[132.387576938,34.387945279],[132.387448612,34.388116387],[132.387357782,34.388276945],[132.387309441,34.388458613],[132.387309442,34.388571107],[132.387357782,34.388683333],[132.387421946,34.388742226],[132.387855279,34.388940279],[132.388117497,34.389036387],[132.388240272,34.389020559],[132.388347496,34.389031108],[132.388759999,34.389072225],[132.388887497,34.389084721],[132.389,34.389095279],[132.389076109,34.389145279],[132.38918694,34.389218332],[132.389288612,34.389373614],[132.38941166,34.389657226],[132.389689728,34.390085],[132.389919728,34.390443613],[132.39036917,34.39084],[132.390497497,34.390931108],[132.390631388,34.390973892],[132.391027224,34.391016668],[132.391241115,34.391038054],[132.39140166,34.391144999],[132.391666667,34.391418441],[132.391733333,34.391487225],[132.39185917,34.391642776],[132.39187847,34.391666667],[132.392027497,34.391851108],[132.392268327,34.392107775],[132.392337782,34.392219999],[132.392348612,34.392321667],[132.392305837,34.392412775],[132.392220272,34.392583892],[132.392193333,34.392669441],[132.392220272,34.392899441],[132.392263061,34.393102775],[132.392214721,34.393252775],[132.392070272,34.393423892],[132.391984722,34.393504163],[132.391941946,34.393589721],[132.391947224,34.393718054],[132.392043606,34.393830559],[132.392102503,34.394006667],[132.392118613,34.394258054],[132.392102503,34.394434721],[132.392144993,34.394546946],[132.392207782,34.394633333],[132.392320271,34.394740279],[132.392550272,34.394852775],[132.392630752,34.394938054],[132.392731946,34.395045279],[132.392854994,34.395205829],[132.392887224,34.395275279],[132.39283917,34.395371667],[132.392651946,34.395606946],[132.392582219,34.395788892],[132.39257166,34.395858333],[132.392614449,34.395986946],[132.392603606,34.396136667],[132.39234166,34.396393334],[132.392188612,34.396380279],[132.392154163,34.396377495],[132.391924162,34.396190279],[132.391699727,34.396083054],[132.391666667,34.396053586],[132.391501946,34.395906667],[132.391346667,34.395906667],[132.39119166,34.395928054],[132.391073891,34.395976108],[132.391057782,34.396035],[132.391068612,34.39635028],[132.391036394,34.396409163],[132.390891946,34.396494722],[132.390726667,34.396596108],[132.390644163,34.396646667],[132.390560272,34.396698055],[132.390436939,34.396773333],[132.390351946,34.396825279],[132.390294449,34.396860279],[132.390204721,34.396915279],[132.390158612,34.396943333],[132.390076668,34.396993333],[132.39002,34.397028054],[132.389878328,34.397114441],[132.38979166,34.397167495],[132.389740272,34.397198613],[132.389655836,34.397250279],[132.389606109,34.397280829],[132.389307497,34.397462918],[132.389240558,34.397503892],[132.389131946,34.397570279],[132.389111659,34.39758],[132.388939169,34.397661107],[132.388333891,34.397656946],[132.388151115,34.397655829],[132.38775,34.397653055],[132.387354994,34.397650559],[132.38709166,34.397654162],[132.387003891,34.397655279],[132.386188885,34.397666387],[132.386086835,34.397669441],[132.386006939,34.397671947],[132.385998884,34.398035279],[132.38599083,34.398404442],[132.386001387,34.398548893],[132.385962218,34.398603892],[132.385921388,34.398661387],[132.385508054,34.398715559],[132.385422503,34.398768892],[132.38540306,34.398812775],[132.385336939,34.398961667],[132.385288886,34.39909],[132.385276939,34.399119279],[132.38523,34.399234441],[132.385133606,34.399218334],[132.385021388,34.399106108],[132.384839442,34.398945559],[132.384715279,34.398884162],[132.384459728,34.398758333],[132.38418166,34.398667225],[132.384021115,34.398656667],[132.383898054,34.398768892],[132.383866109,34.398961667],[132.383828612,34.399111387],[132.383796394,34.399154162],[132.383609171,34.399213054],[132.383448612,34.399250558],[132.383333333,34.399327414],[132.383256109,34.399378892],[132.38291917,34.399635279],[132.38267306,34.39978528],[132.382368327,34.399945559],[132.382285862,34.399999999],[132.382084721,34.400132775],[132.381929727,34.400229162],[132.381704995,34.400282775],[132.381234164,34.400320278],[132.381086109,34.400335224],[132.38086528,34.400357495],[132.380798326,34.400378054],[132.380656667,34.400421667],[132.380608327,34.400507495],[132.380608327,34.400646388],[132.380731389,34.40079083],[132.381036109,34.400962225],[132.381480272,34.401149442],[132.381940272,34.401325829],[132.382164994,34.401561387],[132.382667782,34.402010559],[132.38289,34.402292775],[132.383028054,34.402563614],[132.383127782,34.402791667],[132.383132502,34.403038612],[132.383137224,34.403186108],[132.383165837,34.403261946],[132.38326083,34.403361946],[132.383333332,34.403372279],[132.38366,34.403418892],[132.384424722,34.4034],[132.38444297,34.403412865],[132.384586394,34.403513892],[132.384686109,34.403632775],[132.384823891,34.40397],[132.385009171,34.404217225],[132.385132776,34.404326387],[132.385398885,34.404321667],[132.385494721,34.404365279],[132.385608054,34.404416668],[132.385669728,34.404549721],[132.385741115,34.404725559],[132.38576,34.40501556],[132.385788612,34.405191386],[132.386192503,34.405816946],[132.386306394,34.405878614],[132.386662776,34.406035559],[132.386843333,34.406235],[132.38691917,34.406410828],[132.386936394,34.406543893],[132.386966667,34.406776668],[132.387038055,34.407004721],[132.387218612,34.407195],[132.387323061,34.407389721],[132.387361115,34.407579721],[132.387308885,34.407931387],[132.387328054,34.408088333],[132.387427781,34.408202225],[132.387547834,34.408275305],[132.387804228,34.408123865],[132.388552114,34.407691829],[132.389123696,34.407527027],[132.389417471,34.407277613],[132.389608418,34.407223892],[132.389994424,34.407228613],[132.390583358,34.407366694],[132.390730246,34.407600531],[132.390671479,34.408333198],[132.390671336,34.408333333],[132.390529922,34.408466829],[132.390664721,34.408558586],[132.390833332,34.408691667],[132.391080558,34.408720279],[132.391565279,34.408739441],[132.391666667,34.408740162],[132.392230558,34.408744162],[132.39252,34.408734441],[132.392757497,34.408677495],[132.393079442,34.408530279],[132.393240557,34.408440559],[132.39328306,34.408416946],[132.393433087,34.408333333],[132.393454994,34.408321109],[132.393749442,34.408078892],[132.393944449,34.407808054],[132.394001388,34.407660559],[132.393991946,34.407441946],[132.393934721,34.407204441],[132.393849171,34.406990559],[132.393783606,34.406875],[132.393706668,34.406738892],[132.393640272,34.406496667],[132.393611661,34.406183053],[132.393654449,34.405390829],[132.393735279,34.405234162],[132.39384917,34.405025001],[132.394105837,34.404811108],[132.394210557,34.404673333],[132.394353062,34.404459441],[132.394494721,34.40424],[132.394533606,34.404179441],[132.394538327,34.404093891],[132.394524162,34.403922775],[132.394566939,34.403861108],[132.394737783,34.403818333],[132.395084163,34.403750559],[132.395151388,34.403737495],[132.395450829,34.403671108],[132.395707224,34.403542774],[132.395921115,34.403442776],[132.396315551,34.402963054],[132.396377224,34.402944441],[132.396410558,34.402934441],[132.396605551,34.403043613],[132.396705279,34.403153054],[132.39673083,34.403207775],[132.396804994,34.403366947],[132.396909442,34.403760559],[132.397009442,34.404136667],[132.39706166,34.404388613],[132.397156394,34.404516946],[132.397294163,34.404559721],[132.397550831,34.404531108],[132.398224163,34.404379162],[132.398311388,34.40436],[132.398637783,34.404288892],[132.399032218,34.404283892],[132.399412218,34.404303054],[132.399763333,34.404279721],[132.39991611,34.404269721],[132.4,34.404260973],[132.400372218,34.404222225],[132.400638053,34.404136667],[132.400856667,34.404046387],[132.401127497,34.403865829],[132.401407782,34.403661387],[132.401693061,34.40338583],[132.401954449,34.403195828],[132.402177782,34.403067495],[132.402296394,34.403067494],[132.402405837,34.403119721],[132.40258166,34.403343054],[132.402801388,34.403613613],[132.402855836,34.403680559],[132.402941388,34.403832494],[132.40305083,34.404036946],[132.403207496,34.404188891],[132.403256939,34.404220829],[132.403354994,34.404283893],[132.403606667,34.404431387],[132.403815837,34.404607224],[132.404243333,34.404954161],[132.404566393,34.40523444],[132.404882503,34.405522495],[132.40496083,34.405594162],[132.405146109,34.405874441],[132.405321946,34.406078613],[132.405583333,34.406278053],[132.405792503,34.406425279],[132.405973061,34.406610829],[132.406101388,34.406848333],[132.406243892,34.407152495],[132.406362503,34.407413892],[132.406528612,34.407751108],[132.406604721,34.407912774],[132.406633332,34.408064721],[132.406604721,34.408235829],[132.406587198,34.408333333],[132.406584449,34.408348613],[132.406571389,34.408421109],[132.406576109,34.408606667],[132.406785837,34.409464721],[132.406752503,34.409707225],[132.406728054,34.409785559],[132.406676666,34.409949441],[132.406709728,34.410186946],[132.406776395,34.410405558],[132.406781115,34.410723892],[132.406804994,34.410833333],[132.406928326,34.41098056],[132.407256393,34.411237225],[132.407465279,34.411413054],[132.407541946,34.411535279],[132.407584163,34.411603054],[132.407783891,34.412116108],[132.407982218,34.412751387],[132.408010558,34.413112495],[132.408058054,34.413568613],[132.40810083,34.413777776],[132.408143606,34.41391083],[132.40829083,34.414062775],[132.408333333,34.414082587],[132.408566394,34.414191108],[132.408908327,34.414390829],[132.40915083,34.414561946],[132.409326667,34.414737774],[132.40942166,34.414961108],[132.409656939,34.415840279],[132.409692503,34.415972775],[132.409863333,34.416346108],[132.40995611,34.416502225],[132.409966109,34.416518892],[132.410078328,34.416649721],[132.410108494,34.416666667],[132.410269728,34.416757225],[132.410634449,34.416967495],[132.411068886,34.417266667],[132.411316394,34.417505],[132.411704163,34.418168613],[132.411909728,34.418565559],[132.412063891,34.418799441],[132.412302218,34.419004722],[132.412400273,34.41920083],[132.412783333,34.419906947],[132.412918054,34.419978892],[132.41309472,34.420052495],[132.41331083,34.420178613],[132.413423891,34.420281946],[132.413515551,34.420427495],[132.413624721,34.420537495],[132.413826393,34.42067556],[132.414112503,34.420824163],[132.414250558,34.420930279],[132.414239728,34.421121108],[132.414154995,34.421365279],[132.414048885,34.421630278],[132.414027782,34.421916945],[132.414048886,34.422076108],[132.414102503,34.422171387],[132.414155279,34.422265559],[132.41417445,34.422299162],[132.414239727,34.422415279],[132.414483891,34.422744162],[132.414706667,34.423073054],[132.414855279,34.423508054],[132.414918884,34.423858054],[132.414918885,34.424070279],[132.414844721,34.424250829],[132.414759728,34.42476],[132.414619145,34.425],[132.414579442,34.425067776],[132.414706667,34.425406945],[132.414865838,34.425576667],[132.415175837,34.425807494],[132.415321946,34.425916108],[132.415714721,34.426160279],[132.416149728,34.426531668],[132.416456939,34.426733054],[132.416666667,34.426747135],[132.416775279,34.426754441],[132.41722083,34.426733054],[132.41764528,34.42668],[132.417963607,34.426701387],[132.418143891,34.426786108],[132.418345551,34.426924163],[132.418430558,34.427115],[132.418487224,34.427189162],[132.418568327,34.427295559],[132.418621388,34.427550001],[132.418663892,34.427751667],[132.41897166,34.427942775],[132.419480829,34.428313892],[132.419862503,34.428643054],[132.420032218,34.428801945],[132.420170272,34.428855],[132.42069,34.429056667],[132.420923333,34.429194721],[132.420965837,34.429402225],[132.421061388,34.429486945],[132.421326667,34.429508334],[132.42171917,34.429518892],[132.421973891,34.429582495],[132.422292217,34.429593054],[132.422419442,34.429561387],[132.422674163,34.429455278],[132.423172503,34.429296108],[132.423501388,34.429136946],[132.423816667,34.428916387],[132.423925837,34.428839721],[132.424222776,34.428616946]]},"properties":{"city_code":"34104","city_name":"西区","prefecture_code":"34","prefecture_name":"広島県"}},{"type":"Feature","geometry":{"type":"LineString","coordinates":[[132.347633891,34.516345],[132.347860558,34.516309161],[132.348355551,34.516352494],[132.348962504,34.516365829],[132.349473061,34.516348613],[132.349760558,34.516335559],[132.35,34.516282414],[132.350015837,34.516278892],[132.35026083,34.516231108],[132.350768885,34.516187225],[132.351292217,34.516204163],[132.35165166,34.516296108],[132.35196445,34.516397495],[132.352243333,34.516459441],[132.352501946,34.516549721],[132.352773671,34.516666668],[132.353195837,34.516848333],[132.353318054,34.516876387],[132.353322218,34.516876388],[132.353563061,34.516876387],[132.354182218,34.516673613],[132.354196719,34.516666668],[132.35431166,34.516611666],[132.35457,34.516510279],[132.354892503,34.516481387],[132.355128054,34.516482225],[132.355502217,34.516504721],[132.355671115,34.516521667],[132.355882503,34.516481387],[132.356121389,34.516386387],[132.356407224,34.516324441],[132.356669728,34.516329161],[132.357162218,34.516425829],[132.357441388,34.51651583],[132.357639169,34.516616946],[132.357742438,34.516666668],[132.357841115,34.516714163],[132.35806694,34.516701667],[132.358189442,34.516685],[132.358251894,34.516666668],[132.358333333,34.516642748],[132.358608612,34.516561946],[132.358867783,34.516511108],[132.359214995,34.516460559],[132.359411945,34.516426667],[132.359546939,34.516354721],[132.359769728,34.516181108],[132.360006108,34.516003613],[132.360162502,34.515907775],[132.360373606,34.51583472],[132.360917782,34.515817774],[132.361053891,34.515823332],[132.36127166,34.515890829],[132.361451946,34.515942494],[132.361618053,34.515935828],[132.361918055,34.515857225],[132.362244448,34.515772776],[132.362523606,34.515732225],[132.362931387,34.515704999],[132.363067497,34.515710829],[132.36331917,34.515699441],[132.363466109,34.515710279],[132.36367083,34.515761108],[132.363781388,34.515771108],[132.363924722,34.515783892],[132.364040558,34.515778333],[132.364380558,34.515693892],[132.364659442,34.515558054],[132.364888612,34.515469721],[132.365063333,34.515445828],[132.365267224,34.515439162],[132.365302918,34.515444693],[132.36595917,34.515547495],[132.366115551,34.515586945],[132.366355837,34.515658054],[132.366407782,34.515673614],[132.366666667,34.515792387],[132.366674163,34.515795828],[132.36687083,34.515930279],[132.367011388,34.516037225],[132.367264994,34.516186667],[132.367466667,34.516286946],[132.367489728,34.516298613],[132.367639442,34.516172495],[132.367748328,34.516003614],[132.367850272,34.515919161],[132.368008054,34.515841388],[132.368462776,34.515716387],[132.368558053,34.515688054],[132.368768886,34.515637495],[132.368958885,34.515567225],[132.369191946,34.515424162],[132.369462776,34.515305559],[132.369775837,34.515311109],[132.369886939,34.51534],[132.370043333,34.515436387],[132.370102504,34.515671667],[132.37010917,34.515823333],[132.370170557,34.516071108],[132.370203891,34.516162494],[132.370341115,34.516256108],[132.370544721,34.516335829],[132.370687497,34.516409161],[132.370782776,34.516499162],[132.37086917,34.516616387],[132.370892218,34.516666667],[132.370952218,34.516797495],[132.371027782,34.516989442],[132.37103445,34.517045559],[132.371068612,34.517141387],[132.371177497,34.517259721],[132.371304163,34.517322775],[132.371437497,34.517324999],[132.371564995,34.517266108],[132.371678612,34.51718],[132.37171472,34.517079441],[132.371701115,34.516673892],[132.37170297,34.516666667],[132.371724449,34.516583892],[132.371734449,34.516546108],[132.371834163,34.516394441],[132.372034448,34.516251387],[132.372081946,34.516211946],[132.372286109,34.516099721],[132.372415837,34.516048054],[132.372483606,34.516023892],[132.372632503,34.515807225],[132.372778054,34.515213613],[132.372867497,34.515079161],[132.374906108,34.515359162],[132.375,34.515371865],[132.375734994,34.515471108],[132.376183061,34.515515829],[132.377370273,34.515280829],[132.377997497,34.515247225],[132.378658327,34.515392775],[132.378927224,34.515437495],[132.379285551,34.515437494],[132.379957782,34.515269441],[132.380327224,34.514821387],[132.38064083,34.514082495],[132.380876109,34.513656946],[132.380909729,34.513320829],[132.380907782,34.513317774],[132.38074166,34.513051946],[132.38015917,34.512480829],[132.380013606,34.512077495],[132.379896394,34.511604162],[132.379918886,34.51138],[132.380103334,34.511271387],[132.381178612,34.510845559],[132.381581946,34.510509721],[132.381772218,34.510296667],[132.382041115,34.509915829],[132.382096939,34.509591108],[132.382108886,34.509553225],[132.382220272,34.509199441],[132.382544993,34.508952775],[132.383082504,34.508728892],[132.383284163,34.508527224],[132.383333333,34.508519135],[132.384465616,34.508333334],[132.385022503,34.508241946],[132.385929728,34.508152225],[132.386479442,34.507960559],[132.387150558,34.507726946],[132.387587224,34.507256667],[132.387861946,34.507102225],[132.388147497,34.507088613],[132.388408612,34.507110829],[132.388638327,34.507201946],[132.388898885,34.50718028],[132.389081116,34.507032775],[132.389224721,34.506835829],[132.38947917,34.50659],[132.389518612,34.506551667],[132.389711388,34.506361667],[132.389777782,34.506310279],[132.389843607,34.506259721],[132.389898327,34.506217495],[132.390213333,34.505974161],[132.390404163,34.505748612],[132.390556109,34.505236946],[132.39058917,34.504921946],[132.390467224,34.504637495],[132.390410271,34.504505279],[132.390240829,34.50411],[132.390222776,34.504068054],[132.39019,34.503971947],[132.390025279,34.503511946],[132.389897223,34.503356667],[132.389842777,34.503320279],[132.389758327,34.503284441],[132.389589442,34.503230829],[132.389583606,34.502981387],[132.389644448,34.502607495],[132.389645551,34.502603054],[132.389666939,34.502523892],[132.389705279,34.502380829],[132.389717223,34.502336947],[132.389768054,34.502147226],[132.389772503,34.502130829],[132.390212503,34.501397776],[132.39022166,34.501370829],[132.390377224,34.500917495],[132.39041555,34.500805279],[132.390432503,34.500756387],[132.390429442,34.500709442],[132.39041917,34.500554161],[132.390401946,34.50029],[132.390300363,34.500000001],[132.390189728,34.499684162],[132.39002,34.49946],[132.389938328,34.499265279],[132.389826109,34.498997414],[132.389814164,34.498968892],[132.389638327,34.498508054],[132.389559442,34.498174721],[132.389535279,34.497867775],[132.389304994,34.497164721],[132.389250272,34.496661387],[132.389250272,34.496213054],[132.38937166,34.495825279],[132.389619999,34.495400829],[132.389771661,34.495303892],[132.389808054,34.495055279],[132.389747498,34.494818892],[132.38965166,34.494623054],[132.38962,34.494558333],[132.389577782,34.494461387],[132.38957166,34.494315829],[132.389619999,34.494097495],[132.389759442,34.493806667],[132.389959727,34.493541946],[132.390044449,34.493348333],[132.390026394,34.493123892],[132.389832218,34.492845279],[132.389686938,34.492602775],[132.389535279,34.492433054],[132.389280558,34.492220829],[132.38902,34.492057225],[132.388345226,34.491666667],[132.388286667,34.491632775],[132.38818131,34.491581748],[132.38771083,34.491353892],[132.387431946,34.491244721],[132.387450271,34.491081108],[132.387541115,34.490735559],[132.387607782,34.490432495],[132.387626109,34.490123332],[132.387759442,34.489802225],[132.387862504,34.489663055],[132.388068612,34.489331667],[132.388304994,34.488961946],[132.388420272,34.488743613],[132.388547497,34.488349721],[132.388608053,34.488016387],[132.388674721,34.487664721],[132.388741388,34.487422225],[132.38893528,34.487191946],[132.389139728,34.48702],[132.389165837,34.486998054],[132.389414448,34.486846668],[132.389668885,34.486785829],[132.389953606,34.486883054],[132.390232503,34.487089162],[132.390565838,34.487264721],[132.390844721,34.487319441],[132.391196109,34.487313332],[132.391499442,34.487270829],[132.391666667,34.487214388],[132.391984163,34.487107225],[132.392796667,34.486658613],[132.393990558,34.485979721],[132.394323333,34.485828054],[132.39469917,34.485761667],[132.394820661,34.485761667],[132.394935838,34.485761667],[132.395005551,34.485768054],[132.39516083,34.485782495],[132.395315551,34.485796667],[132.395396394,34.485804162],[132.395675279,34.485798054],[132.396511946,34.485519162],[132.397007782,34.485351666],[132.397026109,34.485345279],[132.397426939,34.48521],[132.39753611,34.485],[132.397790558,34.484854721],[132.398287782,34.484903054],[132.398602503,34.484918333],[132.398906109,34.484933332],[132.399027498,34.484904441],[132.399312219,34.484836386],[132.399669729,34.484678892],[132.399906109,34.484472775],[132.4,34.484285441],[132.400021388,34.484242774],[132.400226939,34.484006108],[132.400353892,34.483861387],[132.400470271,34.483728892],[132.400529727,34.483660828],[132.400704994,34.483497225],[132.40076083,34.483445279],[132.400880946,34.483333332],[132.400887497,34.483327225],[132.400986109,34.483255829],[132.40123917,34.483072775],[132.401267497,34.483056387],[132.401645279,34.482836387],[132.401887783,34.482636108],[132.402178612,34.482521108],[132.402384721,34.482484721],[132.402796939,34.482490829],[132.402914449,34.482520559],[132.402953607,34.482530559],[132.403178885,34.482587775],[132.403275772,34.482653494],[132.403456978,34.482770775],[132.403449805,34.483093441],[132.402943943,34.483333332],[132.402582192,34.483504892],[132.402800895,34.483984468],[132.402990895,34.484034721],[132.403023166,34.484372198],[132.403084112,34.48441364],[132.403048249,34.484552775],[132.402664643,34.484683],[132.402732776,34.484887253],[132.40256428,34.484982001],[132.402194995,34.485168496],[132.402173476,34.485263198],[132.402288197,34.485334252],[132.402474643,34.485393468],[132.402478223,34.485494108],[132.40253917,34.485612496],[132.402685187,34.485658279],[132.402912022,34.485621387],[132.40306978,34.48562436],[132.403474891,34.485452666],[132.403847755,34.485171441],[132.40433895,34.485579829],[132.404408806,34.485753748],[132.404758418,34.485724892],[132.405163528,34.485923225],[132.405489559,34.486087973],[132.40571205,34.486287333],[132.405790947,34.486533027],[132.405988144,34.48679056],[132.406206809,34.487054027],[132.406382502,34.487252361],[132.406500052,34.487310081],[132.40666572,34.487344108],[132.406823477,34.487361865],[132.407118054,34.487398612],[132.407433333,34.487392495],[132.407633333,34.487440828],[132.407991114,34.487592495],[132.408333333,34.487773082],[132.408427497,34.487822775],[132.408894449,34.488022776],[132.409203606,34.488107775],[132.40973083,34.488156108],[132.410112775,34.488192495],[132.410367497,34.488138054],[132.410627782,34.488131946],[132.410745304,34.48814136],[132.411082503,34.488168333],[132.41134917,34.488192495],[132.411531115,34.488210829],[132.411785551,34.488277495],[132.411906939,34.48832],[132.412252502,34.488289721],[132.412452503,34.488210829],[132.412748884,34.488089441],[132.413046109,34.487974442],[132.413318885,34.487925829],[132.414003606,34.487907775],[132.414585552,34.487901668],[132.415240272,34.487883333],[132.415362503,34.487878613],[132.415555279,34.487871387],[132.415919171,34.487804721],[132.416666667,34.487804722],[132.416731388,34.487804721],[132.417234164,34.487853053],[132.417549442,34.487919721],[132.417767782,34.488028892],[132.417979999,34.488125829],[132.41816166,34.488131946],[132.418610272,34.487968333],[132.418803892,34.487883333],[132.418924994,34.487865279],[132.419124994,34.487913613],[132.419391946,34.48806528],[132.419664721,34.488235],[132.419943333,34.488344162],[132.420367497,34.488538054],[132.42081,34.488816946],[132.421173891,34.489077775],[132.421494994,34.489235279],[132.421749727,34.489271667],[132.421931388,34.489253333],[132.422307223,34.489180829],[132.422598327,34.489089721],[132.422780272,34.488992775],[132.422980001,34.488859441],[132.42316166,34.488823055],[132.423337497,34.488841108],[132.423701388,34.488974721],[132.423901388,34.489126108],[132.424198327,34.489186668],[132.424368054,34.489253333],[132.42444083,34.489362494],[132.42445306,34.489477775],[132.424392503,34.489726387],[132.424343891,34.489944441],[132.42424083,34.49009],[132.42421611,34.490105829],[132.424058885,34.490205279],[132.423543606,34.490596667],[132.423198054,34.490972496],[132.423149728,34.491118054],[132.423094994,34.491360559],[132.423086978,34.491666667],[132.42307083,34.492281946],[132.423052776,34.493281946],[132.42306472,34.493518333],[132.423125551,34.49367],[132.423264993,34.493888054],[132.423404163,34.493930559],[132.42373166,34.494021387],[132.423943891,34.494057775],[132.424113605,34.494094162],[132.424580272,34.494385279],[132.424682049,34.494434919],[132.424828612,34.494506387],[132.425,34.494577054],[132.425264449,34.494686107],[132.425531387,34.494861946],[132.425694994,34.494952775],[132.425888885,34.495007495],[132.426149728,34.495025558],[132.426416395,34.494989163],[132.426713334,34.494922495],[132.426925279,34.49488],[132.427216109,34.494868054],[132.427325279,34.494868055],[132.427410272,34.494819441],[132.427555552,34.494795279],[132.42768306,34.494849721],[132.427961945,34.494965],[132.428089171,34.495001387],[132.428186109,34.495019441],[132.428410558,34.495025559],[132.42864083,34.495086108],[132.428708054,34.495138892],[132.428725552,34.495152775],[132.428816667,34.495207495],[132.428986109,34.495304441],[132.42918611,34.495407494],[132.429452776,34.495577226],[132.429610272,34.495704441],[132.429731659,34.495783333],[132.430156109,34.49596528],[132.430677224,34.496146946],[132.430980272,34.496231946],[132.431379728,34.496298613],[132.431640272,34.496359162],[132.431913061,34.496425829],[132.432210272,34.496510829],[132.432355838,34.496541108],[132.432598054,34.496492495],[132.432852776,34.496401667],[132.432932944,34.496383162],[132.433088885,34.496347225],[132.433325279,34.496347225],[132.433333333,34.496348441],[132.43356166,34.496383333],[132.433834449,34.496365279],[132.434125551,34.496311109],[132.434695279,34.496110829],[132.43505917,34.496026108],[132.435319442,34.496001946],[132.435434721,34.495971386],[132.435701388,34.495904721],[132.43595,34.495838054],[132.436319728,34.495826108],[132.436574163,34.495868334],[132.436810829,34.495971386],[132.436998611,34.496001946],[132.437150272,34.496013892],[132.437458612,34.49602],[132.437725279,34.495989721],[132.437919171,34.495935279],[132.438113333,34.495953333],[132.438446666,34.495965559],[132.438743606,34.495971387],[132.439136394,34.495984441],[132.439295279,34.495989721],[132.439749727,34.495977495],[132.440076938,34.495910829],[132.440495279,34.495813892],[132.44093166,34.495716946],[132.44135611,34.495626387],[132.441666666,34.495535108],[132.441913606,34.495462495],[132.442113605,34.49536556],[132.442471388,34.495098892],[132.442889441,34.494710829],[132.443156394,34.494462495],[132.443344163,34.494377495],[132.443646667,34.494238054],[132.443998054,34.494171387],[132.444513333,34.493995829],[132.444834721,34.493923054],[132.445101388,34.493880829],[132.445182775,34.493860279],[132.445368054,34.493813893],[132.445598327,34.493741387],[132.446010558,34.493652495],[132.446392218,34.493573613],[132.446610559,34.493537225],[132.447137782,34.49346472],[132.447471388,34.493416108],[132.447834994,34.493373613],[132.448186667,34.493306946],[132.448453333,34.493306946],[132.448695838,34.493349441],[132.449120272,34.493567775],[132.449252504,34.493666945],[132.449362777,34.49374944],[132.449483606,34.493852495],[132.449846938,34.494125279],[132.449999999,34.494208532],[132.450058884,34.494240558],[132.450386394,34.494434441],[132.450792503,34.494616387],[132.45120472,34.494749721],[132.451489727,34.494838613],[132.451695837,34.494953613],[132.451944164,34.495111387],[132.452047224,34.495238612],[132.452112776,34.495281109],[132.452168613,34.495317495],[132.452314163,34.495353892],[132.452514163,34.495353892],[132.452744449,34.495317495],[132.452908054,34.495262775],[132.453059728,34.495202225],[132.453211115,34.495153614],[132.453489729,34.495105279],[132.453598885,34.49510528],[132.453744449,34.495093054],[132.453817224,34.495026387],[132.453877783,34.494935559],[132.454004994,34.494771947],[132.454156667,34.494577775],[132.454411115,34.494426387],[132.454476939,34.494342225],[132.454520272,34.494286945],[132.454683892,34.494183892],[132.454902218,34.494141387],[132.455059728,34.494136387],[132.455296394,34.494129163],[132.455574994,34.494153613],[132.45587166,34.494268613],[132.456144449,34.494335279],[132.456447497,34.494371667],[132.456756666,34.494401947],[132.457059728,34.494401946],[132.457314449,34.494286946],[132.457465837,34.494105],[132.457465837,34.493735279],[132.457381115,34.493349721],[132.457256939,34.493010829],[132.457247782,34.492986108],[132.457156667,34.492537495],[132.457035551,34.492082775],[132.456974994,34.491676667],[132.456973554,34.491666667],[132.456926394,34.491337225],[132.456938612,34.49086444],[132.456944721,34.490634162],[132.457011388,34.490452496],[132.457229441,34.490343333],[132.457605279,34.490258333],[132.458053891,34.490173613],[132.458333333,34.490102413],[132.458368249,34.490093532],[132.458468807,34.490074802],[132.458780778,34.490199802],[132.459002503,34.490289441],[132.459170725,34.490393],[132.460293165,34.490110225],[132.461023944,34.489769306],[132.461398612,34.490083721],[132.462066978,34.489946135],[132.462235188,34.489489054],[132.463804306,34.489087587],[132.463624163,34.488460559],[132.463436108,34.488048334],[132.463624163,34.488072495],[132.46409083,34.488042225],[132.46453917,34.487975559],[132.464903061,34.487890558],[132.465317497,34.487741108],[132.465339442,34.487733055],[132.465421659,34.487704721],[132.465533333,34.487666387],[132.465666667,34.487466387],[132.46586083,34.487139162],[132.466068612,34.486828332],[132.466383892,34.486682775],[132.466666667,34.486536694],[132.466759728,34.486488613],[132.467123332,34.486403893],[132.467462776,34.486294721],[132.467790272,34.486052225],[132.467971946,34.485749161],[132.468238613,34.485518892],[132.468517497,34.485433891],[132.468748054,34.485494441],[132.468898885,34.485561387],[132.469094721,34.485648612],[132.469268885,34.485755],[132.469778328,34.486112774],[132.470013891,34.486393892],[132.470141946,34.486476667],[132.470420272,34.486780828],[132.470614721,34.487082775],[132.47098166,34.487429441],[132.47121389,34.487661667],[132.471231115,34.487674441],[132.471513892,34.487884162],[132.471736395,34.488067774],[132.471978327,34.488251667],[132.472162217,34.488290278],[132.472433333,34.488377495],[132.472733061,34.488319441],[132.473236109,34.488213054],[132.47374917,34.488058333],[132.47448472,34.487864722],[132.47492,34.487748613],[132.474999999,34.487734802],[132.475704162,34.487613333],[132.476217224,34.487545559],[132.476652775,34.487496947],[132.47730083,34.487477775],[132.477833061,34.487468054],[132.478423333,34.487438893],[132.478916939,34.487400279],[132.479246109,34.487477775],[132.479439442,34.487642224],[132.47970083,34.48770028],[132.480126666,34.48771],[132.480368612,34.487719721],[132.480716667,34.487719721],[132.481258612,34.487777775],[132.481587782,34.487884162],[132.481710273,34.487904721],[132.481936109,34.487942225],[132.482274995,34.487951946],[132.482768327,34.487980829],[132.48300083,34.488009999],[132.483333333,34.488141333],[132.483368612,34.488155279],[132.483639443,34.488416387],[132.48380083,34.488661387],[132.483939442,34.488871387],[132.484161659,34.489374442],[132.484381388,34.489631667],[132.484616667,34.489906946],[132.484858611,34.490255],[132.485119999,34.490438333],[132.485228198,34.490565802],[132.485391115,34.490757775],[132.485584721,34.491086667],[132.485661946,34.491270559],[132.485652502,34.491502775],[132.485570558,34.491666668],[132.485526667,34.491754441],[132.485516939,34.491986666],[132.485478053,34.492228613],[132.485565279,34.492499721],[132.48572,34.49278],[132.485778055,34.493041387],[132.485797497,34.493331667],[132.485836394,34.493476946],[132.485758885,34.493757495],[132.485516939,34.494076946],[132.485158884,34.494183333],[132.484723333,34.494328613],[132.484433061,34.494463892],[132.484392503,34.494510279],[132.484297497,34.494618892],[132.484161946,34.494908893],[132.48410389,34.495286387],[132.484055552,34.495721946],[132.484142776,34.495915279],[132.48424917,34.496215279],[132.484355551,34.496544441],[132.484355551,34.496747775],[132.484219999,34.497192775],[132.483997497,34.497589441],[132.483494163,34.498179721],[132.483333332,34.498390775],[132.483155279,34.498624441],[132.482923061,34.498895279],[132.482458612,34.499282495],[132.482187496,34.499563054],[132.48197472,34.499843613],[132.481879611,34.5],[132.48181,34.500114441],[132.481781115,34.500230559],[132.481742218,34.500704721],[132.481761659,34.501343612],[132.481775914,34.501490278],[132.48179083,34.501643613],[132.481832412,34.50192056],[132.481848885,34.502030559],[132.481897224,34.502388613],[132.481945551,34.502582224],[132.482064448,34.502774721],[132.48208917,34.502815],[132.482148885,34.502911387],[132.482215551,34.502990829],[132.482303333,34.503095],[132.482419442,34.503172225],[132.482487223,34.503133054],[132.482603333,34.503066108],[132.483096939,34.502872495],[132.483333333,34.502771162],[132.483503891,34.502698054],[132.483638885,34.502640278],[132.484132503,34.502456387],[132.484304162,34.502437775],[132.484490558,34.502417775],[132.48481,34.502437225],[132.485410273,34.502456387],[132.48573917,34.502514441],[132.486048612,34.502611387],[132.486151388,34.502663892],[132.486522776,34.502853333],[132.486726109,34.503037225],[132.486950829,34.503232775],[132.487258327,34.503586667],[132.487388885,34.503987225],[132.48741166,34.504057225],[132.487427497,34.505829162],[132.487252776,34.507209722],[132.487152503,34.507558613],[132.487038885,34.508130829],[132.487029442,34.508178332],[132.487027496,34.508188333],[132.486998664,34.508333334],[132.486969999,34.508477495],[132.486742776,34.509566946],[132.486562776,34.510545558],[132.486516395,34.510993333],[132.486590558,34.511495829],[132.486635551,34.511762774],[132.486664721,34.511934721],[132.486854721,34.512178054],[132.48724083,34.512373892],[132.488304162,34.51285],[132.489209728,34.513213614],[132.489568328,34.513357775],[132.490739442,34.513771667],[132.491666667,34.514025721],[132.492368611,34.514218054],[132.492437224,34.514236945],[132.493147523,34.514433721],[132.493754163,34.514601946],[132.493907782,34.514638054],[132.494442504,34.514763891],[132.494855837,34.514861108],[132.495818327,34.514988054],[132.496484721,34.514999163],[132.496757224,34.515025559],[132.497473061,34.514946668],[132.497936939,34.514847775],[132.498123606,34.514808054],[132.49903,34.514586387],[132.499840829,34.514418613],[132.49986917,34.514412775],[132.5,34.514374747],[132.500698612,34.514171668],[132.501209728,34.514026946],[132.501676393,34.513858613],[132.501797782,34.513815],[132.502337782,34.513545],[132.503013061,34.513014442],[132.504189728,34.512204441],[132.50497083,34.511625829],[132.505404994,34.511201667],[132.506137496,34.510478334],[132.506933891,34.509551667],[132.507140558,34.509311387],[132.507412503,34.508968613],[132.507622776,34.508703892],[132.507825551,34.508385559],[132.507853476,34.508333334],[132.508333333,34.507435586],[132.508346109,34.507411667],[132.508447497,34.507133613],[132.508910558,34.505863613],[132.509019442,34.505531387],[132.509148612,34.505103054],[132.509203061,34.504973613],[132.50929166,34.504753892],[132.509468885,34.504287775],[132.509750272,34.503548055],[132.509773605,34.503486946],[132.509895552,34.503233333],[132.510294449,34.501935829],[132.510586667,34.501243054],[132.510716109,34.50085472],[132.510763333,34.500713054],[132.510808885,34.500467774],[132.510892217,34.500020001],[132.510892477,34.5],[132.510899169,34.49946972],[132.510842776,34.49850944],[132.510828054,34.498401387],[132.510761114,34.497911667],[132.510666109,34.497571946],[132.510462503,34.496805829],[132.510413333,34.496621108],[132.510372503,34.496356109],[132.510364162,34.496276387],[132.510324994,34.495894161],[132.510297782,34.495020829],[132.510305837,34.494933054],[132.510352218,34.494429999],[132.510521947,34.4939],[132.510847223,34.492891108],[132.511153891,34.491978613],[132.511159728,34.491960829],[132.511219339,34.491666667],[132.511336668,34.491087495],[132.511377498,34.490772495],[132.511391115,34.490666387],[132.511527782,34.490043613],[132.511580272,34.489286667],[132.511553061,34.488770559],[132.51142389,34.488172494],[132.511213333,34.487615279],[132.510948328,34.487090279],[132.510431946,34.486451387],[132.509528326,34.485547775],[132.508624994,34.484678054],[132.508333333,34.484396027],[132.507868611,34.483946667],[132.507548612,34.483637495],[132.507234189,34.483333333],[132.50632083,34.482449721],[132.501497782,34.478157225],[132.50142,34.478090829],[132.501265837,34.47795972],[132.500441661,34.477256946],[132.500004721,34.476884441],[132.499999999,34.476880108],[132.499139171,34.476087775],[132.497957562,34.475],[132.497474163,34.474555],[132.496798612,34.473989721],[132.496596939,34.473809162],[132.496299999,34.473501667],[132.496071116,34.473234721],[132.49598166,34.473130279],[132.495631946,34.472557225],[132.495462218,34.47217528],[132.495207497,34.471719441],[132.495048327,34.471241945],[132.49488917,34.470796387],[132.49473,34.470329441],[132.494592218,34.470053613],[132.494475279,34.469820278],[132.494305551,34.469416946],[132.494135837,34.468770278],[132.493913333,34.467931946],[132.493786109,34.467246946],[132.493670052,34.466666668],[132.493669442,34.466663613],[132.493612218,34.466295559],[132.493608327,34.466269721],[132.493552502,34.465910559],[132.493496109,34.465606108],[132.49345083,34.465362495],[132.493361661,34.464881387],[132.493213061,34.464021946],[132.49307528,34.463375],[132.492926668,34.462759721],[132.492746394,34.462197225],[132.492598054,34.461645559],[132.49230083,34.460860559],[132.492006667,34.460251386],[132.49200389,34.460245279],[132.491717497,34.459783333],[132.491666666,34.459708694],[132.491377782,34.459284441],[132.491158054,34.458997775],[132.490783606,34.45851],[132.49064131,34.458333333],[132.490179727,34.45776028],[132.49002917,34.457573614],[132.489903333,34.457417495],[132.48935166,34.456547495],[132.488969728,34.455847225],[132.488725837,34.455253054],[132.488570559,34.454722495],[132.488524163,34.454563891],[132.488418327,34.454043892],[132.488375837,34.453502775],[132.488365279,34.45285556],[132.488418327,34.452085828],[132.488513891,34.451544999],[132.488747224,34.450314162],[132.488758327,34.450247225],[132.488799533,34.45],[132.488991116,34.448850279],[132.489159442,34.447915279],[132.48924083,34.447463613],[132.489277783,34.447258892],[132.489447497,34.446219441],[132.489649443,34.445137225],[132.489744721,34.444320279],[132.489744721,34.443768892],[132.489729729,34.443346387],[132.489626939,34.442893613],[132.489619442,34.442861108],[132.489449728,34.442394162],[132.489248055,34.442075829],[132.488897781,34.441672775],[132.488890364,34.441666667],[132.488537224,34.441375559],[132.488186939,34.441152775],[132.487794721,34.440940559],[132.487359728,34.440749722],[132.486765551,34.440548333],[132.485874449,34.440304441],[132.485142218,34.440145279],[132.484484721,34.440017775],[132.483890558,34.439933054],[132.483406394,34.439893333],[132.48337083,34.439890559],[132.483333333,34.439880054],[132.483088327,34.439811387],[132.482840272,34.439741946],[132.482362777,34.439646667],[132.481651946,34.439423612],[132.481015551,34.439232775],[132.480771389,34.439135828],[132.480400272,34.438988613],[132.479689442,34.438691667],[132.47903166,34.438352225],[132.478683333,34.438182495],[132.478025837,34.437832225],[132.477580271,34.437545829],[132.476996667,34.437153333],[132.47651917,34.436797226],[132.475935837,34.436319721],[132.475267497,34.435715],[132.475,34.435415802],[132.474821946,34.435216667],[132.473814163,34.434081387],[132.473128029,34.433333333],[132.472844449,34.433024162],[132.472753333,34.432925],[132.471692218,34.431726387],[132.470971115,34.43095],[132.470854448,34.43082444],[132.470334449,34.430357495],[132.469778328,34.429842495],[132.469777498,34.429841946],[132.469475279,34.429561946],[132.468552503,34.428798054],[132.467981388,34.428261387],[132.467524994,34.427890278],[132.466740271,34.427264442],[132.466666667,34.427211225],[132.466228612,34.426894441],[132.465679442,34.426500559],[132.465441389,34.426353333],[132.465233606,34.426224721],[132.464557224,34.42597],[132.464247224,34.425853333],[132.463769728,34.425768614],[132.463408885,34.425734162],[132.463324162,34.425726108],[132.463156666,34.425723333],[132.462093606,34.425704721],[132.461651115,34.425677775],[132.461403891,34.425662496],[132.460268885,34.425588053],[132.46002166,34.425557495],[132.459735279,34.425522225],[132.459409442,34.425481947],[132.458507783,34.425344162],[132.458333333,34.425301224],[132.457818327,34.425174441],[132.45756,34.425093333],[132.457431115,34.425052775],[132.457263062,34.425],[132.45710917,34.424951668],[132.456504449,34.424707495],[132.456277224,34.424606946],[132.455811388,34.424401108],[132.455766395,34.424381108],[132.455496667,34.424261945],[132.454993606,34.424681109],[132.454796394,34.424845559],[132.454587665,34.425],[132.454396939,34.425141108],[132.454286109,34.425223054],[132.454088885,34.425369162],[132.453936939,34.425481667],[132.453215837,34.425831946],[132.452706394,34.425948612],[132.452176109,34.425991108],[132.45215917,34.425991387],[132.451933333,34.425995829],[132.451894721,34.425996387],[132.451854993,34.425997225],[132.451720557,34.425999721],[132.451624448,34.426001667],[132.451210558,34.425980559],[132.450658885,34.425842495],[132.450329999,34.425725829],[132.45,34.425521414],[132.449884721,34.42545],[132.449598054,34.425216387],[132.449355837,34.42503],[132.449316783,34.425],[132.449184448,34.424898333],[132.448834163,34.424537495],[132.448420558,34.424102495],[132.447868612,34.423551108],[132.447486938,34.423169162],[132.447211115,34.422967495],[132.446945838,34.422850829],[132.446670001,34.422787225],[132.446300558,34.422776667],[132.445801945,34.422797775],[132.445554722,34.422826108],[132.445154721,34.422871945],[132.444306108,34.423020558],[132.443584721,34.423158333],[132.443393892,34.423147495],[132.443352776,34.423136108],[132.443128612,34.423073614],[132.442640558,34.422978054],[132.442465279,34.422936946],[132.442279728,34.422893333],[132.441887223,34.422818892],[132.441666667,34.422879108],[132.441537224,34.422914442],[132.441102218,34.42309444],[132.440709442,34.423275],[132.44026389,34.423571947],[132.440030558,34.42372056],[132.439638054,34.423805279],[132.43934083,34.423847775],[132.439252218,34.423908334],[132.439139442,34.423985829],[132.43900166,34.424123613],[132.438725837,34.424420829],[132.438534721,34.42458],[132.438343891,34.424654162],[132.437876939,34.424760279],[132.437409727,34.424883027],[132.436964422,34.425],[132.436624993,34.425089162],[132.435385551,34.425481387],[132.434791388,34.425651108],[132.434440559,34.425799441],[132.434314164,34.425852774],[132.434165837,34.425831667],[132.433804994,34.425757225],[132.433497224,34.425683054],[132.433333333,34.425645253],[132.43294555,34.425555829],[132.432584995,34.425502775],[132.432492218,34.425499441],[132.432001389,34.425481387],[132.431725551,34.425364721],[132.431385836,34.425195],[132.431152309,34.425],[132.43113166,34.424982775],[132.430951115,34.424951108],[132.430828807,34.424999999],[132.43073917,34.425035829],[132.42996445,34.425439162],[132.429232502,34.425916387],[132.428786939,34.426393892],[132.428341115,34.426913892],[132.42805472,34.427253333],[132.427757781,34.427439721],[132.427420389,34.427659776],[132.427237782,34.427778892],[132.426877497,34.427938055],[132.426707497,34.428054721],[132.426643892,34.427991108],[132.426506108,34.4278],[132.426465279,34.427783613],[132.426346939,34.427736386],[132.426007497,34.427938054],[132.425625279,34.428171387],[132.425254163,34.428309441],[132.425,34.428359919],[132.424774449,34.428404721],[132.424541115,34.428404721],[132.424222776,34.428616946],[132.423925837,34.428839721],[132.423816667,34.428916387],[132.423501388,34.429136946],[132.423172503,34.429296108],[132.422674163,34.429455278],[132.422419442,34.429561387],[132.422292217,34.429593054],[132.421973891,34.429582495],[132.42171917,34.429518892],[132.421326667,34.429508334],[132.421061388,34.429486945],[132.420965837,34.429402225],[132.420923333,34.429194721],[132.42069,34.429056667],[132.420170272,34.428855],[132.420032218,34.428801945],[132.419862503,34.428643054],[132.419480829,34.428313892],[132.41897166,34.427942775],[132.418663892,34.427751667],[132.418621388,34.427550001],[132.418568327,34.427295559],[132.418487224,34.427189162],[132.418430558,34.427115],[132.418345551,34.426924163],[132.418143891,34.426786108],[132.417963607,34.426701387],[132.41764528,34.42668],[132.41722083,34.426733054],[132.416775279,34.426754441],[132.416666667,34.426747135],[132.416456939,34.426733054],[132.416149728,34.426531668],[132.415714721,34.426160279],[132.415321946,34.425916108],[132.415175837,34.425807494],[132.414865838,34.425576667],[132.414706667,34.425406945],[132.414579442,34.425067776],[132.414441388,34.425248055],[132.414335279,34.425417494],[132.414144448,34.425735829],[132.414112503,34.425895],[132.414112503,34.425969163],[132.414164994,34.426068054],[132.414208054,34.426149721],[132.414314163,34.426319441],[132.414462775,34.426563333],[132.41459,34.426818054],[132.414632503,34.427093892],[132.414632503,34.427098893],[132.414621946,34.427481667],[132.414600558,34.428012225],[132.414568885,34.428372775],[132.414483891,34.428659162],[132.414345836,34.428733333],[132.414101946,34.42876528],[132.413857781,34.428786388],[132.413444163,34.428903333],[132.413410636,34.428913386],[132.413019728,34.429030559],[132.412605836,34.429200279],[132.412232503,34.429274441],[132.411893333,34.429306387],[132.411606939,34.429253334],[132.41124611,34.429126108],[132.410959728,34.429030558],[132.410450272,34.428924441],[132.409962218,34.428871387],[132.409527224,34.428924441],[132.408752776,34.429295829],[132.408338885,34.429476108],[132.408333333,34.429478306],[132.408042218,34.429592495],[132.407808885,34.429762225],[132.407416109,34.429953333],[132.407235837,34.430218613],[132.407034163,34.430398892],[132.406779728,34.430536946],[132.406461387,34.430600559],[132.406275551,34.430617775],[132.406121946,34.430632225],[132.405824721,34.430664162],[132.405527782,34.430791387],[132.405082218,34.431024999],[132.404753061,34.431194721],[132.404466667,34.431300829],[132.40419083,34.431332495],[132.403830558,34.431321946],[132.403374163,34.43129],[132.402769443,34.431258055],[132.402440558,34.431258055],[132.402175279,34.431279163],[132.401973606,34.431374721],[132.40171917,34.431427775],[132.401324448,34.431406667],[132.400486108,34.431311109],[132.400178885,34.431300559],[132.4,34.431366333],[132.399977223,34.43137472],[132.39985,34.431470279],[132.399775551,34.431883891],[132.399743891,34.43251],[132.399669442,34.433040278],[132.39964166,34.433333332],[132.399627224,34.433485829],[132.399503606,34.433501667],[132.399367782,34.433519441],[132.399310272,34.433526667],[132.399298327,34.433528333],[132.399102218,34.433507225],[132.399085837,34.43350528],[132.399017782,34.433498054],[132.398905551,34.433485829],[132.398587497,34.433432775],[132.398407781,34.433360559],[132.398369663,34.433333333],[132.39830083,34.433284162],[132.398131115,34.433093333],[132.398017782,34.433020829],[132.398014449,34.433018892],[132.397941661,34.433050559],[132.397769171,34.433125279],[132.397696109,34.433156946],[132.397577224,34.433247495],[132.39749917,34.433306666],[132.397464137,34.433333333],[132.397208054,34.433528333],[132.396787498,34.433908613],[132.396721115,34.433968892],[132.396649727,34.434033332],[132.396584721,34.434092224],[132.396539728,34.434133054],[132.396511115,34.434155],[132.396168327,34.434419441],[132.396041389,34.434568054],[132.396062218,34.434716667],[132.396030272,34.434907225],[132.395741659,34.435042775],[132.395691115,34.435066388],[132.395192503,34.435299721],[132.39499083,34.435384722],[132.394757498,34.435469441],[132.394566666,34.435427225],[132.394322503,34.435289162],[132.39402555,34.435161945],[132.393987523,34.435156054],[132.393887497,34.435140559],[132.393632776,34.435172495],[132.393325279,34.435236108],[132.393049442,34.435299721],[132.392784163,34.435416388],[132.392669442,34.435445],[132.392444995,34.435501387],[132.392211388,34.435448333],[132.392020559,34.435374163],[132.391963333,34.435297775],[132.391893061,34.435204441],[132.391733891,34.434949721],[132.391666667,34.434889946],[132.391543062,34.43478],[132.391288327,34.434588893],[132.390927782,34.434472225],[132.390670829,34.434461667],[132.390426938,34.434493333],[132.390246667,34.434472225],[132.389843333,34.434334441],[132.389482775,34.434238892],[132.389143333,34.434164442],[132.389117497,34.434145],[132.38901611,34.434069161],[132.388676666,34.433899441],[132.388496109,34.433793333],[132.388262776,34.433729441],[132.388093061,34.433750829],[132.387954994,34.433835559],[132.387711115,34.434037225],[132.387655551,34.434111388],[132.387551945,34.434249441],[132.387548326,34.434268054],[132.387509441,34.434472225],[132.387519999,34.434705558],[132.387456394,34.434843613],[132.387254994,34.435071946],[132.387138054,34.435231108],[132.387127497,34.435369162],[132.387138054,34.435475278],[132.387265551,34.435645001],[132.387477782,34.435846667],[132.387817224,34.436292226],[132.387859727,34.436546946],[132.387838326,34.436758892],[132.387827782,34.437225829],[132.387795837,34.437575828],[132.387815837,34.437729721],[132.387838327,34.437904721],[132.387795837,34.438106107],[132.387647496,34.438392774],[132.387435279,34.438774721],[132.387307782,34.439061108],[132.387180558,34.439188333],[132.387063891,34.439294441],[132.387031946,34.439474721],[132.38701083,34.439676387],[132.387063891,34.439856667],[132.387138054,34.440005],[132.387339728,34.440259721],[132.387392775,34.44062028],[132.387350271,34.440779441],[132.387350272,34.441055279],[132.387379169,34.441133333],[132.387424721,34.441256946],[132.387594306,34.441417396],[132.387615551,34.441437495],[132.38769537,34.441597524],[132.38779192,34.441640099],[132.387841128,34.441666667],[132.387902153,34.441699613],[132.388015785,34.441763126],[132.388062451,34.441786171],[132.388058767,34.44179883],[132.388058417,34.442049811],[132.388114915,34.442137947],[132.388173372,34.442240622],[132.388306278,34.442278775],[132.388401141,34.442268162],[132.388565966,34.442249712],[132.388712411,34.442271054],[132.388873205,34.442278856],[132.388972983,34.44230082],[132.389091869,34.442281559],[132.389397898,34.442279405],[132.389567407,34.44233409],[132.389710661,34.44236018],[132.389845979,34.442361811],[132.389941997,34.44241181],[132.390019779,34.442418982],[132.390052555,34.442429766],[132.390279908,34.442463578],[132.390413891,34.442574658],[132.390465135,34.442642586],[132.39049153,34.442731234],[132.390670869,34.44289618],[132.3908059,34.442947505],[132.391018743,34.44297245],[132.391130454,34.442930279],[132.391132438,34.442923577],[132.391134839,34.442915458],[132.391146096,34.442905874],[132.391174929,34.442841963],[132.391182607,34.44282391],[132.391180233,34.442781585],[132.391176188,34.442709541],[132.391228612,34.44263773],[132.391315875,34.442619596],[132.391402671,34.442635856],[132.391471842,34.442678485],[132.391576874,34.442693514],[132.391643995,34.442685414],[132.391666667,34.442680549],[132.391691738,34.442675171],[132.391705758,34.442680631],[132.39178227,34.442664216],[132.391877782,34.442636],[132.391892127,34.442631766],[132.391997147,34.442637784],[132.392074241,34.442650288],[132.392138328,34.442652162],[132.392143088,34.442644099],[132.392145772,34.442638766],[132.392182685,34.44263983],[132.392317626,34.44266327],[132.392433866,34.442693162],[132.392505044,34.442701144],[132.392565005,34.442712369],[132.39260821,34.442727117],[132.392649533,34.442747089],[132.392677276,34.442796485],[132.392682152,34.442805171],[132.392714437,34.442903586],[132.392751492,34.442951838],[132.392760013,34.442962937],[132.39276878,34.442974342],[132.392801595,34.442985739],[132.392815292,34.44299173],[132.39283389,34.44301301],[132.392920233,34.443042658],[132.393056239,34.443073811],[132.393179482,34.443085568],[132.39335013,34.443066287],[132.393268586,34.443124494],[132.393158561,34.44315855],[132.392825785,34.443211172],[132.392816744,34.443215964],[132.392605371,34.44328601],[132.392600726,34.443296901],[132.392429546,34.443357613],[132.392134565,34.443364612],[132.392130362,34.443372595],[132.392196433,34.443412748],[132.392189585,34.443418676],[132.392290258,34.44350027],[132.392472621,34.443561315],[132.392483397,34.443559792],[132.39265214,34.443586721],[132.392410078,34.443835423],[132.391666667,34.443860685],[132.391651141,34.443861207],[132.391600506,34.443911117],[132.391558119,34.44393209],[132.391469572,34.44396345],[132.391218793,34.444046937],[132.391158003,34.444067315],[132.391146537,34.444071153],[132.391085318,34.444091658],[132.391016368,34.44411291],[132.390998029,34.444116928],[132.390981076,34.44412064],[132.390928741,34.444132089],[132.390836446,34.444140514],[132.390820558,34.444139757],[132.390810052,34.444139261],[132.390722231,34.444135099],[132.390431686,34.444111271],[132.390280545,34.44406026],[132.390273956,34.444099279],[132.390267445,34.444099242],[132.390159079,34.444098533],[132.390054113,34.444106774],[132.389935589,34.444121964],[132.389847315,34.444142171],[132.389826407,34.444147973],[132.389741776,34.44417145],[132.389702737,34.44418545],[132.389693502,34.444188765],[132.389649494,34.44420455],[132.389565551,34.444241315],[132.389547833,34.44424909],[132.389296005,34.444383017],[132.389103476,34.444483658],[132.389053684,34.444509677],[132.389045175,34.444514117],[132.388918534,34.444580316],[132.388651595,34.444717414],[132.38861332,34.444731748],[132.388566836,34.44474055],[132.388536239,34.444746342],[132.388494681,34.444754207],[132.388570493,34.444915008],[132.388810624,34.444983775],[132.3888731,34.445081018],[132.388904113,34.445208341],[132.388874851,34.445289703],[132.388865344,34.44528736],[132.38880013,34.445468585],[132.388730921,34.445630658],[132.388703891,34.445749568],[132.388671128,34.445812441],[132.388562866,34.44594082],[132.388502905,34.445974531],[132.388504528,34.445983532],[132.388492102,34.445985396],[132.388377523,34.446002523],[132.388315551,34.445996243],[132.388259909,34.446021891],[132.388231842,34.446024063],[132.388260233,34.446060883],[132.388290558,34.446100225],[132.388327847,34.446163406],[132.388199689,34.446135973],[132.388151012,34.446099027],[132.388100428,34.44606709],[132.388050532,34.446055252],[132.387995927,34.446079811],[132.387992451,34.446110431],[132.387991933,34.446169278],[132.387971751,34.446224847],[132.387909961,34.446261377],[132.387860804,34.446265485],[132.38784061,34.446265721],[132.387796277,34.446259864],[132.387699793,34.446234333],[132.387603632,34.446236378],[132.387590999,34.446234576],[132.387580338,34.446233063],[132.387535525,34.446195262],[132.387455473,34.446015018],[132.387408535,34.44599354],[132.38735559,34.446003306],[132.387300636,34.446034198],[132.38726166,34.446081577],[132.387214073,34.446163973],[132.387192815,34.446185144],[132.387166667,34.446199143],[132.387145006,34.446202387],[132.387117446,34.446199017],[132.387068042,34.446191649],[132.387017627,34.446179946],[132.386965798,34.446180162],[132.386909637,34.446212648],[132.386893852,34.446218928],[132.386848067,34.446234828],[132.386840531,34.446233459],[132.386759844,34.446187839],[132.386700492,34.446133225],[132.386679754,34.446108928],[132.38667332,34.446092153],[132.386669001,34.446067198],[132.386616445,34.44599082],[132.38659179,34.445914072],[132.386526433,34.445871009],[132.386514877,34.445865514],[132.386515538,34.445864126],[132.386488948,34.445853189],[132.386478495,34.445850964],[132.38647581,34.445859631],[132.386382165,34.445836928],[132.386371026,34.445834225],[132.386360208,34.445833351],[132.386348586,34.445872027],[132.386359157,34.445959225],[132.386356213,34.446052099],[132.386354903,34.446069306],[132.386341647,34.446114883],[132.386299884,34.446169964],[132.386263917,34.446187577],[132.386205978,34.446187623],[132.38613441,34.446163919],[132.386044994,34.446128596],[132.385899793,34.446084658],[132.385821219,34.44606818],[132.385734695,34.446049081],[132.385588923,34.445993811],[132.385482348,34.44596609],[132.385378508,34.445949775],[132.385219715,34.445919199],[132.385179301,34.445922541],[132.385139493,34.44592582],[132.385073372,34.445931542],[132.385054812,34.445955974],[132.384927004,34.446384802],[132.383871971,34.446205225],[132.383333333,34.446101495],[132.381402139,34.445729613],[132.378932309,34.445269161],[132.378264838,34.445178081],[132.377566978,34.445223613],[132.377597302,34.445598027],[132.377352699,34.445774333],[132.377047716,34.446618332],[132.37705969,34.446736081],[132.377083891,34.446809387],[132.377138833,34.446904667],[132.377576109,34.447575252],[132.377743333,34.44780164],[132.37781659,34.447923081],[132.377896939,34.448128586],[132.377800272,34.448101108],[132.377746393,34.448082225],[132.377728327,34.448076387],[132.377246394,34.448006387],[132.377093061,34.448008054],[132.376922504,34.44800972],[132.376881114,34.448010279],[132.376694448,34.448080278],[132.376608885,34.448231946],[132.376593333,34.448328892],[132.376546939,34.448395],[132.376368054,34.448453333],[132.376228053,34.448422226],[132.376099728,34.448336666],[132.375781388,34.448274721],[132.375559728,34.448208613],[132.375326667,34.448158054],[132.375104994,34.448111387],[132.375,34.448095054],[132.37493,34.448084162],[132.374794163,34.448084163],[132.374595838,34.448134721],[132.374466667,34.448187225],[132.374443606,34.448196668],[132.374309728,34.448126387],[132.37372611,34.447946108],[132.37330166,34.447871666],[132.373015279,34.447882225],[132.372676108,34.447861108],[132.372485278,34.44783],[132.372403891,34.447839162],[132.37233083,34.447834162],[132.372193892,34.447794441],[132.372001946,34.447727225],[132.371873891,34.447672494],[132.371767496,34.447645278],[132.37161528,34.447637495],[132.371132504,34.447654441],[132.371030558,34.447669721],[132.37097611,34.447665279],[132.370751946,34.447547496],[132.370674163,34.447525829],[132.370464163,34.447495829],[132.370146939,34.447513333],[132.369963605,34.447530279],[132.369732776,34.447586668],[132.369286667,34.447663053],[132.369141388,34.447688054],[132.368917224,34.447738613],[132.368767497,34.44778944],[132.36867917,34.447806108],[132.368321946,34.447897775],[132.368210273,34.447918892],[132.367911115,34.447941387],[132.367788885,34.447958333],[132.367503333,34.447981667],[132.367224722,34.447986387],[132.36713917,34.447975559],[132.367045837,34.447955559],[132.366844163,34.447856946],[132.366666667,34.447787586],[132.366520558,34.447730495],[132.366368611,34.447671108],[132.365874994,34.447515559],[132.365747782,34.447511667],[132.36566917,34.447531667],[132.365585838,34.447571667],[132.365518885,34.447625829],[132.365451115,34.447716108],[132.36541694,34.447800559],[132.365355837,34.447941387],[132.365185837,34.448301946],[132.36505,34.448470559],[132.364927782,34.4486],[132.364506108,34.448943613],[132.364288885,34.449191667],[132.364234449,34.449230829],[132.364174163,34.449264721],[132.363909442,34.449308614],[132.363649728,34.449332225],[132.363534163,34.449360559],[132.363439171,34.44940556],[132.363131946,34.449586109],[132.362984721,34.449661947],[132.362820831,34.449709721],[132.362718885,34.449721108],[132.362514449,34.449767496],[132.362328054,34.449823613],[132.362171388,34.449903613],[132.362048911,34.45],[132.36202917,34.450015559],[132.36196445,34.450047775],[132.36177917,34.45011528],[132.361644994,34.450154441],[132.361488611,34.45016],[132.361237224,34.450148892],[132.360938328,34.450126387],[132.360652777,34.450103613],[132.360388885,34.450041108],[132.360287004,34.45],[132.360027496,34.449895279],[132.359889728,34.449848613],[132.359660557,34.449771387],[132.359534449,34.449749999],[132.359382503,34.449678054],[132.359294164,34.449598054],[132.359198612,34.449456387],[132.359069441,34.449253613],[132.359055837,34.449157775],[132.358978611,34.448972225],[132.358960558,34.448780279],[132.358946938,34.448645279],[132.35887917,34.448470559],[132.358826667,34.44816],[132.35882472,34.447941108],[132.358844995,34.447760829],[132.358892776,34.447642495],[132.358961945,34.447446387],[132.358961946,34.447370559],[132.358908054,34.447290559],[132.358811115,34.447197495],[132.35870917,34.447113054],[132.358648054,34.44704],[132.358601116,34.446911946],[132.358556939,34.446712225],[132.358586394,34.446480279],[132.358641116,34.446178333],[132.358668327,34.446093892],[132.358762777,34.445872225],[132.358892776,34.445682775],[132.358921659,34.445644162],[132.358941115,34.445584162],[132.358926667,34.445530559],[132.358892776,34.445457495],[132.358867783,34.445312225],[132.358872503,34.445152224],[132.358941114,34.444784162],[132.358994721,34.444657495],[132.359110272,34.4445],[132.359178053,34.444353333],[132.359271388,34.44414056],[132.359330001,34.443924441],[132.359293606,34.443717225],[132.359198612,34.443559441],[132.358824995,34.443165279],[132.358723062,34.443080829],[132.358600558,34.442928613],[132.358551115,34.442872495],[132.358428612,34.442780279],[132.358333333,34.442724468],[132.358172503,34.442630279],[132.358009442,34.44254583],[132.357880272,34.442500559],[132.357336394,34.442337226],[132.357236394,34.442311947],[132.357180001,34.442297775],[132.356806394,34.442218891],[132.356646939,34.442155559],[132.356529443,34.442135558],[132.355773333,34.442224721],[132.355479585,34.442244892],[132.355429171,34.442248332],[132.35534083,34.442232225],[132.355247782,34.442196387],[132.354953892,34.442052225],[132.354801947,34.441948333],[132.354583891,34.441903613],[132.354441389,34.441881108],[132.354210273,34.44187556],[132.354074162,34.441847225],[132.353651245,34.441666666],[132.353570558,34.441632225],[132.35351166,34.441584441],[132.353453062,34.441496387],[132.353413606,34.441396387],[132.353364721,34.441220279],[132.353251946,34.441041946],[132.353163607,34.440951945],[132.353000273,34.440873054],[132.352810271,34.440788613],[132.352662218,34.440711387],[132.352395837,34.440630829],[132.352286939,34.440563333],[132.352103333,34.440343613],[132.352014721,34.440236667],[132.351892776,34.440112775],[132.351777225,34.44],[132.351566395,34.439780279],[132.351424994,34.439640001],[132.351219999,34.439487495],[132.350859728,34.439256667],[132.350532776,34.439096387],[132.350385837,34.439052495],[132.3502,34.439012495],[132.350139442,34.439014441],[132.35003083,34.439053892],[132.35,34.43907736],[132.349896109,34.439156387],[132.349779169,34.439267775],[132.34956166,34.439543892],[132.349283062,34.439814162],[132.349201387,34.439853612],[132.349038327,34.439904441],[132.348841388,34.439938053],[132.348611946,34.439964441],[132.348379169,34.439966386],[132.348352776,34.439960559],[132.348222776,34.439932495],[132.348066394,34.439870558],[132.347916939,34.439780279],[132.34772,34.439684441],[132.347474994,34.439600279],[132.347284721,34.439577495],[132.347026667,34.439571946],[132.346639442,34.439594441],[132.34644917,34.439616947],[132.34619083,34.439667495],[132.346081946,34.439706945],[132.345888612,34.439804721],[132.345687782,34.439926668],[132.345585837,34.439999721],[132.345395551,34.440196946],[132.345231388,34.440346946],[132.344942218,34.440535],[132.344829729,34.440591108],[132.34475,34.440619441],[132.344329728,34.440706946],[132.343947783,34.440743333],[132.343755837,34.440761946],[132.343608054,34.440760278],[132.343373606,34.440741946],[132.342927781,34.440661946],[132.342235279,34.440450279],[132.341970272,34.440444721],[132.341820829,34.440467224],[132.341666667,34.44052836],[132.341626109,34.440544441],[132.341331388,34.440630559],[132.341067497,34.440720279],[132.340799728,34.440773108],[132.340783061,34.440776387],[132.34049166,34.44078972],[132.340363891,34.440769722],[132.340196395,34.440743333],[132.33995166,34.440726387],[132.339822503,34.440754441],[132.339376939,34.440965559],[132.339308327,34.440985279],[132.339190558,34.440985279],[132.339136394,34.440968333],[132.338497497,34.440619441],[132.338259442,34.440495558],[132.338248327,34.440488613],[132.338082776,34.440388333],[132.337756668,34.440196946],[132.337702218,34.440163054],[132.337423606,34.439943333],[132.337042776,34.439718054],[132.336947782,34.439667495],[132.336744163,34.439526667],[132.336655837,34.439492775],[132.336213333,34.439450829],[132.336115551,34.439422775],[132.335860558,34.439306946],[132.335523333,34.439180279],[132.335425551,34.439143614],[132.335004163,34.439008333],[132.334528327,34.438901387],[132.334093333,34.438805829],[132.33361083,34.438715559],[132.333333333,34.438652333],[132.333251115,34.438633613],[132.333133333,34.438581668],[132.332991389,34.438505559],[132.332795551,34.438326946],[132.332530272,34.438096108],[132.332428327,34.438028334],[132.331943891,34.437887495],[132.331883606,34.437953613],[132.331688885,34.438167495],[132.331576109,34.438303333],[132.331450559,34.438589441],[132.331395278,34.438642225],[132.331225279,34.438766387],[132.330990001,34.43890528],[132.330776667,34.439059162],[132.330518612,34.439374721],[132.330260272,34.439757225],[132.330185551,34.439948892],[132.330056394,34.440162775],[132.329844163,34.440452775],[132.32980472,34.440506387],[132.32968917,34.440669721],[132.329566939,34.440793613],[132.329450557,34.440932775],[132.329323839,34.441074305],[132.329131389,34.441289162],[132.328966939,34.441426946],[132.328596835,34.441666667],[132.328526939,34.441711945],[132.328295837,34.441824441],[132.328180272,34.441897775],[132.327799728,34.442241388],[132.327582218,34.442488892],[132.327478054,34.442588892],[132.327045278,34.442871946],[132.326732776,34.443097225],[132.326530272,34.443237495],[132.326349171,34.443393613],[132.326285279,34.443433613],[132.326231387,34.443449442],[132.326153061,34.443469441],[132.326064721,34.443521387],[132.32602083,34.443565559],[132.32598166,34.443661387],[132.325814993,34.444122225],[132.325651479,34.44439864],[132.325638327,34.444420829],[132.325531388,34.444579441],[132.325366394,34.444775559],[132.325298612,34.444848892],[132.325074162,34.445046109],[132.325,34.445108613],[132.32485166,34.445233613],[132.324659728,34.445485],[132.324381115,34.445794721],[132.324259442,34.445927495],[132.324115837,34.446166667],[132.324032218,34.446320829],[132.323999729,34.446418053],[132.324000273,34.446470829],[132.323999728,34.446603613],[132.32396166,34.446714162],[132.323902219,34.446776108],[132.32383166,34.446820279],[132.323772218,34.446851108],[132.32368083,34.446881945],[132.323517783,34.446893054],[132.323252503,34.446939441],[132.322921388,34.447042225],[132.322819728,34.447085278],[132.32278166,34.447138332],[132.322731388,34.447313054],[132.322619442,34.447452225],[132.322548885,34.447575558],[132.322467781,34.447677225],[132.322370272,34.447778892],[132.322159171,34.447964441],[132.321968328,34.448103892],[132.321818054,34.448211946],[132.321220831,34.448576945],[132.320819728,34.448830559],[132.320309999,34.449174162],[132.320044993,34.449326108],[132.319929442,34.449410558],[132.319881659,34.449489441],[132.319868054,34.449573892],[132.319903061,34.449866667],[132.31994114,34.45],[132.319949728,34.45003],[132.320221661,34.450503055],[132.320393061,34.450814721],[132.320407782,34.45091083],[132.320402776,34.450986668],[132.320364449,34.451054999],[132.32031,34.451122776],[132.320201115,34.451207226],[132.319943061,34.451348054],[132.319385552,34.451646387],[132.319236109,34.451725279],[132.318930273,34.451871667],[132.318216666,34.452153333],[132.317863061,34.452260559],[132.317652503,34.452299721],[132.317486939,34.452348054],[132.317101946,34.45257],[132.31691166,34.452631945],[132.316666667,34.452740974],[132.316636394,34.452754441],[132.316425836,34.452842495],[132.316323061,34.452909162],[132.316116395,34.453043054],[132.315620272,34.453341667],[132.315398327,34.453448333],[132.315144449,34.453656946],[132.314899728,34.45382028],[132.314763891,34.453904721],[132.314668611,34.45395],[132.314453606,34.45404],[132.314326109,34.454131947],[132.314110558,34.454308055],[132.313982503,34.454445279],[132.313826109,34.454704442],[132.313625551,34.454994441],[132.313506667,34.455115559],[132.313411388,34.455177495],[132.313295837,34.455233892],[132.313091946,34.455295829],[132.31299694,34.455352225],[132.312949442,34.455369161],[132.312541388,34.455628054],[132.312333606,34.455754721],[132.312225837,34.455798892],[132.312113333,34.455819721],[132.311956939,34.455830829],[132.31177,34.455854721],[132.311426939,34.455960279],[132.311141388,34.45604472],[132.311053061,34.456067226],[132.310495551,34.456292495],[132.310407224,34.456337495],[132.310237498,34.456467225],[132.310101387,34.456596667],[132.309972218,34.456732775],[132.309903606,34.456852775],[132.309881946,34.456971946],[132.309916939,34.457128892],[132.310087782,34.457340278],[132.310339442,34.457739721],[132.310546939,34.458047775],[132.310733606,34.458269163],[132.310769171,34.458333333],[132.31096472,34.458686108],[132.311099728,34.458867776],[132.31129083,34.459125279],[132.311630829,34.459609441],[132.31176389,34.459756108],[132.311856939,34.459836108],[132.311997782,34.459902495],[132.312575552,34.460150279],[132.313112218,34.460330559],[132.313250272,34.460395559],[132.313358054,34.460471387],[132.31347083,34.460563333],[132.313529728,34.460619441],[132.31360306,34.460731388],[132.313691388,34.460827495],[132.31385306,34.460961388],[132.313954994,34.461062775],[132.314213333,34.461338614],[132.314411661,34.46155556],[132.314666394,34.461807225],[132.314730272,34.461867225],[132.314933606,34.461941108],[132.315008327,34.461963614],[132.315224162,34.462044162],[132.315072502,34.462324162],[132.314976938,34.462533612],[132.31502611,34.462681667],[132.315028884,34.462740829],[132.315008327,34.462797225],[132.31483166,34.463011388],[132.314673334,34.463169721],[132.314604721,34.463281667],[132.31451917,34.463461667],[132.314356109,34.463692495],[132.31417917,34.463867226],[132.313832503,34.464238892],[132.313798612,34.464300829],[132.313791946,34.464430279],[132.313839442,34.464672496],[132.313885552,34.464973055],[132.313988886,34.465275],[132.314063607,34.46553972],[132.314084163,34.465652495],[132.3141,34.465919721],[132.314111388,34.466108613],[132.314097782,34.466615559],[132.31408611,34.466666667],[132.314050558,34.466822495],[132.314029728,34.467133333],[132.313988885,34.467640279],[132.313996667,34.467718333],[132.314006394,34.467786388],[132.314109443,34.467902495],[132.31425166,34.468082496],[132.31428083,34.468138333],[132.314281115,34.468186668],[132.314247223,34.468248613],[132.314084163,34.468462776],[132.313938053,34.468586388],[132.313751661,34.468694162],[132.313555552,34.468798054],[132.313550559,34.468800559],[132.313447497,34.468832494],[132.31335,34.46884556],[132.31326166,34.468851108],[132.313159728,34.468868054],[132.313098613,34.468896108],[132.313016939,34.468969441],[132.312996667,34.469025829],[132.312938326,34.469166387],[132.312908327,34.469431108],[132.312833607,34.469769162],[132.312792776,34.469881946],[132.312641115,34.470069721],[132.312513606,34.470173333],[132.312357782,34.470258893],[132.312235279,34.470298333],[132.312004164,34.470343334],[132.31178,34.47036028],[132.311600272,34.470375001],[132.311448612,34.470418892],[132.311290558,34.47049],[132.311141115,34.470512495],[132.31082166,34.470591387],[132.310706668,34.470650001],[132.310525278,34.47077],[132.310271115,34.470996947],[132.309836395,34.471379441],[132.309550829,34.471627495],[132.309428612,34.471779441],[132.309367496,34.471897774],[132.309319728,34.472038613],[132.309277224,34.472233613],[132.309252503,34.472361387],[132.309213333,34.472453613],[132.309163606,34.472500558],[132.309027224,34.472598893],[132.309000272,34.472618333],[132.308932503,34.472736667],[132.308891388,34.472866947],[132.308857224,34.472934999],[132.30859917,34.473173613],[132.308572218,34.473198613],[132.308334164,34.473384441],[132.308333333,34.473384946],[132.308143891,34.473497225],[132.307912776,34.473629162],[132.307804994,34.473705],[132.307780271,34.473753053],[132.307743062,34.473863333],[132.307715838,34.473992775],[132.30769528,34.474111108],[132.30768166,34.47437],[132.307722503,34.474792225],[132.307728003,34.474999999],[132.307736108,34.475305],[132.307634163,34.475856947],[132.307668326,34.475997495],[132.307743917,34.476154333],[132.307749728,34.476166387],[132.30781083,34.476250828],[132.308252776,34.476611386],[132.308333333,34.476673279],[132.30843611,34.476752225],[132.308544994,34.476876108],[132.308582218,34.476956387],[132.308606109,34.477033892],[132.308631388,34.477208333],[132.308660558,34.477264442],[132.3087,34.477320559],[132.308797782,34.477388333],[132.309027224,34.477433613],[132.309136109,34.477484441],[132.309475838,34.477529441],[132.30967,34.477548333],[132.310203061,34.477557495],[132.310461388,34.47758],[132.310733333,34.477619442],[132.311070273,34.477746667],[132.311270271,34.477788613],[132.311514994,34.477794162],[132.311678054,34.477766108],[132.311997497,34.477754721],[132.312148328,34.477774721],[132.312354163,34.477842775],[132.312711946,34.477886667],[132.312948612,34.477880279],[132.312996109,34.477878892],[132.313295278,34.477833613],[132.313469169,34.477813053],[132.313866394,34.47770972],[132.313968327,34.477692775],[132.314192503,34.477648054],[132.31432166,34.477642494],[132.314532503,34.477665],[132.314718612,34.477685279],[132.314904994,34.477677495],[132.315055838,34.477648054],[132.31545,34.477608613],[132.315721946,34.477591667],[132.315958612,34.477542775],[132.316134994,34.477542775],[132.316510272,34.477597225],[132.316653061,34.477693054],[132.316666667,34.477705414],[132.316863606,34.477884441],[132.31702,34.477980279],[132.317223333,34.478084721],[132.317394449,34.478128613],[132.317604163,34.478166108],[132.317794721,34.478239442],[132.31812083,34.478459162],[132.31817934,34.478502495],[132.31839611,34.478663054],[132.318705279,34.478796946],[132.318916108,34.478847775],[132.319018612,34.478851108],[132.319160558,34.478835279],[132.319310272,34.478802775],[132.319745279,34.478712775],[132.319874449,34.478712775],[132.319935551,34.478741108],[132.32015306,34.478865],[132.320356939,34.479022495],[132.32058083,34.479210279],[132.320764721,34.479433892],[132.320859999,34.479523891],[132.32109083,34.479805559],[132.321321945,34.480211108],[132.321369442,34.480295559],[132.321423891,34.480357495],[132.321496667,34.480431667],[132.321604448,34.480491667],[132.321712218,34.480531668],[132.322286939,34.480622225],[132.322319999,34.480629441],[132.322553605,34.480681108],[132.322654162,34.480712495],[132.322810273,34.480841946],[132.322896668,34.480897224],[132.322970271,34.480925279],[132.323082776,34.480933333],[132.323176109,34.480925279],[132.323326939,34.480881387],[132.323449171,34.480830559],[132.323734722,34.480673055],[132.323863891,34.480667225],[132.324019442,34.480697226],[132.324181116,34.480749162],[132.324353333,34.480836388],[132.324427782,34.480875829],[132.32463166,34.481055829],[132.324781115,34.481219441],[132.324996393,34.481458613],[132.325,34.481462],[132.32530445,34.481748892],[132.325623892,34.482030279],[132.325660389,34.482056225],[132.326004449,34.482300829],[132.326181388,34.482407774],[132.326595837,34.482751386],[132.326923891,34.482868892],[132.327132776,34.482965279],[132.327221115,34.482988054],[132.327302777,34.483038613],[132.327540272,34.483291946],[132.327599494,34.483333332],[132.327669443,34.483382225],[132.327863605,34.483452775],[132.327986108,34.483504721],[132.328206109,34.483642226],[132.328321946,34.483714441],[132.32863472,34.483844162],[132.328899728,34.483945559],[132.329114162,34.484029441],[132.32934166,34.484153892],[132.329450272,34.484204441],[132.329504722,34.484249442],[132.329559169,34.484328054],[132.329599728,34.484412775],[132.329654163,34.48448028],[132.329728885,34.484547775],[132.329776667,34.484576109],[132.330163891,34.484874441],[132.330435837,34.485094162],[132.330563333,34.485284162],[132.330607497,34.485416108],[132.330617224,34.485508054],[132.330595551,34.485582494],[132.330592776,34.485592225],[132.33053083,34.485741946],[132.33037445,34.485933333],[132.330245551,34.486119442],[132.330102776,34.486547495],[132.33007528,34.486947225],[132.33002083,34.487105],[132.329762776,34.487544162],[132.329701387,34.487735559],[132.329674164,34.488062225],[132.32956694,34.488243054],[132.329464163,34.488383054],[132.329334449,34.488484721],[132.329157782,34.488653613],[132.329062502,34.488811387],[132.329028612,34.488969162],[132.329022503,34.489216109],[132.329002776,34.489468054],[132.32886083,34.489952225],[132.328756393,34.490363333],[132.328981116,34.490399441],[132.329216304,34.490460721],[132.329218886,34.490461387],[132.329721946,34.490698054],[132.329898612,34.490827494],[132.329993891,34.490917775],[132.330082219,34.491030279],[132.33036083,34.491435829],[132.330421946,34.491531667],[132.330457834,34.491666668],[132.330510272,34.491863892],[132.330549728,34.492041667],[132.330672218,34.492057495],[132.331216939,34.492010279],[132.331495551,34.492016108],[132.332148053,34.492044163],[132.332386109,34.492056108],[132.332487782,34.492061108],[132.332753061,34.492078054],[132.333333333,34.492167],[132.333378327,34.492173892],[132.333677224,34.492246946],[132.333983334,34.492353892],[132.334635279,34.492506108],[132.334750557,34.492559162],[132.334848612,34.492611387],[132.334921945,34.492675279],[132.335078885,34.492835278],[132.335151946,34.492894721],[132.33575,34.493136945],[132.335831659,34.49317083],[132.336042218,34.493283333],[132.336246394,34.493441108],[132.336599728,34.493835279],[132.336688054,34.493959162],[132.336878326,34.494139441],[132.336997224,34.494236386],[132.337078885,34.494303055],[132.337147497,34.494366945],[132.33719166,34.494426946],[132.337206394,34.494503054],[132.33719083,34.494719721],[132.337170272,34.494826667],[132.337156667,34.49499],[132.33719083,34.495113892],[132.337265551,34.495277225],[132.337557782,34.495592775],[132.337673333,34.495711109],[132.337754994,34.495756108],[132.337870272,34.495795559],[132.338033605,34.495818054],[132.338267224,34.49585],[132.338399442,34.495898054],[132.338597782,34.496009441],[132.338767498,34.496139162],[132.338998612,34.496353054],[132.339073333,34.496448892],[132.339167224,34.496612224],[132.339311389,34.496876666],[132.339358886,34.497000559],[132.33937917,34.497096387],[132.339542503,34.497163892],[132.339793606,34.497253892],[132.339916109,34.497322776],[132.340038612,34.497418892],[132.340103606,34.497483892],[132.340126667,34.497506946],[132.340187782,34.497597495],[132.340214993,34.497682225],[132.340283061,34.49793],[132.340289727,34.498132774],[132.34030306,34.498226945],[132.340337497,34.498283054],[132.340401115,34.498355],[132.340622776,34.498453892],[132.34082,34.49854944],[132.341064721,34.498611387],[132.341180272,34.498633893],[132.341535551,34.498691946],[132.34162389,34.498723892],[132.341653061,34.498823893],[132.341662776,34.498926946],[132.341553891,34.499467494],[132.341456134,34.5],[132.341450829,34.500028892],[132.34146555,34.500245],[132.341540272,34.500306946],[132.341666667,34.500327802],[132.341710272,34.500335],[132.342091115,34.500400559],[132.342194163,34.500440559],[132.342272504,34.500488612],[132.342326109,34.500564721],[132.342355838,34.500661387],[132.342355838,34.500779721],[132.342335279,34.500926107],[132.342234163,34.501364441],[132.342223333,34.501524441],[132.342253891,34.502035829],[132.342273333,34.502121666],[132.342305279,34.502243892],[132.342348327,34.502395279],[132.342482776,34.502657496],[132.34254083,34.502771109],[132.342739169,34.50323],[132.342739728,34.503308613],[132.342691946,34.503477775],[132.34267166,34.503601386],[132.342654449,34.503743891],[132.342686109,34.503945278],[132.342743891,34.504063054],[132.34275306,34.504086386],[132.342796394,34.504198053],[132.342691946,34.504311108],[132.34193083,34.504856387],[132.341802504,34.504979442],[132.341698612,34.505099721],[132.341678327,34.505178333],[132.341684994,34.505268613],[132.34176,34.505443054],[132.341950272,34.505944441],[132.341957225,34.506130279],[132.341930001,34.506209161],[132.341843606,34.506372225],[132.341792503,34.506469441],[132.341666667,34.506819],[132.341651114,34.506862225],[132.341664721,34.507093333],[132.341657496,34.507898613],[132.341666667,34.507963107],[132.341698327,34.508185829],[132.341701946,34.508333333],[132.341705551,34.508481666],[132.34177166,34.508805559],[132.341841115,34.508946387],[132.342111946,34.509397774],[132.342256109,34.509587225],[132.342453606,34.509751387],[132.342664448,34.509858613],[132.34275306,34.509920558],[132.342807496,34.509988053],[132.342871946,34.510110279],[132.343046667,34.510565559],[132.343099727,34.510722495],[132.343109442,34.510842225],[132.34304555,34.510951108],[132.342943333,34.511063892],[132.342694163,34.511216946],[132.34246,34.511425279],[132.342378612,34.511581947],[132.342337781,34.511773612],[132.342263061,34.511976387],[132.342224163,34.512052775],[132.342208612,34.512083333],[132.341841115,34.512561945],[132.341666667,34.512845721],[132.341643891,34.512882775],[132.341623606,34.513018054],[132.341623334,34.513349441],[132.34156555,34.513490559],[132.341460272,34.513733334],[132.341337782,34.513947495],[132.341229727,34.514083334],[132.340657497,34.514628613],[132.340636939,34.514685001],[132.340643333,34.514888332],[132.340798885,34.515256667],[132.341065278,34.515631386],[132.341167497,34.515760829],[132.341324994,34.515903333],[132.341515551,34.516075279],[132.341666667,34.516149972],[132.341779728,34.516205829],[132.34188166,34.516239721],[132.342044994,34.516352225],[132.34225,34.516666667],[132.342282218,34.516716108],[132.342424721,34.516886667],[132.34250083,34.516977494],[132.342596109,34.517146388],[132.342643061,34.517283892],[132.342725551,34.517467775],[132.343106394,34.517810829],[132.343249443,34.517895279],[132.343303891,34.517951667],[132.343331115,34.518002225],[132.343371946,34.518165559],[132.343464449,34.518606109],[132.343555279,34.518728892],[132.344009443,34.519104162],[132.344366939,34.519468334],[132.344426109,34.519534441],[132.344465278,34.519605559],[132.344807224,34.519095],[132.344958886,34.51892556],[132.345339442,34.518646108],[132.34561694,34.518531667],[132.345804448,34.518423333],[132.346147496,34.518132225],[132.346317496,34.51798],[132.346766667,34.517461946],[132.347263334,34.516684721],[132.347274942,34.516666667],[132.347317782,34.5166],[132.347483061,34.516434162],[132.347633891,34.516345]]},"properties":{"city_code":"34105","city_name":"安佐南区","prefecture_code":"34","prefecture_name":"広島県"}},{"type":"Feature","geometry":{"type":"LineString","coordinates":[[132.475348054,34.614086108],[132.475588885,34.613973334],[132.475957782,34.613891387],[132.476126394,34.613831279],[132.476208612,34.613801946],[132.476475279,34.613706946],[132.477054449,34.613599162],[132.477505279,34.613481387],[132.477612776,34.613414722],[132.477843333,34.613184162],[132.477925279,34.613112495],[132.478063606,34.613107225],[132.478321387,34.613066387],[132.478628885,34.612958892],[132.479197497,34.612646108],[132.479658613,34.612364441],[132.48009917,34.611980279],[132.480345278,34.611755],[132.480334994,34.611570559],[132.480288885,34.611375829],[132.480227224,34.611150278],[132.479914721,34.610771108],[132.479504994,34.610428054],[132.479396667,34.609995559],[132.479245279,34.609647775],[132.479154449,34.609335],[132.478972775,34.609057495],[132.478700272,34.608785279],[132.478624721,34.608588333],[132.478599442,34.608381668],[132.478590466,34.608333333],[132.47855917,34.608165],[132.478574163,34.607963333],[132.47863083,34.607895279],[132.478750831,34.607751387],[132.478897224,34.607645559],[132.479073606,34.607600278],[132.479224995,34.60766056],[132.479335279,34.607689442],[132.479505837,34.607734441],[132.479704449,34.607786667],[132.479865837,34.607726108],[132.479951389,34.607645279],[132.480000557,34.607553055],[132.480047497,34.607464162],[132.480113061,34.607327775],[132.480135552,34.607302225],[132.480259171,34.607161387],[132.480546939,34.606873891],[132.48081917,34.606576109],[132.481086667,34.606283612],[132.481263061,34.606111946],[132.481409442,34.606111945],[132.48170694,34.606091945],[132.481933891,34.606031387],[132.482403061,34.605930279],[132.482771388,34.605885],[132.482993333,34.605935559],[132.483333333,34.606083946],[132.483397496,34.606111946],[132.483599169,34.606243054],[132.483836394,34.606298613],[132.483997782,34.606313892],[132.484487225,34.606132226],[132.484714162,34.606116946],[132.485082503,34.606177494],[132.485481115,34.606207775],[132.485773606,34.606152495],[132.48602083,34.606026387],[132.486278054,34.605910279],[132.48648,34.605895],[132.486686667,34.605975829],[132.487110272,34.606116946],[132.487337224,34.606122225],[132.487453333,34.606081668],[132.487589442,34.605970829],[132.487680272,34.605809721],[132.487776109,34.605567496],[132.487881947,34.605345558],[132.488174721,34.605042775],[132.488517782,34.604709721],[132.488835551,34.604437495],[132.488962775,34.604332774],[132.489098327,34.604220829],[132.489325551,34.603933614],[132.489491946,34.603615829],[132.489587782,34.603328332],[132.489703891,34.603207226],[132.490011659,34.603055829],[132.490404994,34.602975],[132.490647224,34.602874162],[132.491065837,34.602677495],[132.491489728,34.602546387],[132.491666667,34.602461802],[132.491837782,34.60238],[132.492221115,34.602132774],[132.492262502,34.602111612],[132.492458054,34.602011666],[132.493038327,34.601966387],[132.493260272,34.601996667],[132.493643606,34.602062224],[132.494017497,34.602077495],[132.49486,34.601804999],[132.494932503,34.601755],[132.495278612,34.601517495],[132.495904163,34.601174721],[132.49597083,34.601115829],[132.496067782,34.60103],[132.496211947,34.600902225],[132.496711387,34.600266946],[132.496878054,34.60008528],[132.496970363,34.6],[132.497473062,34.599535559],[132.49781306,34.599257225],[132.498086109,34.599108892],[132.498175837,34.598956945],[132.498206938,34.598683892],[132.498203605,34.598431945],[132.498241388,34.598259161],[132.498300272,34.598024162],[132.498269169,34.597668334],[132.498227782,34.597450559],[132.498120558,34.597264161],[132.498058328,34.597098333],[132.498065279,34.596823893],[132.49812,34.596604441],[132.498146939,34.596474721],[132.498215279,34.596317225],[132.498379728,34.596067225],[132.498476394,34.595842494],[132.498483358,34.595776865],[132.498501388,34.595607225],[132.498521388,34.595144721],[132.498579999,34.594951387],[132.498903061,34.594678333],[132.49903917,34.594498054],[132.499241115,34.593968614],[132.499348326,34.593702495],[132.499465551,34.593598893],[132.499655551,34.593609162],[132.499921659,34.593664441],[132.5,34.593683225],[132.500339728,34.593764721],[132.500629999,34.593861387],[132.500812777,34.594006667],[132.501013061,34.594182775],[132.501198054,34.594284162],[132.501327782,34.594317495],[132.501504993,34.594345829],[132.501756667,34.594357224],[132.502008054,34.594362495],[132.502256667,34.594383054],[132.502278327,34.594392496],[132.502831388,34.594637225],[132.503166667,34.594747775],[132.504199441,34.594923892],[132.504562218,34.595020829],[132.504873061,34.595172775],[132.505087225,34.595310829],[132.505308328,34.595373054],[132.505381115,34.595359162],[132.505463891,34.595269441],[132.505636667,34.595041386],[132.505855552,34.594844721],[132.506028054,34.594765278],[132.50637472,34.59478],[132.50666083,34.594808333],[132.506933333,34.594791108],[132.50718166,34.594851667],[132.507399442,34.594969162],[132.507592776,34.595145279],[132.507876109,34.595394162],[132.508076667,34.595508054],[132.508333333,34.595633919],[132.508435838,34.595684162],[132.50877083,34.595818613],[132.509095552,34.595887774],[132.509616939,34.595889441],[132.509821115,34.595878613],[132.510133333,34.595877775],[132.510409728,34.595922775],[132.510848054,34.596026109],[132.511414721,34.596253892],[132.511818884,34.596430279],[132.512046939,34.596571946],[132.51208166,34.596606667],[132.512236939,34.596761946],[132.512400558,34.597029721],[132.512576667,34.597281946],[132.512752776,34.597571946],[132.512925551,34.598214441],[132.51300166,34.598504721],[132.513365837,34.599071946],[132.513813061,34.599767225],[132.514011751,34.6],[132.514175837,34.600192225],[132.514445279,34.600458054],[132.514555837,34.600655],[132.51473555,34.600920829],[132.514856394,34.601055559],[132.514849442,34.601211109],[132.514801114,34.601373334],[132.514849442,34.601573613],[132.514925551,34.601739441],[132.515087782,34.601915829],[132.516108053,34.602584162],[132.516294449,34.602673892],[132.516666666,34.602753055],[132.516733334,34.602767225],[132.516857498,34.602836387],[132.517054449,34.603143891],[132.517171946,34.603347495],[132.517216939,34.603523892],[132.517220272,34.603834722],[132.517237224,34.604089162],[132.517241115,34.604148892],[132.517361389,34.604507495],[132.517378612,34.604669999],[132.517361389,34.604766667],[132.517354449,34.604877225],[132.517392504,34.604939441],[132.517551388,34.605015279],[132.518021388,34.605295279],[132.518380557,34.605547495],[132.518794994,34.605892495],[132.518995279,34.606144721],[132.519091946,34.606303612],[132.51938,34.606983612],[132.519473333,34.607101108],[132.51962166,34.607184162],[132.520157224,34.607273892],[132.520368054,34.607273892],[132.520782503,34.607215279],[132.521044994,34.607083891],[132.521128054,34.606997495],[132.521138327,34.606673333],[132.521179728,34.606490279],[132.521266109,34.606334721],[132.521428612,34.606238054],[132.52163917,34.606134441],[132.521856939,34.60612056],[132.522081389,34.606161946],[132.52247166,34.606269161],[132.523184449,34.606396946],[132.523360558,34.606479999],[132.523595551,34.606604162],[132.523792503,34.606697496],[132.523920272,34.606714721],[132.524138055,34.606732225],[132.524303892,34.606732225],[132.524542218,34.606666387],[132.524666394,34.606593892],[132.524770273,34.60648],[132.524794163,34.606441946],[132.524835837,34.606376387],[132.524849728,34.606255279],[132.524828885,34.606086108],[132.524846108,34.605971947],[132.524856394,34.605847776],[132.524915279,34.605723334],[132.524999999,34.605640559],[132.525060273,34.605581667],[132.525250272,34.605443612],[132.525374721,34.605301946],[132.52538166,34.605174441],[132.525402218,34.605018891],[132.525440272,34.604821946],[132.525454162,34.604656108],[132.525530273,34.604459162],[132.525668884,34.604145278],[132.52584166,34.604051946],[132.526028055,34.603927775],[132.52613166,34.603754999],[132.526197497,34.603565],[132.52624917,34.603288613],[132.526290558,34.602964162],[132.526366667,34.602819162],[132.526504994,34.602594441],[132.526708611,34.602438892],[132.526913606,34.602259441],[132.52719,34.601853333],[132.52738,34.601749721],[132.527753333,34.60146972],[132.527967223,34.601369721],[132.528198612,34.601366108],[132.528323061,34.601324721],[132.528323061,34.601231666],[132.528119169,34.601058892],[132.527898326,34.600969161],[132.527656394,34.600844721],[132.527480272,34.600651387],[132.527386939,34.600464721],[132.527373333,34.600043333],[132.527385772,34.6],[132.527424993,34.599863612],[132.527525279,34.599608054],[132.527646109,34.599402495],[132.527663333,34.599243613],[132.527583333,34.599003613],[132.527573606,34.598974162],[132.527480272,34.598753054],[132.52747,34.59855972],[132.527542503,34.598425],[132.527677224,34.598338613],[132.527946667,34.598293613],[132.528195279,34.59825556],[132.52835083,34.598172775],[132.528506395,34.597975828],[132.528699727,34.597823891],[132.529024449,34.597609721],[132.529324721,34.597426387],[132.529569999,34.597250559],[132.529677225,34.597101946],[132.529836109,34.596633613],[132.530089442,34.596125559],[132.530130558,34.595878054],[132.530212218,34.595635559],[132.530317496,34.595293614],[132.530424721,34.595089721],[132.530634449,34.594835829],[132.530654721,34.594796666],[132.530695837,34.594700829],[132.530728612,34.594376108],[132.530814995,34.594161946],[132.530949728,34.593985829],[132.531186108,34.593855829],[132.531458612,34.59385],[132.53216917,34.593961667],[132.532400558,34.594023892],[132.532435279,34.594093055],[132.532398613,34.594216387],[132.53238528,34.594441667],[132.532466394,34.594709721],[132.532604449,34.594785829],[132.532770272,34.594806387],[132.532877497,34.594733892],[132.533039728,34.594578612],[132.533278885,34.594346387],[132.533333332,34.594293468],[132.533457782,34.594172495],[132.533551115,34.593871946],[132.533554449,34.593695559],[132.533529442,34.593394162],[132.53350917,34.593264162],[132.533468054,34.59318556],[132.533333333,34.593066828],[132.533243606,34.592987775],[132.533060559,34.592949721],[132.532925837,34.592918613],[132.532818612,34.592828891],[132.532818612,34.592749441],[132.532923332,34.592639441],[132.532984448,34.592594441],[132.53303917,34.592515279],[132.533079728,34.592386108],[132.533081115,34.592283054],[132.533032776,34.5922],[132.532870558,34.592106667],[132.532687497,34.59204472],[132.532514448,34.591912775],[132.532494163,34.591777774],[132.532531997,34.591666667],[132.532555552,34.591597495],[132.532697781,34.591289441],[132.532718612,34.591103054],[132.53271166,34.590999721],[132.532649442,34.590896108],[132.532528612,34.590802774],[132.532269442,34.590574721],[132.532110557,34.590408892],[132.531606109,34.589790559],[132.531450557,34.589593613],[132.53130917,34.589163333],[132.531119171,34.588904441],[132.530773891,34.588448332],[132.530742776,34.588338054],[132.530742777,34.588182495],[132.530818613,34.588068333],[132.530970829,34.587940559],[132.531364449,34.587660829],[132.531564994,34.587467226],[132.53193555,34.587294161],[132.532017225,34.587283333],[132.53223528,34.5873],[132.532334163,34.587298054],[132.532334995,34.587298054],[132.532486939,34.587187494],[132.532608054,34.587108054],[132.532787498,34.587049441],[132.532991388,34.587025278],[132.533304449,34.586935001],[132.533323891,34.586928054],[132.533333333,34.58692464],[132.533426393,34.586890829],[132.533542776,34.586848892],[132.533592217,34.586806387],[132.533715551,34.586700558],[132.533804163,34.586556946],[132.533973891,34.586240559],[132.534367783,34.585829162],[132.534678054,34.585376946],[132.534987782,34.584991946],[132.535241115,34.584738613],[132.535475837,34.584691667],[132.536020273,34.584532225],[132.536334993,34.584461946],[132.536588327,34.584452494],[132.537123333,34.584358613],[132.537226395,34.584311667],[132.537348612,34.584142775],[132.537470558,34.583992495],[132.537583332,34.583926667],[132.538033892,34.583635829],[132.538240272,34.583495],[132.53836795,34.583333334],[132.538381115,34.583316667],[132.538521946,34.583222775],[132.538770246,34.583333333],[132.538996109,34.583433892],[132.539268327,34.583574721],[132.539531115,34.583668613],[132.540056667,34.583799999],[132.540347782,34.583828054],[132.540685551,34.583799999],[132.541295837,34.583799999],[132.541666666,34.583794585],[132.541943605,34.58379056],[132.54254917,34.583814162],[132.542812503,34.583814162],[132.54315917,34.583814162],[132.543778612,34.583738892],[132.543938327,34.583682774],[132.544006394,34.583652775],[132.54430917,34.583439721],[132.544475189,34.583333333],[132.544752218,34.583155829],[132.544831388,34.582997225],[132.544851115,34.582904721],[132.544844721,34.582693334],[132.544950272,34.582508333],[132.545340272,34.582395829],[132.545703606,34.582329721],[132.545994163,34.582230829],[132.546423892,34.581926667],[132.546635278,34.581708612],[132.546932776,34.581523892],[132.547415279,34.581285829],[132.547996667,34.581015],[132.548412776,34.580770279],[132.548588055,34.580665559],[132.548683333,34.580608613],[132.548993891,34.580483055],[132.549489442,34.580258332],[132.549687782,34.580132774],[132.549872776,34.579928054],[132.549999999,34.579800946],[132.550203332,34.579597775],[132.550586667,34.579095559],[132.550652776,34.578850829],[132.550665837,34.578553613],[132.550725551,34.578289162],[132.550963333,34.578104441],[132.551543606,34.577882495],[132.551646394,34.577851109],[132.551867497,34.577783613],[132.552164721,34.577776946],[132.552396109,34.577889163],[132.55254166,34.577928892],[132.552845551,34.577942225],[132.553176109,34.577909162],[132.553420559,34.577697495],[132.553552775,34.577472776],[132.55362555,34.577268054],[132.553691388,34.577181946],[132.553856666,34.577010279],[132.554127497,34.57692444],[132.554398327,34.57692444],[132.554794994,34.577063054],[132.554997224,34.577198054],[132.555248327,34.577316946],[132.555406939,34.577363333],[132.555565551,34.577363333],[132.555823332,34.577165],[132.556014993,34.576999721],[132.556079363,34.576911748],[132.556193606,34.576755559],[132.556292776,34.576550559],[132.556365279,34.576451387],[132.55649083,34.576391946],[132.556643061,34.576365559],[132.556880831,34.576306108],[132.557079169,34.576200278],[132.557217782,34.576121108],[132.557548054,34.576127775],[132.557961388,34.576168333],[132.55801555,34.576173613],[132.558025279,34.576176946],[132.558093061,34.576199441],[132.558193891,34.576233055],[132.558333333,34.576321802],[132.558557496,34.576464441],[132.559086109,34.576893892],[132.559384721,34.577002225],[132.559787782,34.577021946],[132.560138054,34.577002225],[132.560547782,34.576856946],[132.560640661,34.576801892],[132.56072166,34.576753892],[132.561129171,34.576513054],[132.561426395,34.576310829],[132.561463333,34.576289162],[132.561684164,34.576158613],[132.562034449,34.575781946],[132.562173333,34.57561028],[132.56237166,34.575484722],[132.562728327,34.575207225],[132.562838196,34.575000001],[132.56290694,34.574870279],[132.56323083,34.574301946],[132.563285059,34.574187306],[132.563468326,34.573799721],[132.563689728,34.573413613],[132.563795551,34.573327495],[132.564388055,34.573143613],[132.564450558,34.573124162],[132.564541946,34.572813612],[132.564547497,34.57279444],[132.564596939,34.572626667],[132.564640001,34.57248],[132.564644721,34.572464441],[132.564793332,34.572363893],[132.564943891,34.572288612],[132.565018054,34.572251666],[132.565315551,34.572139162],[132.565661946,34.572123613],[132.565696109,34.572186387],[132.565840559,34.572451387],[132.565897224,34.572555559],[132.566049171,34.572687775],[132.566247497,34.572733892],[132.566524721,34.57269444],[132.566666667,34.572615386],[132.566975551,34.572443333],[132.567264449,34.572325559],[132.567401115,34.57226972],[132.567497782,34.572238333],[132.567728885,34.57208],[132.567907497,34.571828892],[132.568033061,34.571769441],[132.568323891,34.57222556],[132.568568328,34.572416946],[132.568799728,34.572535829],[132.568984721,34.572575559],[132.569189442,34.572562225],[132.569295279,34.572483055],[132.569348054,34.572351108],[132.569427497,34.572139441],[132.569427497,34.571756108],[132.569381115,34.571525],[132.569394449,34.571419162],[132.569625551,34.571220828],[132.569883061,34.571115279],[132.570134449,34.570936667],[132.570239727,34.570752774],[132.570239728,34.57064028],[132.570206667,34.570422225],[132.570147224,34.570277225],[132.570095838,34.570208613],[132.570062776,34.570164721],[132.569928885,34.569986387],[132.570008327,34.56988056],[132.570292502,34.56979472],[132.570484162,34.569688892],[132.570596393,34.569536946],[132.570624163,34.569311387],[132.570642776,34.569160279],[132.570669171,34.568605001],[132.570748612,34.568386946],[132.571039442,34.568162225],[132.571290557,34.568017225],[132.571680272,34.567924721],[132.571832503,34.567865],[132.571924994,34.567779161],[132.571958054,34.567620559],[132.571944721,34.567468614],[132.571778885,34.567124721],[132.571600272,34.566701667],[132.571591051,34.566666668],[132.571567225,34.566576108],[132.571679727,34.566443891],[132.572023333,34.566351387],[132.57261166,34.566166387],[132.572862776,34.566067225],[132.572968054,34.565935],[132.573034164,34.565717225],[132.573054163,34.565578333],[132.572961946,34.565221667],[132.572804449,34.564824721],[132.572784721,34.564686108],[132.572877224,34.564500829],[132.573161116,34.564263054],[132.573266667,34.564163892],[132.573326109,34.564025],[132.573299728,34.563866387],[132.57324694,34.563714441],[132.573187497,34.563529441],[132.573187497,34.563186109],[132.573253607,34.563001108],[132.573398885,34.562848892],[132.573577497,34.562769721],[132.573769171,34.562743334],[132.573940831,34.562829162],[132.574304448,34.563066946],[132.574419728,34.563126387],[132.57449611,34.563166108],[132.57472083,34.563199162],[132.574951946,34.563238892],[132.574999999,34.563232252],[132.575381661,34.563179441],[132.575593061,34.563192495],[132.57599166,34.563341946],[132.576229728,34.563559999],[132.576388054,34.563665559],[132.576520001,34.563725279],[132.576705278,34.563751667],[132.57691,34.563758333],[132.577465278,34.563745],[132.577597497,34.563745],[132.577736109,34.563811109],[132.577927782,34.56391028],[132.578139442,34.564015829],[132.578278053,34.564135],[132.578362503,34.564272776],[132.578454995,34.564391387],[132.578587224,34.564497224],[132.579089441,34.564893892],[132.579281115,34.565091946],[132.579465837,34.565296946],[132.579657496,34.565488613],[132.579730271,34.565594441],[132.579776395,34.565753054],[132.579776394,34.566070279],[132.579710558,34.566314722],[132.579664164,34.566433614],[132.579617781,34.566592225],[132.579687808,34.566666667],[132.579723606,34.566704721],[132.579921946,34.566856667],[132.580120271,34.567021667],[132.580213606,34.567106946],[132.580259728,34.567245559],[132.580352503,34.567457225],[132.580367173,34.567542973],[132.580385279,34.567648893],[132.580391946,34.568018892],[132.580378886,34.568131108],[132.580352503,34.568322775],[132.580286394,34.568745829],[132.580266395,34.568884721],[132.580266394,34.568990279],[132.58027,34.569003333],[132.58033917,34.569254441],[132.580517497,34.569274161],[132.580762218,34.569248054],[132.580966939,34.569076388],[132.581277497,34.568792225],[132.581403061,34.56869944],[132.581524994,34.568623333],[132.581696667,34.568603613],[132.58188166,34.568603613],[132.582152776,34.568663054],[132.58243,34.568735829],[132.582575279,34.568788614],[132.582720831,34.568854722],[132.582938885,34.568953892],[132.583104163,34.568953893],[132.583163607,34.568927495],[132.583333333,34.568729495],[132.583361947,34.568696108],[132.583467497,34.568596946],[132.583632777,34.568563892],[132.583844448,34.568636667],[132.584082218,34.568748892],[132.584240831,34.568914162],[132.584504721,34.569066667],[132.58461694,34.569145829],[132.584874721,34.569258333],[132.585053062,34.569350829],[132.58513917,34.569489721],[132.585191946,34.569621667],[132.585277782,34.569767224],[132.585370272,34.569899441],[132.585528612,34.570004721],[132.585713891,34.570011667],[132.585991388,34.570051387],[132.586229171,34.570157225],[132.586434163,34.570282495],[132.586758054,34.570513613],[132.586883606,34.570619441],[132.586989442,34.570738334],[132.587121388,34.570870559],[132.587309169,34.571032224],[132.587365837,34.571073333],[132.587599999,34.571243613],[132.587672777,34.571336108],[132.58769917,34.571494721],[132.587705837,34.572036667],[132.587705837,34.572168892],[132.587778327,34.572287775],[132.587881946,34.572391387],[132.587903892,34.572413334],[132.588062503,34.572591946],[132.588227783,34.572770279],[132.58826083,34.572935279],[132.588280829,34.57308056],[132.588333606,34.57319944],[132.588663892,34.573582774],[132.58886306,34.573772774],[132.589272776,34.574103054],[132.589761388,34.574453333],[132.590085279,34.574638333],[132.59053214,34.575],[132.590812218,34.575226667],[132.591063333,34.575524162],[132.59126166,34.57592028],[132.591314449,34.576343333],[132.591314449,34.576568054],[132.590918328,34.577078333],[132.590840895,34.57720764],[132.590739999,34.577375829],[132.590607782,34.577593893],[132.590515279,34.578029721],[132.590680558,34.578393333],[132.590726667,34.578684162],[132.590693606,34.578902225],[132.590621115,34.579153333],[132.590647497,34.579404441],[132.590720272,34.579648892],[132.590905278,34.580038613],[132.59091611,34.580130829],[132.590951387,34.580428613],[132.590781114,34.5807],[132.590496939,34.580918054],[132.59039083,34.581067495],[132.590324163,34.581249162],[132.590291946,34.581420279],[132.590257782,34.581575559],[132.590269999,34.581699442],[132.590358054,34.581856387],[132.590556394,34.582008334],[132.590741388,34.582067775],[132.591267497,34.582267224],[132.59139083,34.582365829],[132.59149,34.582511108],[132.591648612,34.582663054],[132.591666667,34.582670613],[132.591932776,34.582781946],[132.592236939,34.582901108],[132.592408612,34.582953893],[132.592580558,34.583066386],[132.592798612,34.583225],[132.592944423,34.583333333],[132.593314164,34.583608054],[132.593439728,34.583733892],[132.593611389,34.583846108],[132.594034163,34.584136946],[132.594437224,34.584282225],[132.594630271,34.584350829],[132.594815551,34.58445],[132.595000558,34.584588892],[132.595198885,34.584800279],[132.595436666,34.585084441],[132.595549171,34.585223333],[132.59572083,34.585309162],[132.595938886,34.585348892],[132.59619,34.585342225],[132.596342218,34.585263055],[132.59648083,34.585137494],[132.596540272,34.585025],[132.596672503,34.584707775],[132.596731946,34.584556108],[132.596755551,34.584449721],[132.596784994,34.584318054],[132.596818055,34.584159441],[132.596824449,34.583987776],[132.596877497,34.583822495],[132.596956394,34.583578055],[132.597108327,34.583366387],[132.597129441,34.583333334],[132.597403061,34.582905],[132.597720272,34.582495559],[132.597944994,34.582211387],[132.598063892,34.582098893],[132.598328327,34.582032775],[132.598619169,34.582105559],[132.598856939,34.582356667],[132.599134721,34.582640829],[132.599385837,34.582845829],[132.599630272,34.582951386],[132.6,34.582967279],[132.600011661,34.582967775],[132.600341946,34.583000829],[132.600513606,34.583232225],[132.600560973,34.583333333],[132.600606394,34.583430279],[132.600651388,34.583632775],[132.600821946,34.583907225],[132.601079728,34.584230828],[132.60131083,34.584442495],[132.60160166,34.584581108],[132.601991659,34.584726668],[132.602096109,34.584749441],[132.602262503,34.584786108],[132.602414721,34.584838892],[132.602870558,34.58509],[132.603049169,34.585228892],[132.603168054,34.585361108],[132.603373061,34.585645279],[132.603518053,34.585849999],[132.603618885,34.585927775],[132.603663333,34.585962225],[132.603841947,34.585909441],[132.604086394,34.585744441],[132.604426667,34.585546946],[132.604737224,34.585401667],[132.605100831,34.585375],[132.605761659,34.585738613],[132.606065837,34.585989721],[132.606465551,34.586209721],[132.606703062,34.586255828],[132.606854994,34.586223054],[132.607013606,34.586103892],[132.607297782,34.585925559],[132.607601947,34.585852775],[132.607872777,34.585866108],[132.608203061,34.58603583],[132.608333333,34.586215387],[132.608394721,34.5863],[132.608489728,34.586558332],[132.608574993,34.58701],[132.608575837,34.587013892],[132.608596667,34.587058892],[132.608603061,34.587194441],[132.608433606,34.587523892],[132.608337783,34.587752225],[132.608333334,34.587777945],[132.608310558,34.587909721],[132.608303891,34.588101387],[132.60830917,34.588308333],[132.608333334,34.588449162],[132.608354163,34.588570559],[132.60847166,34.589043892],[132.608561388,34.589192225],[132.608696109,34.589411946],[132.608896667,34.589674441],[132.609217782,34.58996472],[132.609494163,34.59021],[132.609918885,34.590493053],[132.610278054,34.590741667],[132.610416395,34.590914441],[132.610466304,34.591026919],[132.610734993,34.591632495],[132.610742413,34.591666667],[132.610761946,34.591756667],[132.610769169,34.591987495],[132.610727225,34.592121667],[132.610592503,34.592204721],[132.610368054,34.592280559],[132.610046939,34.592302775],[132.609870273,34.592313892],[132.609815551,34.59232528],[132.609134449,34.592353054],[132.609011945,34.592375559],[132.608794163,34.592448892],[132.608495837,34.592581108],[132.608333333,34.592654333],[132.608181387,34.592722776],[132.60792917,34.592871387],[132.607798054,34.592985279],[132.607763333,34.593147775],[132.607777225,34.593323892],[132.607820272,34.593434721],[132.607860001,34.593543892],[132.60792917,34.593732775],[132.607942776,34.593789442],[132.607981115,34.594028333],[132.608010557,34.594521667],[132.608038054,34.594713332],[132.608296938,34.595479441],[132.608333333,34.595594306],[132.608337782,34.595608333],[132.608535279,34.596098333],[132.608637224,34.59629],[132.60877917,34.596434441],[132.609027782,34.59659],[132.609324994,34.596679721],[132.609632503,34.59672472],[132.609811946,34.596804162],[132.609974162,34.596976947],[132.61068917,34.598108054],[132.61084472,34.598356946],[132.611450558,34.599103054],[132.61191,34.599868333],[132.611988249,34.6],[132.612051659,34.600106667],[132.612227782,34.600348333],[132.61274917,34.600700829],[132.613179442,34.600985],[132.613329443,34.601084161],[132.613585279,34.601194721],[132.613937497,34.601205279],[132.614248611,34.601118892],[132.614562776,34.600880559],[132.614643607,34.600790559],[132.614816394,34.600431387],[132.614968328,34.600338054],[132.615268885,34.600282775],[132.615779728,34.600158333],[132.616121946,34.600099721],[132.616485914,34.6],[132.616588327,34.599971946],[132.616666667,34.59996664],[132.616895551,34.599951108],[132.617151389,34.599954721],[132.617275837,34.59989944],[132.61745528,34.599768054],[132.61759,34.599581667],[132.617676394,34.599438334],[132.617769728,34.599338054],[132.617891115,34.59928736],[132.61792,34.599275279],[132.618063334,34.599263891],[132.618213333,34.599252775],[132.618267498,34.599230278],[132.618308611,34.59922472],[132.618465279,34.599158333],[132.618644721,34.599030559],[132.618819171,34.598818891],[132.618859728,34.598751387],[132.618921115,34.598700559],[132.61908,34.598626387],[132.619332219,34.598685],[132.619575279,34.598745559],[132.619847782,34.598863892],[132.620699169,34.599303613],[132.62078083,34.599348613],[132.621582218,34.599740559],[132.621955279,34.599850829],[132.622463061,34.599935829],[132.622711699,34.6],[132.623246667,34.600138054],[132.624050272,34.600205829],[132.624206667,34.6002],[132.624322503,34.600183053],[132.62443166,34.600126946],[132.624499729,34.600048054],[132.624515862,34.6],[132.624551661,34.599893333],[132.624588885,34.599783054],[132.624602218,34.599419721],[132.624622217,34.599259721],[132.624710829,34.599113054],[132.624860831,34.598961108],[132.624976667,34.598859721],[132.625000001,34.598846054],[132.625125551,34.598772495],[132.625270272,34.598748333],[132.62545166,34.598778334],[132.625582777,34.598808892],[132.625793891,34.598837226],[132.625909727,34.598842775],[132.626133061,34.598862225],[132.626364994,34.598856388],[132.626567782,34.598826387],[132.626713333,34.598791947],[132.626904163,34.598713054],[132.627108327,34.598656947],[132.627264994,34.598651108],[132.627517224,34.598652495],[132.627810001,34.598701946],[132.628164163,34.598775279],[132.628286939,34.598775279],[132.628395837,34.59873],[132.628961114,34.59850472],[132.629035836,34.598487775],[132.629308327,34.598397775],[132.62954,34.598296386],[132.630078054,34.598087776],[132.630398327,34.597975279],[132.630650271,34.597918892],[132.631167782,34.59775583],[132.631263061,34.597727495],[132.631481115,34.597553054],[132.631644721,34.597445829],[132.631831389,34.59737],[132.631983606,34.597333892],[132.632223606,34.597248892],[132.63239389,34.597198055],[132.632482503,34.597158613],[132.632646109,34.596984162],[132.63282445,34.596812495],[132.633041115,34.596555829],[132.633204722,34.596353054],[132.633333333,34.596234946],[132.633388612,34.596184162],[132.633606938,34.595997225],[132.633762776,34.595925],[132.633871946,34.595885559],[132.633953606,34.595896945],[132.634307782,34.596026387],[132.634900558,34.596296667],[132.635418327,34.596516388],[132.635716394,34.596674441],[132.63576,34.596782495],[132.635772503,34.596882495],[132.63573166,34.597029162],[132.63558166,34.59726],[132.635571388,34.59743],[132.635614995,34.597603613],[132.635663333,34.597744442],[132.635676939,34.597778333],[132.635806394,34.598009162],[132.635928885,34.598166946],[132.636151115,34.598388892],[132.636412504,34.598532776],[132.636541946,34.598623053],[132.636828054,34.598741388],[132.636950557,34.598763892],[132.637087496,34.59878636],[132.637368884,34.598832495],[132.637566109,34.598862225],[132.637754449,34.598893333],[132.637904449,34.598949721],[132.63881,34.599445559],[132.638829442,34.599454162],[132.638987224,34.599524441],[132.639307224,34.599648333],[132.639913606,34.599890559],[132.640070272,34.599958054],[132.640143385,34.6],[132.640158885,34.600008892],[132.640356393,34.600206108],[132.640614994,34.600527225],[132.640758055,34.60060583],[132.641023606,34.600668055],[132.641164449,34.600673334],[132.641173606,34.600673613],[132.641666667,34.600776695],[132.641766109,34.600797495],[132.641888885,34.600865],[132.642133891,34.600977775],[132.64227694,34.601005829],[132.642835551,34.601084721],[132.642903891,34.601113054],[132.642978326,34.60118056],[132.643196395,34.601411387],[132.643314994,34.601527495],[132.64352528,34.601629441],[132.643931115,34.601743334],[132.644104994,34.601773333],[132.644306667,34.601766387],[132.644504163,34.601783334],[132.644688327,34.601822775],[132.644865279,34.601890279],[132.644967497,34.601929721],[132.645243333,34.602019161],[132.645512217,34.602042494],[132.645723333,34.602031108],[132.645784722,34.602008613],[132.645927782,34.601929721],[132.64603,34.601833892],[132.64607083,34.601783333],[132.64618528,34.601635279],[132.646281945,34.601321387],[132.64630917,34.601265001],[132.64639083,34.601158054],[132.646527224,34.601084721],[132.646629442,34.601096109],[132.646867782,34.601107225],[132.647149441,34.601155829],[132.647378613,34.601186108],[132.647528612,34.601180559],[132.647589729,34.601169162],[132.647726108,34.601096108],[132.647916666,34.600943892],[132.648080558,34.600843054],[132.648156667,34.600796108],[132.648258328,34.600754161],[132.648474994,34.600724163],[132.649033606,34.600758054],[132.649088326,34.600763613],[132.649728612,34.600870829],[132.649966939,34.600910279],[132.65,34.600920081],[132.650137224,34.600960829],[132.650293891,34.601017225],[132.650470273,34.601018055],[132.650557223,34.60097583],[132.650608055,34.600808334],[132.650627497,34.60060056],[132.650654721,34.600493613],[132.650702503,34.600392225],[132.650900001,34.600155558],[132.651027562,34.6],[132.651043062,34.599981108],[132.651122776,34.599837225],[132.651158885,34.599671108],[132.651288327,34.599428892],[132.651506939,34.599252225],[132.651746109,34.599132495],[132.65211917,34.599018053],[132.652289442,34.599012225],[132.652480272,34.599068612],[132.652568885,34.599113613],[132.652782776,34.599246388],[132.652956668,34.599318333],[132.653159728,34.599372225],[132.653740271,34.599451387],[132.653964994,34.599530279],[132.654305551,34.599744441],[132.654689001,34.6],[132.654761945,34.600048613],[132.654911946,34.600189441],[132.654939169,34.600200559],[132.654959442,34.600234441],[132.655136667,34.600409162],[132.655177497,34.600454163],[132.655348612,34.600658613],[132.65550083,34.600748333],[132.65567445,34.600814721],[132.655708612,34.600814721],[132.655715551,34.600825828],[132.655783606,34.600837225],[132.656253606,34.600837225],[132.656594994,34.600814441],[132.656768054,34.600797775],[132.656783606,34.600796387],[132.65690083,34.600803333],[132.65694166,34.600814721],[132.657016394,34.600854162],[132.657139171,34.600966667],[132.657275279,34.601113333],[132.657422776,34.601276107],[132.657509728,34.601341946],[132.657604163,34.601330001],[132.657963333,34.601192225],[132.658333333,34.601075919],[132.658358327,34.601068054],[132.658467225,34.601045559],[132.658514993,34.601034441],[132.659107497,34.600876668],[132.659407223,34.600825829],[132.659563891,34.600814721],[132.659625279,34.600831667],[132.659734163,34.600938613],[132.659843475,34.601113946],[132.659843606,34.601114162],[132.659863606,34.601355559],[132.659958885,34.601901946],[132.660061116,34.602408613],[132.660122503,34.602600279],[132.660244994,34.602910001],[132.660442776,34.603343613],[132.660592218,34.603625279],[132.660626394,34.603693053],[132.66072166,34.603794441],[132.660756938,34.603838892],[132.660909169,34.603946946],[132.662373332,34.604695829],[132.662764721,34.604905559],[132.663076394,34.605055558],[132.663213891,34.605187494],[132.663750001,34.605789721],[132.663982218,34.606050559],[132.664113891,34.60616],[132.664488326,34.606542775],[132.664829169,34.606914721],[132.664883606,34.606959721],[132.665074163,34.607095],[132.665176394,34.60714],[132.665346666,34.607128892],[132.665600272,34.607033613],[132.666027781,34.606818892],[132.666538612,34.606576946],[132.666666667,34.606516829],[132.667042776,34.60634028],[132.667097224,34.606329161],[132.667253892,34.606272775],[132.667444448,34.606216386],[132.667451388,34.606205279],[132.667662502,34.606137495],[132.667696667,34.606131946],[132.668221115,34.606047495],[132.668398327,34.606025],[132.668404994,34.606126387],[132.668384721,34.606458613],[132.668412504,34.606632225],[132.668470558,34.606788054],[132.66868445,34.607038613],[132.668922776,34.607303334],[132.66903166,34.607444162],[132.669188326,34.607693054],[132.669358328,34.608024441],[132.66944694,34.608199161],[132.669474162,34.608283613],[132.669484772,34.608333334],[132.669514994,34.608475],[132.669588054,34.608739441],[132.669719442,34.608936946],[132.669944163,34.609348054],[132.670088055,34.609662495],[132.670175837,34.609888892],[132.670233061,34.610019721],[132.670318885,34.610215559],[132.670393891,34.610283055],[132.670516394,34.610356387],[132.670841946,34.61052556],[132.671001115,34.610600829],[132.671163606,34.610677495],[132.671504163,34.610806947],[132.671820558,34.610915279],[132.672219442,34.610998613],[132.67229445,34.61101556],[132.672566939,34.611049162],[132.672839442,34.611060558],[132.673154164,34.610993332],[132.673513606,34.610891667],[132.673597781,34.610860919],[132.673683891,34.610829441],[132.673826939,34.61079],[132.673956394,34.610767494],[132.674085837,34.610728054],[132.674205279,34.610681387],[132.674248885,34.610621667],[132.674234162,34.610525559],[132.674176394,34.610387775],[132.674161947,34.610231946],[132.674194721,34.610091667],[132.674310558,34.609770559],[132.67445166,34.609476947],[132.674473891,34.609331388],[132.674487498,34.609213053],[132.674460272,34.609123054],[132.674433061,34.609089163],[132.674324163,34.609027225],[132.674256109,34.609010279],[132.673956394,34.608998892],[132.673538327,34.608949162],[132.673288612,34.608869441],[132.673043333,34.608790559],[132.672893606,34.608728614],[132.672859442,34.608706107],[132.672716394,34.608644162],[132.672458612,34.608511667],[132.67228083,34.608334162],[132.672280195,34.608333333],[132.672219442,34.608255559],[132.672103606,34.608080829],[132.672014994,34.607889161],[132.671885837,34.607663054],[132.671790272,34.60745],[132.671667782,34.607106387],[132.671613334,34.606903613],[132.671574163,34.606751947],[132.671566939,34.606614162],[132.671626939,34.606503613],[132.671790272,34.606374162],[132.672001388,34.606261387],[132.672035551,34.606255829],[132.672175836,34.606164441],[132.672320558,34.606038613],[132.672430272,34.605889722],[132.672559728,34.605754441],[132.672818612,34.60554083],[132.673247782,34.605242225],[132.67340445,34.605168892],[132.673513606,34.605129441],[132.673711115,34.605039441],[132.673980557,34.604971947],[132.674169169,34.604923892],[132.674337782,34.604904162],[132.67451472,34.604870279],[132.674535279,34.604859162],[132.674603332,34.604847775],[132.674766666,34.604791386],[132.674848327,34.604746388],[132.675,34.604674495],[132.675406939,34.604481667],[132.675447782,34.604470279],[132.675604449,34.604391667],[132.67570083,34.60435083],[132.676075279,34.604192495],[132.67632166,34.604132775],[132.676503605,34.604138054],[132.676701115,34.604183054],[132.676932776,34.604261946],[132.677014449,34.604278892],[132.677207224,34.604294441],[132.67732306,34.604258613],[132.677552502,34.604098891],[132.677674994,34.604014441],[132.677763606,34.603986107],[132.67794083,34.603980559],[132.678138326,34.603997494],[132.678504721,34.604061108],[132.678717224,34.604059441],[132.678873891,34.604053892],[132.679037497,34.604014441],[132.679112503,34.603980558],[132.679296394,34.603839721],[132.679779728,34.603439721],[132.679915837,34.603310278],[132.680168054,34.603096108],[132.680583606,34.602735559],[132.680958054,34.602364163],[132.681366667,34.601961388],[132.681489442,34.601840279],[132.681564163,34.601744441],[132.681823061,34.601474162],[132.68199083,34.601180279],[132.682068327,34.600967225],[132.682184164,34.600725],[132.682320272,34.600522225],[132.682527497,34.600239441],[132.68266083,34.600088613],[132.682747717,34.6],[132.683042218,34.599699721],[132.683136394,34.599546667],[132.683205838,34.599226946],[132.683226394,34.599073054],[132.68323306,34.599024162],[132.683308054,34.598854999],[132.683333333,34.598809333],[132.683369728,34.598743613],[132.683451388,34.598642225],[132.683615838,34.598437775],[132.68388,34.598139721],[132.684118327,34.597875],[132.684663333,34.597356946],[132.685040271,34.59700028],[132.685181115,34.596866946],[132.685419442,34.596658333],[132.685652504,34.596477775],[132.68589166,34.59637],[132.68613083,34.596321946],[132.686393333,34.596275279],[132.686529442,34.596218892],[132.686618054,34.596173892],[132.68705166,34.595866387],[132.687223891,34.595720829],[132.687280272,34.595673333],[132.687341387,34.595621387],[132.687380831,34.595588054],[132.687428327,34.595537775],[132.687632776,34.595368613],[132.688015279,34.595095829],[132.68832,34.594736108],[132.688899729,34.593903892],[132.689063333,34.593695559],[132.689372218,34.593381667],[132.689900831,34.592986108],[132.690473061,34.592563613],[132.69115528,34.592080829],[132.691311115,34.591955279],[132.691590271,34.591679162],[132.691600973,34.591666667],[132.691666668,34.59159],[132.691886808,34.591333027],[132.692053333,34.591138614],[132.69214166,34.591009162],[132.692346109,34.590648613],[132.692652776,34.590147224],[132.692775278,34.589978054],[132.692918327,34.589848613],[132.693115837,34.589741667],[132.693511115,34.589510828],[132.693538327,34.589465829],[132.693538327,34.589392495],[132.693504163,34.589325],[132.69342917,34.589257495],[132.693279442,34.589167225],[132.693129443,34.589105279],[132.692713605,34.588948613],[132.692658327,34.588915278],[132.692468885,34.588801108],[132.692305551,34.588654721],[132.692155551,34.588474441],[132.692094449,34.588378612],[132.691988885,34.588133334],[132.691951388,34.587899999],[132.691951388,34.587460558],[132.691967225,34.587228613],[132.69204,34.587026946],[132.692189729,34.586840829],[132.692257782,34.586750829],[132.69241083,34.586559162],[132.692856939,34.586045829],[132.693513891,34.585058054],[132.694090272,34.583903333],[132.694059999,34.583794441],[132.693646135,34.583333333],[132.69347389,34.583141387],[132.693160272,34.582714441],[132.692880271,34.582461108],[132.692725551,34.582321388],[132.692664994,34.58219583],[132.692382632,34.581474198],[132.692311115,34.581291667],[132.692159728,34.580654441],[132.692088885,34.580503613],[132.691937223,34.580395279],[132.691795551,34.580286387],[132.691666667,34.580105722],[132.691664163,34.580102225],[132.691512502,34.579884442],[132.691401388,34.579666946],[132.691330559,34.579298613],[132.691259728,34.578838054],[132.691178885,34.578737775],[132.691057497,34.578654161],[132.69097445,34.578640278],[132.690738612,34.578601386],[132.690552219,34.578570558],[132.690319728,34.578536946],[132.690178053,34.578478333],[132.690066938,34.578378055],[132.689978612,34.578203054],[132.689783607,34.577817225],[132.689611945,34.577624721],[132.689318612,34.577473892],[132.688246939,34.576946667],[132.687933605,34.576728892],[132.687832503,34.576611946],[132.687751661,34.576444441],[132.68769083,34.576302225],[132.68769083,34.576201667],[132.68775166,34.576126386],[132.688216667,34.575825],[132.688310559,34.575759441],[132.688348054,34.575733054],[132.688611115,34.575456667],[132.68865166,34.575272495],[132.688691946,34.575112495],[132.688698522,34.575],[132.688702218,34.574936667],[132.688641389,34.574735559],[132.688499728,34.574576667],[132.688186395,34.574275559],[132.688024722,34.574041108],[132.687883062,34.573698055],[132.687731388,34.573547225],[132.687478885,34.573338054],[132.686963334,34.572768892],[132.686452776,34.57240056],[132.68619,34.5723],[132.686013891,34.572259999],[132.68578555,34.572207775],[132.685613891,34.572107494],[132.685573333,34.572023613],[132.685351115,34.571588613],[132.685017224,34.571027775],[132.684916109,34.570676387],[132.684845551,34.570424999],[132.684612777,34.569964722],[132.684299442,34.569604721],[132.684151114,34.569445828],[132.684026395,34.569311945],[132.683975837,34.569126667],[132.683966109,34.568992775],[132.68397611,34.568808613],[132.684097497,34.568398333],[132.684238885,34.567946387],[132.684228886,34.567703614],[132.684077223,34.567327225],[132.683940661,34.567115108],[132.683915551,34.567076108],[132.683844721,34.566841667],[132.683786393,34.566786667],[132.683659533,34.566666667],[132.683632217,34.566640828],[132.683359442,34.56649],[132.683333334,34.566444225],[132.683278327,34.566347775],[132.683146938,34.565979441],[132.683116667,34.565786946],[132.683177224,34.565602774],[132.683288612,34.565519162],[132.683333333,34.565501613],[132.684289728,34.565125829],[132.684852218,34.564938054],[132.685593606,34.564690559],[132.685785837,34.564590279],[132.685917224,34.564456107],[132.686382503,34.563711108],[132.686564449,34.563510279],[132.686720001,34.563378613],[132.687039728,34.563108612],[132.687276938,34.562965279],[132.68746917,34.562906667],[132.687600558,34.562881667],[132.687792218,34.562864722],[132.688297781,34.56289],[132.688550558,34.562873054],[132.688660558,34.562845892],[132.688753061,34.562823054],[132.689534163,34.562255559],[132.689776668,34.562000559],[132.689875279,34.561826667],[132.689935837,34.561525558],[132.689925837,34.561131946],[132.689976394,34.560956108],[132.690471946,34.560211387],[132.690643891,34.560027226],[132.690805551,34.559943613],[132.69115917,34.559801387],[132.69140694,34.559707495],[132.69151166,34.559642495],[132.691557496,34.559534162],[132.691544449,34.559436387],[132.691515888,34.559377946],[132.691433333,34.559208892],[132.69120611,34.558957226],[132.691098885,34.558838613],[132.690876394,34.558704721],[132.690674163,34.558629441],[132.690481947,34.558604162],[132.690208885,34.558620829],[132.68947083,34.558830279],[132.689116939,34.558880559],[132.688843891,34.558846946],[132.688621634,34.558671081],[132.688348612,34.558361387],[132.688332529,34.558333333],[132.687974721,34.557708892],[132.68771166,34.557231667],[132.687620831,34.557005559],[132.687600558,34.556669721],[132.687741946,34.556234162],[132.687883191,34.555981694],[132.688055551,34.555673612],[132.688267781,34.555271946],[132.688406939,34.555156667],[132.688419441,34.555146387],[132.688763333,34.555037496],[132.689188054,34.554928613],[132.689319443,34.554861667],[132.689471115,34.554752775],[132.689551946,34.554652496],[132.689622776,34.554208892],[132.689824994,34.553907496],[132.690108054,34.553622775],[132.690330558,34.553413612],[132.690503892,34.553157494],[132.690563062,34.553070559],[132.69062389,34.552869721],[132.690724994,34.552484721],[132.691028054,34.551798054],[132.691159442,34.55155556],[132.691169442,34.551421387],[132.69112917,34.551128612],[132.691007782,34.550952775],[132.690826109,34.550641667],[132.690553061,34.550139721],[132.69045769,34.55],[132.690290272,34.549754721],[132.690161441,34.549476136],[132.690158612,34.54947],[132.690128328,34.549218893],[132.690144721,34.549135559],[132.690178885,34.548959441],[132.690290271,34.548675],[132.690472218,34.548331667],[132.690967498,34.547754441],[132.691453061,34.547176667],[132.691666668,34.546846495],[132.691674994,34.546833614],[132.692079728,34.546264162],[132.692140272,34.546130279],[132.692211115,34.545904441],[132.692211115,34.545812225],[132.692150273,34.545653333],[132.69203917,34.545511108],[132.691806668,34.545377225],[132.691666667,34.545307613],[132.691554163,34.545251667],[132.691429728,34.545154721],[132.691382217,34.545117775],[132.691210272,34.544925279],[132.690745279,34.54443],[132.690603605,34.544212495],[132.69042166,34.543911108],[132.690290272,34.543693333],[132.690199169,34.543618054],[132.690098054,34.543559441],[132.689966667,34.543534441],[132.689713891,34.543509163],[132.68952166,34.543400559],[132.689400272,34.543216667],[132.689238886,34.542982225],[132.689107497,34.542906946],[132.688743333,34.542772775],[132.688611946,34.542647225],[132.688460272,34.542404721],[132.688338885,34.542278892],[132.688156939,34.542111667],[132.687418885,34.541676387],[132.687402503,34.541666667],[132.686882776,34.541358333],[132.687048612,34.541265559],[132.68721166,34.541174162],[132.687252218,34.541090279],[132.687221946,34.540839441],[132.687221947,34.540688892],[132.687282503,34.540571667],[132.687747783,34.540195],[132.687899442,34.540044162],[132.688061115,34.539968892],[132.688394721,34.539868333],[132.68858166,34.539901945],[132.688743332,34.539977225],[132.688854721,34.540002495],[132.688915279,34.539993892],[132.688975838,34.539960559],[132.689127497,34.539793054],[132.689279171,34.539709441],[132.689471388,34.539634161],[132.689542218,34.539575559],[132.689602503,34.539491667],[132.689663333,34.539357775],[132.689711114,34.539326108],[132.689764449,34.539290829],[132.689885551,34.539248892],[132.689956394,34.539156946],[132.690077781,34.538930829],[132.690188885,34.538536387],[132.690209171,34.538352494],[132.690188885,34.538176667],[132.690118327,34.538009162],[132.690006939,34.537900279],[132.689673606,34.537724441],[132.689562502,34.537632495],[132.689390558,34.537448333],[132.689127497,34.537230559],[132.688965837,34.537054721],[132.688941335,34.537014162],[132.688844449,34.536853892],[132.688763606,34.536661387],[132.688703061,34.536586108],[132.688621945,34.536527495],[132.688551116,34.536535829],[132.688389443,34.536661387],[132.688298327,34.536661387],[132.68816694,34.536628053],[132.688116394,34.536527495],[132.688177224,34.536385279],[132.688197224,34.536134441],[132.688116394,34.535908333],[132.688096109,34.535816108],[132.688146666,34.535698892],[132.688318611,34.535581946],[132.68844,34.535464722],[132.688915279,34.53518],[132.689026394,34.535037775],[132.689076939,34.534928892],[132.689158055,34.534828333],[132.689248885,34.534795],[132.68934,34.534795],[132.689451116,34.534803333],[132.690098326,34.535104721],[132.690371115,34.535129721],[132.690664163,34.535230279],[132.691018053,34.535280559],[132.69126083,34.535372495],[132.691483333,34.535481386],[132.691543891,34.535548333],[132.691574163,34.535707495],[132.691634994,34.535908333],[132.691666668,34.535980612],[132.691675279,34.536000279],[132.69200917,34.536134162],[132.69210083,34.536165],[132.692332776,34.536242775],[132.692504449,34.536335],[132.692898612,34.536443892],[132.693222218,34.536527495],[132.693414163,34.536611108],[132.693535551,34.536619441],[132.693748054,34.536527495],[132.693852503,34.536511388],[132.694021115,34.536519162],[132.694172776,34.536385279],[132.694314163,34.536318334],[132.694455837,34.536268055],[132.694668053,34.536251108],[132.694784994,34.536225],[132.695002503,34.536138334],[132.69556166,34.536035279],[132.695870558,34.535892775],[132.696021219,34.535848946],[132.696097782,34.535826667],[132.695872218,34.535617495],[132.695522776,34.535325],[132.695348054,34.535176946],[132.695254994,34.535061108],[132.695157782,34.534922775],[132.695095837,34.534858614],[132.694944162,34.534781387],[132.694524721,34.534643054],[132.694307224,34.534527224],[132.694241115,34.534466108],[132.694198327,34.534379441],[132.694178885,34.534273333],[132.694198327,34.533757226],[132.694167224,34.533647775],[132.69410083,34.533548054],[132.694000272,34.533397225],[132.693986446,34.533333333],[132.693953606,34.533181667],[132.693891387,34.533059441],[132.693875837,34.532998334],[132.693883605,34.532943892],[132.693926393,34.532876108],[132.69405083,34.532773333],[132.694233333,34.532622225],[132.694282166,34.532574721],[132.694345837,34.532512775],[132.69445083,34.532306946],[132.694474162,34.532210559],[132.694462503,34.532136667],[132.694396394,34.532027224],[132.69421,34.531863054],[132.694107224,34.531684721],[132.694048885,34.531533613],[132.694037225,34.531279441],[132.694033333,34.531118893],[132.694006109,34.531009721],[132.693963334,34.530942225],[132.69385083,34.530826387],[132.693660272,34.530662225],[132.693574995,34.530536947],[132.693462218,34.530324721],[132.693373333,34.53018],[132.693342218,34.530038334],[132.693330558,34.529858333],[132.693330558,34.529684721],[132.693256666,34.529517494],[132.693132502,34.529384162],[132.692949728,34.529332495],[132.692720558,34.529265],[132.69235166,34.529191108],[132.691831115,34.529126667],[132.691666667,34.529134585],[132.69162917,34.529136387],[132.691540558,34.529128054],[132.691353333,34.52911083],[132.690664163,34.529081667],[132.690508612,34.529101108],[132.690345552,34.529149162],[132.69017472,34.529236107],[132.690003476,34.52931336],[132.689918327,34.529332495],[132.689836668,34.529332495],[132.68963083,34.529300559],[132.689475279,34.529252225],[132.68931611,34.529152495],[132.689195552,34.529043054],[132.689055837,34.528869442],[132.688854164,34.528551108],[132.688659999,34.528255279],[132.688574449,34.528107225],[132.688341388,34.527805279],[132.688240272,34.527702495],[132.688005279,34.527574441],[132.687711661,34.527414162],[132.687632503,34.527371108],[132.687543061,34.527290829],[132.687395551,34.527133054],[132.686937497,34.526723054],[132.686754721,34.526591386],[132.686556667,34.526475559],[132.686296395,34.526321108],[132.685973892,34.526160278],[132.685566109,34.525880559],[132.685113606,34.525520279],[132.684997224,34.525388613],[132.684907781,34.525343613],[132.68484166,34.525353054],[132.684779728,34.525391667],[132.684733333,34.525475279],[132.68465166,34.525661947],[132.684604994,34.525822775],[132.684573891,34.526092774],[132.684511946,34.52629556],[132.684438054,34.526472225],[132.684352502,34.526604161],[132.684220558,34.526806667],[132.684045551,34.526932225],[132.683874721,34.527025559],[132.683703891,34.527076946],[132.68356,34.527102775],[132.683333334,34.527118467],[132.683191115,34.527128333],[132.682907497,34.527131667],[132.682573333,34.527150829],[132.682365551,34.52722],[132.682221946,34.527297225],[132.682004449,34.527432225],[132.681864449,34.527486946],[132.681635279,34.527557775],[132.68146083,34.527599441],[132.681056938,34.527625279],[132.680815836,34.527609162],[132.680598327,34.527593054],[132.680462503,34.527599441],[132.680314721,34.527638053],[132.680132218,34.527702495],[132.679875836,34.527786109],[132.679536109,34.527966108],[132.679330272,34.528049721],[132.679081659,34.528178333],[132.67886,34.528380828],[132.678646394,34.528535279],[132.6782,34.528801946],[132.677912503,34.528933893],[132.677531946,34.529123613],[132.677069728,34.529313333],[132.676135551,34.529609162],[132.676091116,34.529631946],[132.675917782,34.529721667],[132.675820831,34.52977],[132.675688612,34.529795829],[132.675595551,34.529795829],[132.675404994,34.529763613],[132.675218612,34.529786108],[132.675055837,34.529824721],[132.675,34.529843694],[132.674531388,34.530003054],[132.674092503,34.530170279],[132.673775837,34.53035028],[132.673694448,34.530430829],[132.673566109,34.530697775],[132.67334083,34.531260559],[132.673251388,34.531540278],[132.673193334,34.531816946],[132.67311166,34.532188054],[132.673064994,34.532586667],[132.673014449,34.533133613],[132.672975551,34.533268613],[132.672950338,34.533333334],[132.672894163,34.533477495],[132.672824163,34.533567775],[132.672654994,34.533662225],[132.672600558,34.533692775],[132.672511115,34.533742775],[132.672431388,34.533787225],[132.672381387,34.533815279],[132.672364722,34.533822775],[132.672291388,34.533855279],[132.672280273,34.53386028],[132.672218054,34.533866667],[132.672159999,34.533825],[132.672023891,34.533712495],[132.671744163,34.533496946],[132.671529248,34.533333333],[132.671503332,34.533313613],[132.671239442,34.533159161],[132.671156109,34.533078892],[132.671023891,34.532921387],[132.670418054,34.532316667],[132.66977694,34.531707495],[132.66961,34.531527494],[132.669504994,34.531398892],[132.669435279,34.531241109],[132.669396394,34.531112495],[132.669330272,34.530877775],[132.669268327,34.530610829],[132.669175279,34.53045972],[132.669070272,34.530286108],[132.669046939,34.53016056],[132.669039169,34.530051387],[132.669043061,34.529826108],[132.668998612,34.529461387],[132.668940272,34.529310279],[132.668827497,34.529149441],[132.668742218,34.52914],[132.668598327,34.529175279],[132.66838083,34.529287775],[132.667996394,34.529480829],[132.667611659,34.529735],[132.667157224,34.530041668],[132.666920271,34.530173613],[132.666666667,34.530361892],[132.666656109,34.530369721],[132.66648166,34.530546667],[132.665922218,34.531067495],[132.665766109,34.53120472],[132.665376394,34.531546667],[132.665166667,34.531401946],[132.665050271,34.531286387],[132.66479,34.531064441],[132.66456083,34.530884162],[132.66435083,34.530562775],[132.664234449,34.530408333],[132.664044163,34.530247495],[132.663725837,34.529977225],[132.663504449,34.529768613],[132.663477224,34.52973],[132.663500558,34.529598054],[132.663554994,34.529384441],[132.663547224,34.529287776],[132.663523891,34.529181667],[132.663395551,34.528863333],[132.663333333,34.52868],[132.663310273,34.528519162],[132.663286939,34.528255559],[132.663294721,34.528065829],[132.66327917,34.52795],[132.663166394,34.527628333],[132.663154721,34.527470829],[132.663071388,34.526913055],[132.662943061,34.526543333],[132.662834449,34.526414721],[132.662702219,34.526308613],[132.662508054,34.526157496],[132.662430272,34.52609],[132.662344994,34.526006386],[132.662243892,34.525970829],[132.661995551,34.525900279],[132.661683333,34.525770829],[132.661327497,34.525623613],[132.661036108,34.525498054],[132.660997224,34.525474721],[132.660698054,34.525295559],[132.660387224,34.525099441],[132.660156394,34.525],[132.660033891,34.524947225],[132.659437782,34.524689721],[132.658979442,34.524516109],[132.658781389,34.52441],[132.658435551,34.524181667],[132.658333334,34.524117892],[132.658151947,34.52400472],[132.657996666,34.523940279],[132.657821946,34.523885559],[132.657573334,34.523798892],[132.657413891,34.523725],[132.656992776,34.523496667],[132.656833606,34.523451386],[132.656705279,34.523425829],[132.65630358,34.523428829],[132.656297497,34.523428892],[132.656122777,34.523406387],[132.655955551,34.523371108],[132.655866394,34.523329442],[132.655734163,34.523258613],[132.655571116,34.523152495],[132.655373061,34.523007775],[132.65507389,34.522747225],[132.654868327,34.522596108],[132.65456917,34.522461108],[132.654458612,34.522420829],[132.654357497,34.522359722],[132.654295279,34.522288892],[132.654237224,34.52215083],[132.654136109,34.521941667],[132.653938054,34.521845559],[132.653701116,34.521778054],[132.653401946,34.521646109],[132.653094994,34.521456388],[132.65295917,34.521356667],[132.652776394,34.521183053],[132.652489586,34.520897722],[132.651809442,34.520221387],[132.651493062,34.519962495],[132.65132,34.519836387],[132.651135551,34.519701945],[132.650984163,34.519611946],[132.650863605,34.519560559],[132.650731659,34.519525279],[132.650525837,34.519521946],[132.650354994,34.519550829],[132.650156939,34.51959583],[132.65,34.51964072],[132.64993166,34.519660279],[132.649807225,34.519663613],[132.64967528,34.519647495],[132.649492776,34.519611946],[132.649348885,34.519566946],[132.649255838,34.519502775],[132.649170272,34.519419162],[132.649073061,34.519165],[132.648948886,34.518763333],[132.648867224,34.518419162],[132.648710001,34.517497775],[132.648655551,34.517330558],[132.648531388,34.517121667],[132.648238197,34.516666667],[132.648193605,34.516597495],[132.64813528,34.516465559],[132.648108054,34.516346667],[132.648092503,34.516227775],[132.648127497,34.516038054],[132.648166394,34.51589],[132.648248054,34.515732495],[132.648352503,34.515623333],[132.648608884,34.515406108],[132.648760558,34.515261386],[132.648896393,34.515113612],[132.648993606,34.514959162],[132.649090558,34.514766108],[132.649133333,34.514611946],[132.649106109,34.514338613],[132.649059727,34.51406528],[132.649009171,34.513859441],[132.648834163,34.513399721],[132.648512217,34.512864162],[132.648503333,34.512839162],[132.648446109,34.512677775],[132.648411115,34.512533054],[132.64839166,34.512362495],[132.648364449,34.511973333],[132.648321946,34.511838333],[132.648267496,34.511735829],[132.648170271,34.511626387],[132.648050001,34.511516946],[132.647843891,34.511308054],[132.647719728,34.511143892],[132.647657497,34.510983334],[132.647544995,34.510656946],[132.647408885,34.510454162],[132.647168054,34.510213054],[132.647001115,34.510016946],[132.646864995,34.509759721],[132.646748612,34.509505559],[132.646647497,34.508984721],[132.646624163,34.508598893],[132.646628054,34.508484721],[132.646654747,34.508333334],[132.646655278,34.508330279],[132.646771946,34.508002496],[132.646791388,34.507841667],[132.64679917,34.507629442],[132.646752503,34.507233893],[132.646721387,34.50692528],[132.646686394,34.506786946],[132.646562217,34.506629441],[132.646426394,34.506494441],[132.646127223,34.506282225],[132.64589083,34.506057225],[132.645682502,34.505859162],[132.645558327,34.505762775],[132.645453333,34.505711387],[132.645263061,34.505637226],[132.644897782,34.50550556],[132.644598886,34.505367226],[132.644392776,34.505286946],[132.644249442,34.505275829],[132.644186939,34.505270829],[132.644039442,34.505264441],[132.643887783,34.505277225],[132.643433606,34.505357495],[132.642584993,34.505524721],[132.642383061,34.50555056],[132.642196394,34.505556946],[132.641928327,34.505540829],[132.641666668,34.505508667],[132.641458326,34.505483054],[132.640902776,34.505370559],[132.640283606,34.505241666],[132.640112776,34.505216108],[132.63991083,34.505232225],[132.639687108,34.505279],[132.639350362,34.505337559],[132.639095084,34.505366667],[132.638626939,34.505376586],[132.638111607,34.505438279],[132.637482218,34.505379586],[132.636947393,34.505409359],[132.636559053,34.505390496],[132.636183839,34.505447108],[132.635752606,34.50580764],[132.635653747,34.506028136],[132.635450052,34.506266495],[132.635305253,34.506416333],[132.634707886,34.506633225],[132.63446917,34.506693613],[132.63410061,34.506754108],[132.633607302,34.507043162],[132.633428029,34.507039387],[132.633333334,34.506996135],[132.633208638,34.506939198],[132.632845577,34.506712721],[132.632590921,34.506486225],[132.632270948,34.506258666],[132.631877859,34.506175892],[132.631685888,34.506075721],[132.63149655,34.50596136],[132.631314994,34.505841613],[132.631162192,34.505721829],[132.630985888,34.505565027],[132.630955863,34.505427829],[132.63095847,34.505266694],[132.630998949,34.505064162],[132.631092971,34.504851829],[132.631035525,34.504578494],[132.630995032,34.504309559],[132.631002309,34.504224081],[132.631045966,34.504072162],[132.631042049,34.503950225],[132.63104917,34.503783333],[132.631023892,34.503670892],[132.630886641,34.503214135],[132.630762581,34.503067135],[132.630553607,34.502892919],[132.630471051,34.502704414],[132.630338145,34.502503081],[132.630202309,34.502371332],[132.630237563,34.502185135],[132.630227108,34.502096919],[132.630167056,34.501979333],[132.629848392,34.501800748],[132.629778611,34.501506108],[132.629747834,34.501306414],[132.629579364,34.501022225],[132.62922939,34.50066072],[132.629196744,34.500487586],[132.629016226,34.500219694],[132.628913358,34.500147865],[132.628861115,34.500057495],[132.628863695,34.5],[132.62887808,34.499680748],[132.628687445,34.499338891],[132.628554228,34.49918864],[132.628582698,34.499033865],[132.628531505,34.498915613],[132.628431556,34.498681469],[132.628418807,34.498613162],[132.628390558,34.498471667],[132.628343891,34.498357494],[132.628304812,34.498299054],[132.628205551,34.498262028],[132.628021414,34.498190163],[132.627941751,34.498117225],[132.627811167,34.498115026],[132.627673191,34.498095361],[132.627323255,34.497929441],[132.627009442,34.497736829],[132.626961194,34.497659918],[132.626841971,34.497584162],[132.626657471,34.497433892],[132.626156472,34.497307252],[132.625971946,34.497013775],[132.625898586,34.496817162],[132.625749443,34.496386],[132.625608054,34.496141667],[132.625553671,34.495979054],[132.625360609,34.495780694],[132.625196109,34.49567528],[132.625,34.495489027],[132.624736589,34.49523883],[132.624497302,34.495012135],[132.624225642,34.494761802],[132.624052891,34.494588803],[132.623815642,34.494352415],[132.623709001,34.494252469],[132.623364307,34.494090495],[132.623158444,34.493917279],[132.623027886,34.493844441],[132.622488911,34.493549441],[132.62228039,34.493436441],[132.622106355,34.493299054],[132.621990921,34.493247306],[132.621811777,34.493081586],[132.621503359,34.492704613],[132.621256471,34.492549414],[132.621173281,34.492427749],[132.621040078,34.492325441],[132.620914838,34.492187973],[132.620720947,34.492091027],[132.620598716,34.491972802],[132.620476394,34.491879533],[132.620415862,34.491827694],[132.620209364,34.491666668],[132.620144033,34.491615721],[132.619773113,34.491430333],[132.619528004,34.491429],[132.619377419,34.491306721],[132.619160337,34.491124082],[132.618925642,34.490934108],[132.618659663,34.490783279],[132.618263645,34.490727027],[132.618036783,34.490751495],[132.617615331,34.490836279],[132.617275058,34.490802865],[132.616992438,34.490782469],[132.616666667,34.490816891],[132.616663943,34.490817162],[132.616354917,34.490830586],[132.616044942,34.490860748],[132.615824917,34.490849333],[132.615443554,34.49079064],[132.615008418,34.490897441],[132.614855279,34.490993053],[132.614711336,34.491065866],[132.6145107,34.491106973],[132.614325331,34.491166441],[132.614021802,34.491198279],[132.613889804,34.491204802],[132.613755837,34.491158333],[132.613639469,34.491146919],[132.613538755,34.491111053],[132.613425331,34.491004252],[132.613261051,34.490929226],[132.613141751,34.490906413],[132.612907082,34.490878694],[132.612417951,34.490821802],[132.612315253,34.490834162],[132.611992944,34.490836775],[132.611932361,34.490829],[132.611725889,34.490777586],[132.611426667,34.490728667],[132.611142114,34.490744162],[132.6109407,34.490702586],[132.610710558,34.490639721],[132.610240558,34.490528107],[132.610043061,34.490492224],[132.6098162,34.49045064],[132.609708638,34.490435973],[132.609561946,34.490432721],[132.60948275,34.490399279],[132.609162023,34.490292495],[132.60905153,34.490207694],[132.608860856,34.489995721],[132.60859978,34.489897892],[132.608423774,34.489845694],[132.608333334,34.489813973],[132.608263412,34.489789442],[132.608186161,34.489781306],[132.608123581,34.489729108],[132.607809689,34.489566055],[132.607672802,34.489505748],[132.607410753,34.489527748],[132.607236667,34.489482494],[132.607048975,34.489355721],[132.606768327,34.489120109],[132.606527808,34.489098919],[132.606471089,34.489034495],[132.606247173,34.488909775],[132.605959689,34.488897495],[132.605651699,34.488769559],[132.605376939,34.48880136],[132.605143256,34.488611387],[132.604810804,34.488536387],[132.604690532,34.488395333],[132.604528223,34.488286108],[132.604416744,34.488149945],[132.604376641,34.488052108],[132.604140999,34.487856441],[132.604004112,34.487835253],[132.6038193,34.487589054],[132.603402944,34.487387945],[132.60323655,34.48726864],[132.603031193,34.487166748],[132.602891388,34.487033829],[132.602842892,34.486889585],[132.602686446,34.486692333],[132.602528612,34.486463162],[132.602385863,34.48638],[132.602248975,34.486162332],[132.602104773,34.486053495],[132.601915058,34.485743279],[132.601867497,34.485586748],[132.601920661,34.485455387],[132.601886809,34.485334135],[132.601925668,34.485158559],[132.601915642,34.485082252],[132.60193616,34.484859829],[132.601713891,34.484600081],[132.601473501,34.484428946],[132.601413943,34.484302747],[132.601251389,34.484087829],[132.601141608,34.483899],[132.601046809,34.483573333],[132.601034385,34.483497108],[132.601036641,34.483447225],[132.601126667,34.483373613],[132.601294643,34.483333332],[132.601330558,34.483324721],[132.601656666,34.483317775],[132.601918053,34.483251108],[132.602505551,34.482908333],[132.602600584,34.482859586],[132.603141946,34.482581947],[132.603688885,34.482312775],[132.604170272,34.482141667],[132.604749728,34.481847775],[132.605027224,34.481602775],[132.605247496,34.481431667],[132.605557782,34.481325559],[132.606123061,34.481222495],[132.606544722,34.481145828],[132.606846667,34.481048054],[132.607042776,34.480909441],[132.60740166,34.480672775],[132.607597497,34.480452495],[132.607679171,34.480256667],[132.607785279,34.480117775],[132.607948612,34.480003613],[132.608323891,34.479815829],[132.608333334,34.479810306],[132.608797224,34.479538613],[132.609033891,34.479334442],[132.609238054,34.479098053],[132.609482776,34.478918613],[132.610013333,34.478575829],[132.610200558,34.478436946],[132.610233333,34.478388054],[132.610225279,34.478322775],[132.610184449,34.478273893],[132.610045837,34.478208613],[132.609678613,34.478143333],[132.609270559,34.478102495],[132.609082776,34.478045279],[132.608976667,34.477988054],[132.60896166,34.477881108],[132.608960559,34.477873892],[132.608968612,34.477718892],[132.608862503,34.47767],[132.608756395,34.477678054],[132.608495278,34.477694441],[132.608333333,34.477680387],[132.607932218,34.477645559],[132.607287497,34.477571946],[132.606765551,34.477441388],[132.606512503,34.477327225],[132.606308327,34.477131387],[132.60612083,34.476894721],[132.605924993,34.476715],[132.605740559,34.476536946],[132.605688327,34.476486667],[132.605639169,34.476339721],[132.605623061,34.476209163],[132.605623061,34.475964162],[132.605712776,34.475662495],[132.605834994,34.475295279],[132.605969754,34.475],[132.606047224,34.474830278],[132.60615166,34.47464583],[132.606276666,34.474429441],[132.606451388,34.474242226],[132.606572218,34.474113333],[132.606638885,34.474025829],[132.606680271,34.473892495],[132.606671945,34.473763614],[132.606634721,34.473568054],[132.606568055,34.47341],[132.606322503,34.473043893],[132.606118612,34.472681667],[132.606075278,34.472536947],[132.606075279,34.472311667],[132.60608306,34.472257775],[132.606108054,34.472070558],[132.606074721,34.471908333],[132.60600389,34.471745829],[132.60587083,34.471566946],[132.605692503,34.471363333],[132.605567497,34.471205279],[132.605392776,34.47110944],[132.605130558,34.471034441],[132.60498917,34.470996946],[132.604881114,34.470955559],[132.604776939,34.470851387],[132.604543891,34.470501946],[132.604377497,34.470339721],[132.604244163,34.470268892],[132.604086109,34.470156667],[132.603965279,34.469998332],[132.603898612,34.469848613],[132.603915279,34.469641667],[132.603911115,34.46949583],[132.603869443,34.469350279],[132.603731946,34.469246108],[132.603239999,34.468820279],[132.603203256,34.468788278],[132.602924449,34.468546945],[132.602666394,34.468359721],[132.60257083,34.468226387],[132.60252083,34.46806],[132.602525279,34.467864441],[132.60262917,34.467481387],[132.602683606,34.467095829],[132.602745189,34.466666668],[132.602765279,34.466526668],[132.602799443,34.466352225],[132.602805836,34.466238054],[132.60278083,34.466100829],[132.602714163,34.465971667],[132.602589442,34.465826108],[132.602472776,34.465709441],[132.602339442,34.465555559],[132.602275837,34.465411388],[132.602275837,34.465158054],[132.602285551,34.465010279],[132.602260558,34.464851946],[132.602191115,34.464751108],[132.602053606,34.464635],[132.601983061,34.464555829],[132.601941388,34.464439441],[132.601928886,34.464272774],[132.601916393,34.464056387],[132.601878885,34.463927495],[132.601816395,34.463848333],[132.601612503,34.463744162],[132.601354448,34.463602775],[132.601300272,34.463523613],[132.601287782,34.463394721],[132.601341946,34.463215559],[132.601408612,34.463061666],[132.601426109,34.463002495],[132.601441946,34.462949162],[132.601425279,34.462845279],[132.60136,34.462779721],[132.601131114,34.462550829],[132.60089,34.462355279],[132.600681947,34.462196946],[132.600552776,34.462084722],[132.600469442,34.461947225],[132.600448612,34.461797495],[132.600470856,34.461593667],[132.600473606,34.461568613],[132.600542503,34.461220559],[132.600621947,34.460811946],[132.600623605,34.460803054],[132.600677782,34.460482494],[132.600794163,34.460211946],[132.600897782,34.460063334],[132.601064163,34.459880279],[132.601122503,34.459746947],[132.601114163,34.459568054],[132.601093333,34.459364162],[132.601039169,34.459110279],[132.600926939,34.458781667],[132.600835551,34.458475],[132.600765642,34.458333332],[132.600558885,34.457914441],[132.600476667,34.457705279],[132.600443062,34.45754083],[132.60046917,34.457387495],[132.600521115,34.457282775],[132.600390272,34.457133333],[132.600229727,34.456987495],[132.600068885,34.456875558],[132.6,34.456837333],[132.59982611,34.456740829],[132.599474994,34.456561667],[132.598873333,34.456232775],[132.59864917,34.456071946],[132.598507224,34.455952495],[132.598335837,34.455711109],[132.598115552,34.455471946],[132.597954721,34.455285279],[132.597823891,34.455154441],[132.597685837,34.455057495],[132.597528885,34.454982775],[132.597289442,34.454926667],[132.596923605,34.454784721],[132.596617224,34.454661387],[132.59631445,34.454556667],[132.596064163,34.454384721],[132.595918327,34.454283892],[132.595809999,34.454168054],[132.59564917,34.453943892],[132.595485279,34.453650279],[132.59537555,34.453451387],[132.595222218,34.45323083],[132.59503166,34.453066388],[132.594848885,34.452954162],[132.594579728,34.452801108],[132.594378055,34.452703893],[132.594344449,34.452687225],[132.594176109,34.452603054],[132.594037782,34.452528333],[132.593936939,34.452434721],[132.593847224,34.452174441],[132.593772777,34.451994162],[132.593718054,34.451898333],[132.593443607,34.451657496],[132.593191388,34.451477774],[132.592858611,34.451272495],[132.592656939,34.451175559],[132.592496109,34.451119441],[132.592358053,34.451093333],[132.592216109,34.451037225],[132.592055551,34.450943613],[132.591935837,34.450846667],[132.591756667,34.450667225],[132.591666668,34.450606496],[132.591618328,34.450573892],[132.591513607,34.450536387],[132.590698885,34.45028972],[132.589985278,34.450058055],[132.589837082,34.449999999],[132.589708053,34.449949441],[132.589570558,34.449875829],[132.589447497,34.449767495],[132.589358053,34.449614162],[132.589328054,34.449498332],[132.589245837,34.449337775],[132.58894306,34.449035],[132.588778613,34.44882583],[132.588688886,34.448721108],[132.588579729,34.448552225],[132.588479728,34.448377226],[132.588393891,34.448253892],[132.587810831,34.447812775],[132.58744083,34.447532495],[132.587332219,34.447472775],[132.587227782,34.447427775],[132.58714555,34.447405559],[132.586951388,34.447439162],[132.586835551,34.447476387],[132.586532776,34.447607225],[132.586265279,34.447734441],[132.586226394,34.447753054],[132.58605445,34.447827775],[132.585946108,34.447872495],[132.585822775,34.447902495],[132.584963606,34.447943892],[132.584821388,34.447939721],[132.58471306,34.447917495],[132.584608327,34.447865],[132.58447166,34.447651946],[132.584389728,34.447588333],[132.584322218,34.447536108],[132.58424,34.447517495],[132.58416166,34.447468892],[132.584101947,34.447349441],[132.583982503,34.447128892],[132.583896393,34.446949441],[132.583803061,34.446844721],[132.583373333,34.446571946],[132.583333332,34.446551027],[132.583130558,34.446445],[132.582951115,34.446347776],[132.582842776,34.446288333],[132.582734163,34.446206108],[132.582547497,34.445993054],[132.582461387,34.445866108],[132.582345551,34.445761387],[132.582214721,34.445697775],[132.58200917,34.445611946],[132.58183,34.445578332],[132.581524449,34.44555],[132.581427498,34.445503613],[132.581352776,34.445399163],[132.581206939,34.445088892],[132.581124721,34.444924441],[132.581095837,34.444699162],[132.581042503,34.444520829],[132.58094166,34.444393892],[132.580758612,34.444229441],[132.580500829,34.444102225],[132.580190559,34.443975279],[132.579545837,34.44377],[132.579076939,34.443634721],[132.578794449,34.443544721],[132.578678328,34.443478333],[132.578581946,34.443392225],[132.578429442,34.443133333],[132.578333061,34.443013893],[132.578237497,34.442933893],[132.578216939,34.442916667],[132.578190272,34.442894441],[132.578041114,34.442841108],[132.577513333,34.442678892],[132.577042217,34.442526108],[132.576816394,34.442433333],[132.576786667,34.442353612],[132.576799728,34.442237775],[132.576820559,34.442096946],[132.576820558,34.441905279],[132.576764163,34.441773613],[132.576690079,34.441666666],[132.576352776,34.441179721],[132.576224994,34.440986667],[132.57605306,34.440788612],[132.57599306,34.440661667],[132.575955837,34.440508333],[132.575925837,34.440396387],[132.575873607,34.440288053],[132.575794994,34.440205829],[132.575634448,34.440112225],[132.575484994,34.440056388],[132.575398885,34.439962775],[132.575395279,34.439846946],[132.575433891,34.439691667],[132.57544083,34.439522774],[132.575386395,34.439370829],[132.575318327,34.439246667],[132.575168326,34.438975559],[132.57503,34.438882226],[132.574999999,34.438874081],[132.574850559,34.438833614],[132.574482217,34.438824442],[132.574434721,34.438813054],[132.574326109,34.438790559],[132.574032503,34.438650279],[132.573763333,34.438448613],[132.573666109,34.438314162],[132.573651116,34.438168333],[132.573621389,34.438037495],[132.573565279,34.437944162],[132.573441945,34.437846947],[132.573113061,34.437693613],[132.572926394,34.437593893],[132.572844163,34.437500559],[132.572814163,34.437339721],[132.572784448,34.437205279],[132.572653606,34.436988333],[132.572466667,34.436782775],[132.572347225,34.436607225],[132.572220273,34.436353054],[132.572088444,34.436441108],[132.572007497,34.436495279],[132.571723333,34.436640828],[132.571532776,34.436708054],[132.571428054,34.436753054],[132.571338327,34.436861388],[132.571278612,34.436995829],[132.571185279,34.437111667],[132.571088054,34.437246387],[132.571005837,34.437298613],[132.570874994,34.43733972],[132.570846497,34.437343775],[132.56990083,34.437478054],[132.56958166,34.437528892],[132.569508884,34.437553054],[132.569407223,34.437586947],[132.569096939,34.437781386],[132.568914721,34.437912775],[132.568838054,34.437967496],[132.568509169,34.438176667],[132.568116666,34.438412225],[132.567970272,34.438491108],[132.56792917,34.438513334],[132.567141659,34.438937774],[132.567044449,34.439035],[132.566951115,34.439169441],[132.566857498,34.439431108],[132.566768055,34.439752494],[132.566666667,34.44001536],[132.566629727,34.440111108],[132.566563333,34.440305829],[132.566401659,34.440698053],[132.566285837,34.440877224],[132.565953333,34.441288053],[132.565684163,34.441593334],[132.565614423,34.441666667],[132.565456939,34.441832224],[132.56537166,34.441909721],[132.565265836,34.442005829],[132.565104722,34.442203053],[132.564569169,34.443151108],[132.564439443,34.443368613],[132.563612503,34.444753891],[132.563477497,34.445082225],[132.563477497,34.445251386],[132.563504722,34.445369721],[132.563518328,34.445533054],[132.563576667,34.445800829],[132.563566109,34.446180559],[132.563579442,34.446310279],[132.563606394,34.446500279],[132.563667782,34.446755279],[132.563722218,34.446896108],[132.563776394,34.447087495],[132.563947498,34.447323893],[132.564091115,34.447503333],[132.564288326,34.447712495],[132.56443166,34.447856108],[132.56449166,34.447963613],[132.564503607,34.448077224],[132.564455837,34.448214722],[132.564091115,34.448597495],[132.563833891,34.448854441],[132.563558885,34.449177226],[132.563171115,34.449802495],[132.5631,34.449922495],[132.563053995,34.449999999],[132.563049728,34.450007224],[132.562980272,34.450124441],[132.562919728,34.450309162],[132.56287917,34.450590829],[132.56283083,34.450937495],[132.562722502,34.45134],[132.562671115,34.451525829],[132.56257555,34.451669441],[132.56221083,34.451908333],[132.561918054,34.452063613],[132.561661114,34.452189161],[132.561505551,34.452272775],[132.561415279,34.452363334],[132.561284449,34.452494162],[132.561134995,34.452685279],[132.561027224,34.452828892],[132.560937497,34.452930559],[132.560771946,34.452979441],[132.560663333,34.453001946],[132.559821219,34.453243533],[132.559467497,34.453346668],[132.55912083,34.453508055],[132.558844162,34.453763613],[132.558726109,34.453872775],[132.558600558,34.454016108],[132.558568054,34.454056108],[132.558522776,34.454111667],[132.558333332,34.454343802],[132.558176394,34.454536108],[132.558032775,34.454703613],[132.557829727,34.454721388],[132.557650272,34.454757226],[132.557482776,34.454888892],[132.557403332,34.454999722],[132.557315551,34.455121946],[132.5572,34.455153892],[132.557142218,34.455169721],[132.557061659,34.455182775],[132.556992776,34.455193892],[132.556482776,34.455401109],[132.556475551,34.455404162],[132.556380559,34.455446108],[132.555556109,34.455763613],[132.555485551,34.455790829],[132.555366108,34.455844721],[132.554774163,34.456053892],[132.554565279,34.456155558],[132.554314162,34.456340829],[132.554130272,34.456458334],[132.554021946,34.456530559],[132.553762503,34.456708054],[132.553757496,34.456712225],[132.55363083,34.456821108],[132.553435551,34.456988892],[132.553375551,34.457040279],[132.553136394,34.457303333],[132.55313166,34.457310279],[132.553124994,34.457320559],[132.552896668,34.457667225],[132.552741388,34.457959721],[132.552708327,34.458094441],[132.552711388,34.458189999],[132.552763191,34.458333333],[132.552787782,34.458401387],[132.552907224,34.458631108],[132.552975279,34.458721946],[132.553050558,34.458822224],[132.553220559,34.458992225],[132.55336083,34.459147495],[132.553438612,34.45927],[132.553478054,34.459372225],[132.553498885,34.459496108],[132.553518054,34.459599441],[132.553503062,34.459754441],[132.553440558,34.459924721],[132.55330917,34.460103613],[132.553103839,34.460354082],[132.552929999,34.460566109],[132.552723892,34.46082528],[132.552553891,34.461045],[132.552428885,34.461236946],[132.552300558,34.461404163],[132.55219917,34.461490559],[132.551962777,34.461591108],[132.551730272,34.461740559],[132.551574449,34.461906387],[132.551458054,34.462015829],[132.551375279,34.462158333],[132.551258611,34.46246944],[132.551048885,34.462874441],[132.550969728,34.463027225],[132.550906668,34.463203054],[132.550873607,34.463252775],[132.550793891,34.463266108],[132.550480557,34.463185559],[132.550194994,34.463095],[132.55,34.463056892],[132.549934994,34.463044162],[132.549696394,34.462977776],[132.549417497,34.462921108],[132.549015837,34.462891387],[132.548577782,34.462903892],[132.548291946,34.46292083],[132.54803,34.462933613],[132.547788611,34.462937494],[132.547455837,34.462948892],[132.547230272,34.462930279],[132.546991388,34.462850829],[132.54639917,34.462552775],[132.546055499,34.462370613],[132.545622503,34.462141108],[132.545343606,34.461991946],[132.545138054,34.461888892],[132.544991945,34.461839162],[132.544911556,34.461818613],[132.544706394,34.461766108],[132.544444449,34.46165],[132.544208612,34.461547226],[132.544056109,34.461477495],[132.543963061,34.461474162],[132.543833607,34.461477495],[132.54373083,34.461493892],[132.543228886,34.461706108],[132.543016667,34.461805829],[132.542843891,34.461925279],[132.542548612,34.462111109],[132.542442503,34.462154162],[132.542349441,34.462167495],[132.542246668,34.462157495],[132.542130558,34.462107775],[132.54201083,34.462041387],[132.54187166,34.461941946],[132.541705551,34.461809162],[132.541666667,34.46178844],[132.541549728,34.461726108],[132.541400272,34.461659721],[132.541294162,34.461639441],[132.541227782,34.461626667],[132.540972218,34.461586667],[132.540706109,34.461591387],[132.540553606,34.461631946],[132.540394162,34.461718333],[132.540208327,34.461824441],[132.540065837,34.461957225],[132.539936394,34.462089999],[132.539810271,34.462163054],[132.539667497,34.462206108],[132.539478328,34.462222775],[132.539308327,34.462230829],[132.539265837,34.462232775],[132.539120273,34.462196108],[132.538947497,34.462113333],[132.538778327,34.462036946],[132.538659441,34.462016667],[132.53831083,34.462026666],[132.537783332,34.462079721],[132.537354994,34.462154442],[132.536797497,34.462261387],[132.536523891,34.462368334],[132.536235279,34.462474441],[132.535969728,34.462574163],[132.53573083,34.462686946],[132.535484993,34.462856108],[132.535418145,34.462917197],[132.535269442,34.463053054],[132.535080272,34.463271946],[132.535013891,34.463331667],[132.534974163,34.463345],[132.534907782,34.463315279],[132.534572775,34.463],[132.534390271,34.462843892],[132.534154721,34.462691387],[132.534001946,34.462625],[132.533902503,34.462608333],[132.533863062,34.462604162],[132.533820273,34.462599441],[132.533666939,34.462578334],[132.533474448,34.462521946],[132.533333333,34.462463388],[132.533162503,34.462392495],[132.53295,34.462279722],[132.532721114,34.462160279],[132.532339442,34.461984441],[132.532064163,34.461927225],[132.531951387,34.461854162],[132.531864994,34.461761107],[132.531814721,34.461647225],[132.531814449,34.461644441],[132.531808054,34.461573892],[132.531767223,34.461472775],[132.531685837,34.461337495],[132.531665551,34.461298332],[132.531593061,34.461101107],[132.531318612,34.460740558],[132.531278054,34.460650559],[132.531274994,34.460505001],[132.531354449,34.460425279],[132.53146083,34.460358891],[132.531570272,34.460289162],[132.531719727,34.460173054],[132.531766109,34.460123334],[132.531789169,34.460040279],[132.531779442,34.459947225],[132.531749442,34.459808055],[132.531679728,34.459622225],[132.53145917,34.459285829],[132.531282776,34.459016667],[132.531268327,34.458994721],[132.531005837,34.458604162],[132.530846394,34.458333332],[132.530740273,34.458153054],[132.530172776,34.457270279],[132.53004166,34.457112225],[132.529547497,34.456654441],[132.529182503,34.456385559],[132.528887223,34.456209721],[132.528518885,34.456020559],[132.528346109,34.455970559],[132.528186939,34.455934162],[132.52796445,34.455791387],[132.527927224,34.455701108],[132.527923891,34.455608054],[132.527940558,34.455501946],[132.527940558,34.455299441],[132.527940272,34.455068054],[132.52792,34.454927775],[132.527886109,34.454803613],[132.527721115,34.454528892],[132.527522217,34.454293333],[132.527462776,34.454210559],[132.527369728,34.454080829],[132.527283333,34.453848613],[132.527213606,34.453592225],[132.527165551,34.453417775],[132.527104721,34.453169721],[132.52704083,34.452954721],[132.526944449,34.452755829],[132.526914163,34.452612226],[132.52690472,34.452221667],[132.526854994,34.451959441],[132.526809728,34.451798333],[132.526778612,34.451687225],[132.526675551,34.451435],[132.526587782,34.45121],[132.526465551,34.450838054],[132.526309169,34.450415559],[132.526186667,34.45015083],[132.526130143,34.449999999],[132.526024163,34.449717224],[132.525820272,34.449311387],[132.525775279,34.449111108],[132.525779169,34.448922775],[132.52585917,34.448333892],[132.52583389,34.448162495],[132.525813062,34.448122776],[132.525738327,34.44805],[132.525215279,34.448025279],[132.525082775,34.447998332],[132.524999999,34.44798136],[132.524950001,34.447971109],[132.52486166,34.447942775],[132.524596668,34.447835828],[132.524316109,34.447756387],[132.524025551,34.44774583],[132.523943891,34.447751108],[132.523502218,34.447734441],[132.523275838,34.447667775],[132.52277472,34.447368892],[132.52273,34.447346387],[132.522562218,34.447262775],[132.522278611,34.447062775],[132.521982776,34.446850279],[132.521820558,34.446761946],[132.521700558,34.446726667],[132.521608884,34.446705559],[132.521496109,34.446716108],[132.521259442,34.446776946],[132.521174163,34.446805],[132.521012503,34.446858054],[132.520677498,34.446981387],[132.520543333,34.447037775],[132.520537224,34.447039161],[132.520321114,34.447083892],[132.520008612,34.447109162],[132.519437224,34.447142775],[132.519274449,34.447187774],[132.519170558,34.447260559],[132.518994164,34.447450829],[132.518669443,34.447942494],[132.518523061,34.448135278],[132.518371388,34.448262225],[132.518213606,34.448320001],[132.518037224,34.448353892],[132.517968885,34.448376387],[132.517873891,34.448381667],[132.517586394,34.448428613],[132.517357223,34.448494721],[132.517105837,34.448590559],[132.516986667,34.448657775],[132.516842218,34.448760279],[132.516697497,34.448827226],[132.516666666,34.448836973],[132.516552775,34.448873054],[132.516415279,34.448883613],[132.516270559,34.44888],[132.516079441,34.448849721],[132.515808326,34.448753053],[132.515568612,34.448636667],[132.515346667,34.448516666],[132.515177224,34.448389721],[132.514943333,34.448211945],[132.514781388,34.447998892],[132.514733606,34.447835559],[132.51459083,34.447350829],[132.514570272,34.447266666],[132.514427497,34.446940279],[132.514373334,34.446846667],[132.514289442,34.446701108],[132.514086108,34.446512224],[132.513882245,34.446388225],[132.513715551,34.446286946],[132.513265279,34.446076387],[132.512798884,34.445851468],[132.512466394,34.445691107],[132.511470558,34.445340279],[132.511354994,34.445618614],[132.511224163,34.445821946],[132.511117497,34.445942775],[132.510948054,34.445996387],[132.510773607,34.446003613],[132.510519441,34.446003613],[132.510186109,34.445954441],[132.509996394,34.445952776],[132.509814722,34.445967224],[132.50963306,34.445981945],[132.509436939,34.446047225],[132.509313607,34.446134441],[132.509168327,34.446374163],[132.50905917,34.446606387],[132.508986666,34.446708054],[132.508935838,34.446758893],[132.508841387,34.446758892],[132.508747224,34.446744441],[132.50860917,34.446620829],[132.508478327,34.446432226],[132.508376668,34.446330559],[132.508333332,34.446313198],[132.508267782,34.446286946],[132.508216939,34.446308613],[132.508006109,34.446461108],[132.507788054,34.446613613],[132.507606667,34.446678892],[132.507371945,34.446787495],[132.506930272,34.446900559],[132.506691115,34.446933333],[132.506429727,34.446933333],[132.506039442,34.446827225],[132.505795525,34.44671644],[132.505517497,34.446590279],[132.505443334,34.446556667],[132.505296394,34.446489999],[132.50478083,34.446192225],[132.504511947,34.446032494],[132.504366667,34.445901667],[132.504294163,34.445727495],[132.504204449,34.445446947],[132.504177223,34.445396667],[132.504003606,34.445182775],[132.503785551,34.445008333],[132.503761946,34.444994441],[132.503572218,34.444884162],[132.503443062,34.444827774],[132.503252503,34.444771108],[132.503178054,34.444771108],[132.502681946,34.444754441],[132.502178612,34.444782495],[132.501302218,34.444900829],[132.501148885,34.444877496],[132.501112504,34.444790279],[132.50106166,34.444674162],[132.500989442,34.444484162],[132.500785279,34.443920829],[132.500723891,34.443621946],[132.500608612,34.443137775],[132.500567782,34.442901108],[132.500574722,34.442545559],[132.500602556,34.442461305],[132.500635837,34.442360559],[132.500676395,34.442258892],[132.500758327,34.442039441],[132.500756395,34.441790279],[132.500691116,34.441681387],[132.50067847,34.441666667],[132.500516668,34.441478053],[132.500313333,34.441318054],[132.50013917,34.44118],[132.50007389,34.440955],[132.500110271,34.440671667],[132.500088326,34.440518893],[132.5,34.440458667],[132.499928613,34.44041],[132.49973166,34.440360559],[132.499527782,34.440326945],[132.499180273,34.440301108],[132.498773605,34.440326946],[132.498548885,34.440354721],[132.49785083,34.440337495],[132.497583606,34.440321946],[132.497475279,34.44031556],[132.497241946,34.440286109],[132.497015551,34.440268333],[132.496800272,34.440307225],[132.496641388,34.440720829],[132.496556109,34.440911667],[132.496450272,34.441109721],[132.496256109,34.441286388],[132.496111115,34.441392225],[132.495928612,34.441465],[132.495702503,34.441535828],[132.495274164,34.441666667],[132.495264163,34.441669721],[132.495087497,34.441722775],[132.494893061,34.441843054],[132.494652775,34.442048054],[132.494641855,34.442056892],[132.494494995,34.442175828],[132.494360558,34.442260559],[132.494127497,34.442395],[132.493734995,34.442582225],[132.493586667,34.442624721],[132.493335551,34.442691946],[132.492818327,34.442810279],[132.49259917,34.442852775],[132.492337497,34.442912776],[132.491899442,34.442976387],[132.491666667,34.443004972],[132.491310558,34.443048613],[132.491178885,34.443072775],[132.490797782,34.443143333],[132.490504163,34.443197495],[132.490353062,34.443225279],[132.490266939,34.443241667],[132.489872218,34.443317224],[132.489765837,34.443338892],[132.489729729,34.443346387],[132.489744721,34.443768892],[132.489744721,34.444320279],[132.489649443,34.445137225],[132.489447497,34.446219441],[132.489277783,34.447258892],[132.48924083,34.447463613],[132.489159442,34.447915279],[132.488991116,34.448850279],[132.488799533,34.45],[132.488758327,34.450247225],[132.488747224,34.450314162],[132.488513891,34.451544999],[132.488418327,34.452085828],[132.488365279,34.45285556],[132.488375837,34.453502775],[132.488418327,34.454043892],[132.488524163,34.454563891],[132.488570559,34.454722495],[132.488725837,34.455253054],[132.488969728,34.455847225],[132.48935166,34.456547495],[132.489903333,34.457417495],[132.49002917,34.457573614],[132.490179727,34.45776028],[132.49064131,34.458333333],[132.490783606,34.45851],[132.491158054,34.458997775],[132.491377782,34.459284441],[132.491666666,34.459708694],[132.491717497,34.459783333],[132.49200389,34.460245279],[132.492006667,34.460251386],[132.49230083,34.460860559],[132.492598054,34.461645559],[132.492746394,34.462197225],[132.492926668,34.462759721],[132.49307528,34.463375],[132.493213061,34.464021946],[132.493361661,34.464881387],[132.49345083,34.465362495],[132.493496109,34.465606108],[132.493552502,34.465910559],[132.493608327,34.466269721],[132.493612218,34.466295559],[132.493669442,34.466663613],[132.493670052,34.466666668],[132.493786109,34.467246946],[132.493913333,34.467931946],[132.494135837,34.468770278],[132.494305551,34.469416946],[132.494475279,34.469820278],[132.494592218,34.470053613],[132.49473,34.470329441],[132.49488917,34.470796387],[132.495048327,34.471241945],[132.495207497,34.471719441],[132.495462218,34.47217528],[132.495631946,34.472557225],[132.49598166,34.473130279],[132.496071116,34.473234721],[132.496299999,34.473501667],[132.496596939,34.473809162],[132.496798612,34.473989721],[132.497474163,34.474555],[132.497957562,34.475],[132.499139171,34.476087775],[132.499999999,34.476880108],[132.500004721,34.476884441],[132.500441661,34.477256946],[132.501265837,34.47795972],[132.50142,34.478090829],[132.501497782,34.478157225],[132.50632083,34.482449721],[132.507234189,34.483333333],[132.507548612,34.483637495],[132.507868611,34.483946667],[132.508333333,34.484396027],[132.508624994,34.484678054],[132.509528326,34.485547775],[132.510431946,34.486451387],[132.510948328,34.487090279],[132.511213333,34.487615279],[132.51142389,34.488172494],[132.511553061,34.488770559],[132.511580272,34.489286667],[132.511527782,34.490043613],[132.511391115,34.490666387],[132.511377498,34.490772495],[132.511336668,34.491087495],[132.511219339,34.491666667],[132.511159728,34.491960829],[132.511153891,34.491978613],[132.510847223,34.492891108],[132.510521947,34.4939],[132.510352218,34.494429999],[132.510305837,34.494933054],[132.510297782,34.495020829],[132.510324994,34.495894161],[132.510364162,34.496276387],[132.510372503,34.496356109],[132.510413333,34.496621108],[132.510462503,34.496805829],[132.510666109,34.497571946],[132.510761114,34.497911667],[132.510828054,34.498401387],[132.510842776,34.49850944],[132.510899169,34.49946972],[132.510892477,34.5],[132.510892217,34.500020001],[132.510808885,34.500467774],[132.510763333,34.500713054],[132.510716109,34.50085472],[132.510586667,34.501243054],[132.510294449,34.501935829],[132.509895552,34.503233333],[132.509773605,34.503486946],[132.509750272,34.503548055],[132.509468885,34.504287775],[132.50929166,34.504753892],[132.509203061,34.504973613],[132.509148612,34.505103054],[132.509019442,34.505531387],[132.508910558,34.505863613],[132.508447497,34.507133613],[132.508346109,34.507411667],[132.508333333,34.507435586],[132.507853476,34.508333334],[132.507825551,34.508385559],[132.507622776,34.508703892],[132.507412503,34.508968613],[132.507140558,34.509311387],[132.506933891,34.509551667],[132.506137496,34.510478334],[132.505404994,34.511201667],[132.50497083,34.511625829],[132.504189728,34.512204441],[132.503013061,34.513014442],[132.502337782,34.513545],[132.501797782,34.513815],[132.501676393,34.513858613],[132.501209728,34.514026946],[132.500698612,34.514171668],[132.5,34.514374747],[132.49986917,34.514412775],[132.499840829,34.514418613],[132.49903,34.514586387],[132.498123606,34.514808054],[132.497936939,34.514847775],[132.497473061,34.514946668],[132.496757224,34.515025559],[132.496484721,34.514999163],[132.495818327,34.514988054],[132.494855837,34.514861108],[132.494442504,34.514763891],[132.493907782,34.514638054],[132.493754163,34.514601946],[132.493147523,34.514433721],[132.492437224,34.514236945],[132.492368611,34.514218054],[132.491666667,34.514025721],[132.490739442,34.513771667],[132.489568328,34.513357775],[132.489209728,34.513213614],[132.488304162,34.51285],[132.48724083,34.512373892],[132.486854721,34.512178054],[132.486664721,34.511934721],[132.486635551,34.511762774],[132.486590558,34.511495829],[132.486516395,34.510993333],[132.486562776,34.510545558],[132.486742776,34.509566946],[132.486969999,34.508477495],[132.486998664,34.508333334],[132.487027496,34.508188333],[132.487029442,34.508178332],[132.487038885,34.508130829],[132.487152503,34.507558613],[132.487252776,34.507209722],[132.487427497,34.505829162],[132.48741166,34.504057225],[132.487388885,34.503987225],[132.487258327,34.503586667],[132.486950829,34.503232775],[132.486726109,34.503037225],[132.486522776,34.502853333],[132.486151388,34.502663892],[132.486048612,34.502611387],[132.48573917,34.502514441],[132.485410273,34.502456387],[132.48481,34.502437225],[132.484490558,34.502417775],[132.484304162,34.502437775],[132.484132503,34.502456387],[132.483638885,34.502640278],[132.483503891,34.502698054],[132.483333333,34.502771162],[132.483096939,34.502872495],[132.482603333,34.503066108],[132.482487223,34.503133054],[132.482419442,34.503172225],[132.482303333,34.503095],[132.482215551,34.502990829],[132.482148885,34.502911387],[132.48208917,34.502815],[132.482064448,34.502774721],[132.481945551,34.502582224],[132.481897224,34.502388613],[132.481848885,34.502030559],[132.481832412,34.50192056],[132.48179083,34.501643613],[132.481775914,34.501490278],[132.481761659,34.501343612],[132.481742218,34.500704721],[132.481781115,34.500230559],[132.48181,34.500114441],[132.481879611,34.5],[132.48197472,34.499843613],[132.482187496,34.499563054],[132.482458612,34.499282495],[132.482923061,34.498895279],[132.483155279,34.498624441],[132.483333332,34.498390775],[132.483494163,34.498179721],[132.483997497,34.497589441],[132.484219999,34.497192775],[132.484355551,34.496747775],[132.484355551,34.496544441],[132.48424917,34.496215279],[132.484142776,34.495915279],[132.484055552,34.495721946],[132.48410389,34.495286387],[132.484161946,34.494908893],[132.484297497,34.494618892],[132.484392503,34.494510279],[132.484433061,34.494463892],[132.484723333,34.494328613],[132.485158884,34.494183333],[132.485516939,34.494076946],[132.485758885,34.493757495],[132.485836394,34.493476946],[132.485797497,34.493331667],[132.485778055,34.493041387],[132.48572,34.49278],[132.485565279,34.492499721],[132.485478053,34.492228613],[132.485516939,34.491986666],[132.485526667,34.491754441],[132.485570558,34.491666668],[132.485652502,34.491502775],[132.485661946,34.491270559],[132.485584721,34.491086667],[132.485391115,34.490757775],[132.485228198,34.490565802],[132.485119999,34.490438333],[132.484858611,34.490255],[132.484616667,34.489906946],[132.484381388,34.489631667],[132.484161659,34.489374442],[132.483939442,34.488871387],[132.48380083,34.488661387],[132.483639443,34.488416387],[132.483368612,34.488155279],[132.483333333,34.488141333],[132.48300083,34.488009999],[132.482768327,34.487980829],[132.482274995,34.487951946],[132.481936109,34.487942225],[132.481710273,34.487904721],[132.481587782,34.487884162],[132.481258612,34.487777775],[132.480716667,34.487719721],[132.480368612,34.487719721],[132.480126666,34.48771],[132.47970083,34.48770028],[132.479439442,34.487642224],[132.479246109,34.487477775],[132.478916939,34.487400279],[132.478423333,34.487438893],[132.477833061,34.487468054],[132.47730083,34.487477775],[132.476652775,34.487496947],[132.476217224,34.487545559],[132.475704162,34.487613333],[132.474999999,34.487734802],[132.47492,34.487748613],[132.47448472,34.487864722],[132.47374917,34.488058333],[132.473236109,34.488213054],[132.472733061,34.488319441],[132.472433333,34.488377495],[132.472162217,34.488290278],[132.471978327,34.488251667],[132.471736395,34.488067774],[132.471513892,34.487884162],[132.471231115,34.487674441],[132.47121389,34.487661667],[132.47098166,34.487429441],[132.470614721,34.487082775],[132.470420272,34.486780828],[132.470141946,34.486476667],[132.470013891,34.486393892],[132.469778328,34.486112774],[132.469268885,34.485755],[132.469094721,34.485648612],[132.468898885,34.485561387],[132.468748054,34.485494441],[132.468517497,34.485433891],[132.468238613,34.485518892],[132.467971946,34.485749161],[132.467790272,34.486052225],[132.467462776,34.486294721],[132.467123332,34.486403893],[132.466759728,34.486488613],[132.466666667,34.486536694],[132.466383892,34.486682775],[132.466068612,34.486828332],[132.46586083,34.487139162],[132.465666667,34.487466387],[132.465533333,34.487666387],[132.465421659,34.487704721],[132.465339442,34.487733055],[132.465317497,34.487741108],[132.464903061,34.487890558],[132.46453917,34.487975559],[132.46409083,34.488042225],[132.463624163,34.488072495],[132.463436108,34.488048334],[132.463624163,34.488460559],[132.463804306,34.489087587],[132.462235188,34.489489054],[132.462066978,34.489946135],[132.461398612,34.490083721],[132.461023944,34.489769306],[132.460293165,34.490110225],[132.459170725,34.490393],[132.459002503,34.490289441],[132.458780778,34.490199802],[132.458468807,34.490074802],[132.458368249,34.490093532],[132.458333333,34.490102413],[132.458053891,34.490173613],[132.457605279,34.490258333],[132.457229441,34.490343333],[132.457011388,34.490452496],[132.456944721,34.490634162],[132.456938612,34.49086444],[132.456926394,34.491337225],[132.456973554,34.491666667],[132.456974994,34.491676667],[132.457035551,34.492082775],[132.457156667,34.492537495],[132.457247782,34.492986108],[132.457256939,34.493010829],[132.457381115,34.493349721],[132.457465837,34.493735279],[132.457465837,34.494105],[132.457314449,34.494286946],[132.457059728,34.494401946],[132.456756666,34.494401947],[132.456447497,34.494371667],[132.456144449,34.494335279],[132.45587166,34.494268613],[132.455574994,34.494153613],[132.455296394,34.494129163],[132.455059728,34.494136387],[132.454902218,34.494141387],[132.454683892,34.494183892],[132.454520272,34.494286945],[132.454476939,34.494342225],[132.454411115,34.494426387],[132.454156667,34.494577775],[132.454004994,34.494771947],[132.453877783,34.494935559],[132.453817224,34.495026387],[132.453744449,34.495093054],[132.453598885,34.49510528],[132.453489729,34.495105279],[132.453211115,34.495153614],[132.453059728,34.495202225],[132.452908054,34.495262775],[132.452744449,34.495317495],[132.452514163,34.495353892],[132.452314163,34.495353892],[132.452168613,34.495317495],[132.452112776,34.495281109],[132.452047224,34.495238612],[132.451944164,34.495111387],[132.451695837,34.494953613],[132.451489727,34.494838613],[132.45120472,34.494749721],[132.450792503,34.494616387],[132.450386394,34.494434441],[132.450058884,34.494240558],[132.449999999,34.494208532],[132.449846938,34.494125279],[132.449483606,34.493852495],[132.449362777,34.49374944],[132.449252504,34.493666945],[132.449120272,34.493567775],[132.448695838,34.493349441],[132.448453333,34.493306946],[132.448186667,34.493306946],[132.447834994,34.493373613],[132.447471388,34.493416108],[132.447137782,34.49346472],[132.446610559,34.493537225],[132.446392218,34.493573613],[132.446010558,34.493652495],[132.445598327,34.493741387],[132.445368054,34.493813893],[132.445182775,34.493860279],[132.445101388,34.493880829],[132.444834721,34.493923054],[132.444513333,34.493995829],[132.443998054,34.494171387],[132.443646667,34.494238054],[132.443344163,34.494377495],[132.443156394,34.494462495],[132.442889441,34.494710829],[132.442471388,34.495098892],[132.442113605,34.49536556],[132.441913606,34.495462495],[132.441666666,34.495535108],[132.44135611,34.495626387],[132.44093166,34.495716946],[132.440495279,34.495813892],[132.440076938,34.495910829],[132.439749727,34.495977495],[132.439295279,34.495989721],[132.439136394,34.495984441],[132.438743606,34.495971387],[132.438446666,34.495965559],[132.438113333,34.495953333],[132.437919171,34.495935279],[132.437725279,34.495989721],[132.437458612,34.49602],[132.437150272,34.496013892],[132.436998611,34.496001946],[132.436810829,34.495971386],[132.436574163,34.495868334],[132.436319728,34.495826108],[132.43595,34.495838054],[132.435701388,34.495904721],[132.435434721,34.495971386],[132.435319442,34.496001946],[132.43505917,34.496026108],[132.434695279,34.496110829],[132.434125551,34.496311109],[132.433834449,34.496365279],[132.43356166,34.496383333],[132.433333333,34.496348441],[132.433325279,34.496347225],[132.433088885,34.496347225],[132.432932944,34.496383162],[132.432852776,34.496401667],[132.432598054,34.496492495],[132.432355838,34.496541108],[132.432210272,34.496510829],[132.431913061,34.496425829],[132.431640272,34.496359162],[132.431379728,34.496298613],[132.430980272,34.496231946],[132.430677224,34.496146946],[132.430156109,34.49596528],[132.429731659,34.495783333],[132.429610272,34.495704441],[132.429452776,34.495577226],[132.42918611,34.495407494],[132.428986109,34.495304441],[132.428816667,34.495207495],[132.428725552,34.495152775],[132.428708054,34.495138892],[132.42864083,34.495086108],[132.428410558,34.495025559],[132.428186109,34.495019441],[132.428089171,34.495001387],[132.427961945,34.494965],[132.42768306,34.494849721],[132.427555552,34.494795279],[132.427410272,34.494819441],[132.427325279,34.494868055],[132.427216109,34.494868054],[132.426925279,34.49488],[132.426713334,34.494922495],[132.426416395,34.494989163],[132.426149728,34.495025558],[132.425888885,34.495007495],[132.425694994,34.494952775],[132.425531387,34.494861946],[132.425264449,34.494686107],[132.425,34.494577054],[132.424828612,34.494506387],[132.424682049,34.494434919],[132.424580272,34.494385279],[132.424113605,34.494094162],[132.423943891,34.494057775],[132.42373166,34.494021387],[132.423404163,34.493930559],[132.423264993,34.493888054],[132.423125551,34.49367],[132.42306472,34.493518333],[132.423052776,34.493281946],[132.42307083,34.492281946],[132.423086978,34.491666667],[132.423094994,34.491360559],[132.423149728,34.491118054],[132.423198054,34.490972496],[132.423543606,34.490596667],[132.424058885,34.490205279],[132.42421611,34.490105829],[132.42424083,34.49009],[132.424343891,34.489944441],[132.424392503,34.489726387],[132.42445306,34.489477775],[132.42444083,34.489362494],[132.424368054,34.489253333],[132.424198327,34.489186668],[132.423901388,34.489126108],[132.423701388,34.488974721],[132.423337497,34.488841108],[132.42316166,34.488823055],[132.422980001,34.488859441],[132.422780272,34.488992775],[132.422598327,34.489089721],[132.422307223,34.489180829],[132.421931388,34.489253333],[132.421749727,34.489271667],[132.421494994,34.489235279],[132.421173891,34.489077775],[132.42081,34.488816946],[132.420367497,34.488538054],[132.419943333,34.488344162],[132.419664721,34.488235],[132.419391946,34.48806528],[132.419124994,34.487913613],[132.418924994,34.487865279],[132.418803892,34.487883333],[132.418610272,34.487968333],[132.41816166,34.488131946],[132.417979999,34.488125829],[132.417767782,34.488028892],[132.417549442,34.487919721],[132.417234164,34.487853053],[132.416731388,34.487804721],[132.416666667,34.487804722],[132.415919171,34.487804721],[132.415555279,34.487871387],[132.415362503,34.487878613],[132.415240272,34.487883333],[132.414585552,34.487901668],[132.414003606,34.487907775],[132.413318885,34.487925829],[132.413046109,34.487974442],[132.412748884,34.488089441],[132.412452503,34.488210829],[132.412252502,34.488289721],[132.411906939,34.48832],[132.411785551,34.488277495],[132.411531115,34.488210829],[132.41134917,34.488192495],[132.411082503,34.488168333],[132.410745304,34.48814136],[132.410627782,34.488131946],[132.410367497,34.488138054],[132.410112775,34.488192495],[132.40973083,34.488156108],[132.409203606,34.488107775],[132.408894449,34.488022776],[132.408427497,34.487822775],[132.408333333,34.487773082],[132.407991114,34.487592495],[132.407633333,34.487440828],[132.407433333,34.487392495],[132.407118054,34.487398612],[132.406823477,34.487361865],[132.40666572,34.487344108],[132.406500052,34.487310081],[132.406382502,34.487252361],[132.406206809,34.487054027],[132.405988144,34.48679056],[132.405790947,34.486533027],[132.40571205,34.486287333],[132.405489559,34.486087973],[132.405163528,34.485923225],[132.404758418,34.485724892],[132.404408806,34.485753748],[132.40433895,34.485579829],[132.403847755,34.485171441],[132.403474891,34.485452666],[132.40306978,34.48562436],[132.402912022,34.485621387],[132.402685187,34.485658279],[132.40253917,34.485612496],[132.402478223,34.485494108],[132.402474643,34.485393468],[132.402288197,34.485334252],[132.402173476,34.485263198],[132.402194995,34.485168496],[132.40256428,34.484982001],[132.402732776,34.484887253],[132.402664643,34.484683],[132.403048249,34.484552775],[132.403084112,34.48441364],[132.403023166,34.484372198],[132.402990895,34.484034721],[132.402800895,34.483984468],[132.402582192,34.483504892],[132.402943943,34.483333332],[132.403449805,34.483093441],[132.403456978,34.482770775],[132.403275772,34.482653494],[132.403178885,34.482587775],[132.402953607,34.482530559],[132.402914449,34.482520559],[132.402796939,34.482490829],[132.402384721,34.482484721],[132.402178612,34.482521108],[132.401887783,34.482636108],[132.401645279,34.482836387],[132.401267497,34.483056387],[132.40123917,34.483072775],[132.400986109,34.483255829],[132.400887497,34.483327225],[132.400880946,34.483333332],[132.40076083,34.483445279],[132.400704994,34.483497225],[132.400529727,34.483660828],[132.400470271,34.483728892],[132.400353892,34.483861387],[132.400226939,34.484006108],[132.400021388,34.484242774],[132.4,34.484285441],[132.399906109,34.484472775],[132.399669729,34.484678892],[132.399312219,34.484836386],[132.399027498,34.484904441],[132.398906109,34.484933332],[132.398602503,34.484918333],[132.398287782,34.484903054],[132.397790558,34.484854721],[132.39753611,34.485],[132.397426939,34.48521],[132.397026109,34.485345279],[132.397007782,34.485351666],[132.396511946,34.485519162],[132.395675279,34.485798054],[132.395396394,34.485804162],[132.395315551,34.485796667],[132.39516083,34.485782495],[132.395005551,34.485768054],[132.394935838,34.485761667],[132.394820661,34.485761667],[132.39469917,34.485761667],[132.394323333,34.485828054],[132.393990558,34.485979721],[132.392796667,34.486658613],[132.391984163,34.487107225],[132.391666667,34.487214388],[132.391499442,34.487270829],[132.391196109,34.487313332],[132.390844721,34.487319441],[132.390565838,34.487264721],[132.390232503,34.487089162],[132.389953606,34.486883054],[132.389668885,34.486785829],[132.389414448,34.486846668],[132.389165837,34.486998054],[132.389139728,34.48702],[132.38893528,34.487191946],[132.388741388,34.487422225],[132.388674721,34.487664721],[132.388608053,34.488016387],[132.388547497,34.488349721],[132.388420272,34.488743613],[132.388304994,34.488961946],[132.388068612,34.489331667],[132.387862504,34.489663055],[132.387759442,34.489802225],[132.387626109,34.490123332],[132.387607782,34.490432495],[132.387541115,34.490735559],[132.387450271,34.491081108],[132.387431946,34.491244721],[132.38771083,34.491353892],[132.38818131,34.491581748],[132.388286667,34.491632775],[132.388345226,34.491666667],[132.38902,34.492057225],[132.389280558,34.492220829],[132.389535279,34.492433054],[132.389686938,34.492602775],[132.389832218,34.492845279],[132.390026394,34.493123892],[132.390044449,34.493348333],[132.389959727,34.493541946],[132.389759442,34.493806667],[132.389619999,34.494097495],[132.38957166,34.494315829],[132.389577782,34.494461387],[132.38962,34.494558333],[132.38965166,34.494623054],[132.389747498,34.494818892],[132.389808054,34.495055279],[132.389771661,34.495303892],[132.389619999,34.495400829],[132.38937166,34.495825279],[132.389250272,34.496213054],[132.389250272,34.496661387],[132.389304994,34.497164721],[132.389535279,34.497867775],[132.389559442,34.498174721],[132.389638327,34.498508054],[132.389814164,34.498968892],[132.389826109,34.498997414],[132.389938328,34.499265279],[132.39002,34.49946],[132.390189728,34.499684162],[132.390300363,34.500000001],[132.390401946,34.50029],[132.39041917,34.500554161],[132.390429442,34.500709442],[132.390432503,34.500756387],[132.39041555,34.500805279],[132.390377224,34.500917495],[132.39022166,34.501370829],[132.390212503,34.501397776],[132.389772503,34.502130829],[132.389768054,34.502147226],[132.389717223,34.502336947],[132.389705279,34.502380829],[132.389666939,34.502523892],[132.389645551,34.502603054],[132.389644448,34.502607495],[132.389583606,34.502981387],[132.389589442,34.503230829],[132.389758327,34.503284441],[132.389842777,34.503320279],[132.389897223,34.503356667],[132.390025279,34.503511946],[132.39019,34.503971947],[132.390222776,34.504068054],[132.390240829,34.50411],[132.390410271,34.504505279],[132.390467224,34.504637495],[132.39058917,34.504921946],[132.390556109,34.505236946],[132.390404163,34.505748612],[132.390213333,34.505974161],[132.389898327,34.506217495],[132.389843607,34.506259721],[132.389777782,34.506310279],[132.389711388,34.506361667],[132.389518612,34.506551667],[132.38947917,34.50659],[132.389224721,34.506835829],[132.389081116,34.507032775],[132.388898885,34.50718028],[132.388638327,34.507201946],[132.388408612,34.507110829],[132.388147497,34.507088613],[132.387861946,34.507102225],[132.387587224,34.507256667],[132.387150558,34.507726946],[132.386479442,34.507960559],[132.385929728,34.508152225],[132.385022503,34.508241946],[132.384465616,34.508333334],[132.383333333,34.508519135],[132.383284163,34.508527224],[132.383082504,34.508728892],[132.382544993,34.508952775],[132.382220272,34.509199441],[132.382108886,34.509553225],[132.382096939,34.509591108],[132.382041115,34.509915829],[132.381772218,34.510296667],[132.381581946,34.510509721],[132.381178612,34.510845559],[132.380103334,34.511271387],[132.379918886,34.51138],[132.379896394,34.511604162],[132.380013606,34.512077495],[132.38015917,34.512480829],[132.38074166,34.513051946],[132.380907782,34.513317774],[132.380909729,34.513320829],[132.380876109,34.513656946],[132.38064083,34.514082495],[132.380327224,34.514821387],[132.379957782,34.515269441],[132.379285551,34.515437494],[132.378927224,34.515437495],[132.378658327,34.515392775],[132.377997497,34.515247225],[132.377370273,34.515280829],[132.376183061,34.515515829],[132.375734994,34.515471108],[132.375,34.515371865],[132.374906108,34.515359162],[132.372867497,34.515079161],[132.372778054,34.515213613],[132.372632503,34.515807225],[132.372483606,34.516023892],[132.372415837,34.516048054],[132.372286109,34.516099721],[132.372081946,34.516211946],[132.372034448,34.516251387],[132.371834163,34.516394441],[132.371734449,34.516546108],[132.371724449,34.516583892],[132.37170297,34.516666667],[132.371701115,34.516673892],[132.37171472,34.517079441],[132.371678612,34.51718],[132.371564995,34.517266108],[132.371437497,34.517324999],[132.371304163,34.517322775],[132.371177497,34.517259721],[132.371068612,34.517141387],[132.37103445,34.517045559],[132.371027782,34.516989442],[132.370952218,34.516797495],[132.370892218,34.516666667],[132.37086917,34.516616387],[132.370782776,34.516499162],[132.370687497,34.516409161],[132.370544721,34.516335829],[132.370341115,34.516256108],[132.370203891,34.516162494],[132.370170557,34.516071108],[132.37010917,34.515823333],[132.370102504,34.515671667],[132.370043333,34.515436387],[132.369886939,34.51534],[132.369775837,34.515311109],[132.369462776,34.515305559],[132.369191946,34.515424162],[132.368958885,34.515567225],[132.368768886,34.515637495],[132.368558053,34.515688054],[132.368462776,34.515716387],[132.368008054,34.515841388],[132.367850272,34.515919161],[132.367748328,34.516003614],[132.367639442,34.516172495],[132.367489728,34.516298613],[132.367466667,34.516286946],[132.367264994,34.516186667],[132.367011388,34.516037225],[132.36687083,34.515930279],[132.366674163,34.515795828],[132.366666667,34.515792387],[132.366407782,34.515673614],[132.366355837,34.515658054],[132.366115551,34.515586945],[132.36595917,34.515547495],[132.365302918,34.515444693],[132.365267224,34.515439162],[132.365063333,34.515445828],[132.364888612,34.515469721],[132.364659442,34.515558054],[132.364380558,34.515693892],[132.364040558,34.515778333],[132.363924722,34.515783892],[132.363781388,34.515771108],[132.36367083,34.515761108],[132.363466109,34.515710279],[132.36331917,34.515699441],[132.363067497,34.515710829],[132.362931387,34.515704999],[132.362523606,34.515732225],[132.362244448,34.515772776],[132.361918055,34.515857225],[132.361618053,34.515935828],[132.361451946,34.515942494],[132.36127166,34.515890829],[132.361053891,34.515823332],[132.360917782,34.515817774],[132.360373606,34.51583472],[132.360162502,34.515907775],[132.360006108,34.516003613],[132.359769728,34.516181108],[132.359546939,34.516354721],[132.359411945,34.516426667],[132.359214995,34.516460559],[132.358867783,34.516511108],[132.358608612,34.516561946],[132.358333333,34.516642748],[132.358251894,34.516666668],[132.358189442,34.516685],[132.35806694,34.516701667],[132.357841115,34.516714163],[132.357742438,34.516666668],[132.357639169,34.516616946],[132.357441388,34.51651583],[132.357162218,34.516425829],[132.356669728,34.516329161],[132.356407224,34.516324441],[132.356121389,34.516386387],[132.355882503,34.516481387],[132.355671115,34.516521667],[132.355502217,34.516504721],[132.355128054,34.516482225],[132.354892503,34.516481387],[132.35457,34.516510279],[132.35431166,34.516611666],[132.354196719,34.516666668],[132.354182218,34.516673613],[132.353563061,34.516876387],[132.353322218,34.516876388],[132.353318054,34.516876387],[132.353195837,34.516848333],[132.352773671,34.516666668],[132.352501946,34.516549721],[132.352243333,34.516459441],[132.35196445,34.516397495],[132.35165166,34.516296108],[132.351292217,34.516204163],[132.350768885,34.516187225],[132.35026083,34.516231108],[132.350015837,34.516278892],[132.35,34.516282414],[132.349760558,34.516335559],[132.349473061,34.516348613],[132.348962504,34.516365829],[132.348355551,34.516352494],[132.347860558,34.516309161],[132.347633891,34.516345],[132.347483061,34.516434162],[132.347317782,34.5166],[132.347274942,34.516666667],[132.347263334,34.516684721],[132.346766667,34.517461946],[132.346317496,34.51798],[132.346147496,34.518132225],[132.345804448,34.518423333],[132.34561694,34.518531667],[132.345339442,34.518646108],[132.344958886,34.51892556],[132.344807224,34.519095],[132.344465278,34.519605559],[132.344636938,34.519917495],[132.344936395,34.520463614],[132.345058885,34.520694721],[132.345058884,34.520823892],[132.345008612,34.520945279],[132.344958327,34.521145559],[132.344956939,34.521421108],[132.344997782,34.521685829],[132.34503166,34.521787225],[132.34503166,34.521882775],[132.344943334,34.521975279],[132.344439728,34.522209441],[132.344358054,34.522254721],[132.344326939,34.522280559],[132.344262776,34.522333333],[132.34359611,34.522964441],[132.343487224,34.523104721],[132.343304449,34.52338528],[132.343166109,34.523530829],[132.34301917,34.52364],[132.342861388,34.52364],[132.342738884,34.523651108],[132.342657224,34.523668054],[132.342609442,34.523696387],[132.342548327,34.523791947],[132.342534722,34.523859721],[132.342527782,34.524028612],[132.34252445,34.524185559],[132.342542503,34.524473055],[132.34267083,34.524636946],[132.342901946,34.524890279],[132.342993165,34.525],[132.343186939,34.525233054],[132.343303333,34.525453613],[132.343418885,34.525757775],[132.343522219,34.525973893],[132.343648054,34.526175279],[132.343718327,34.526405279],[132.343806667,34.526833333],[132.343895278,34.526974441],[132.344103333,34.527077225],[132.344507497,34.527188054],[132.344772776,34.527334722],[132.34491555,34.527509162],[132.344978611,34.527684721],[132.344991388,34.527795559],[132.345140272,34.527892225],[132.345317224,34.528005],[132.345616666,34.528151667],[132.345836109,34.528330279],[132.346017782,34.528556946],[132.346167496,34.528697775],[132.346351115,34.528827225],[132.346590557,34.528956946],[132.346818885,34.529026108],[132.346943891,34.529050278],[132.347041115,34.529068892],[132.347296666,34.529058054],[132.347638613,34.529015559],[132.347838055,34.529015559],[132.348050271,34.529042225],[132.348242502,34.529041388],[132.348317497,34.529058055],[132.348398885,34.529294721],[132.348410078,34.529319802],[132.348446666,34.529401667],[132.348567497,34.529515],[132.348833333,34.529679721],[132.349024994,34.529762225],[132.349215551,34.529891667],[132.349460001,34.530122494],[132.349597224,34.530323333],[132.349667498,34.530473054],[132.349834449,34.530545],[132.35,34.530581694],[132.350011114,34.530584162],[132.350147224,34.530646387],[132.350235837,34.530736387],[132.350315551,34.530894442],[132.350418326,34.531049999],[132.350561946,34.531198613],[132.350717224,34.531277495],[132.350909442,34.531350279],[132.351065837,34.531378613],[132.351235837,34.531367225],[132.351403333,34.531311108],[132.351579443,34.531208053],[132.351800558,34.531023613],[132.351916395,34.530911387],[132.3521,34.530798613],[132.352222503,34.530748054],[132.352405837,34.530758054],[132.352578327,34.530877225],[132.352726109,34.531029441],[132.352807497,34.531136667],[132.352914449,34.531318334],[132.353019443,34.531518613],[132.353113061,34.531673613],[132.353324721,34.531879722],[132.353508327,34.532020558],[132.353839999,34.532244721],[132.354053891,34.532361667],[132.354351946,34.532493613],[132.354487782,34.532555559],[132.354874721,34.532768054],[132.354957224,34.532825829],[132.355047224,34.532889162],[132.355148054,34.532919721],[132.355358884,34.532983892],[132.355494721,34.533017495],[132.355761946,34.533295829],[132.355796939,34.533333334],[132.355909442,34.533453892],[132.356222776,34.533648333],[132.356440558,34.533727225],[132.356637782,34.53379472],[132.357000272,34.534044441],[132.357236667,34.534166666],[132.357324994,34.534206108],[132.357597224,34.534284999],[132.35792166,34.534378892],[132.358311387,34.534448333],[132.358333333,34.534449108],[132.358774163,34.534465],[132.358948054,34.534499162],[132.359495279,34.534673613],[132.359726667,34.534735559],[132.360097782,34.534771387],[132.360431115,34.534762775],[132.360497225,34.534797495],[132.36053611,34.534881946],[132.360549728,34.534938333],[132.360543061,34.535169161],[132.360500001,34.535348054],[132.360285551,34.535559721],[132.36005306,34.535648054],[132.35991694,34.53571556],[132.359821946,34.535788892],[132.359753891,34.535901387],[132.359716109,34.536049721],[132.359672503,34.536445279],[132.359638054,34.536543333],[132.359445279,34.536980559],[132.35923,34.537500829],[132.359202776,34.537585279],[132.35917555,34.537692225],[132.35917555,34.537754163],[132.359195837,34.537816109],[132.359264162,34.537944162],[132.359470558,34.538038614],[132.359916939,34.538148613],[132.359978327,34.538165279],[132.360121115,34.538227495],[132.36014166,34.538244163],[132.360332218,34.538317495],[132.360640272,34.538334441],[132.360846667,34.538351946],[132.361032775,34.538424441],[132.361223061,34.538525829],[132.361432776,34.538616108],[132.361790559,34.538704721],[132.362248054,34.538763892],[132.36266,34.538778892],[132.363067781,34.538738054],[132.363434448,34.53874],[132.36359083,34.538745559],[132.363767782,34.538785],[132.363924163,34.538846946],[132.364032503,34.53896],[132.364118327,34.539089441],[132.364317782,34.539159721],[132.364509441,34.539151107],[132.36478166,34.539128614],[132.36495166,34.539168054],[132.365160001,34.539248332],[132.365631946,34.539528613],[132.36587,34.539675],[132.366046667,34.539748054],[132.366198327,34.539800559],[132.366666667,34.539927107],[132.366733891,34.539945279],[132.366897224,34.540001667],[132.366999443,34.540069162],[132.367108054,34.540193055],[132.367189728,34.540316945],[132.367414449,34.540761666],[132.367468885,34.540868613],[132.367591115,34.541054721],[132.367754994,34.54119028],[132.368196667,34.541448892],[132.368312502,34.541555829],[132.36839092,34.541666667],[132.368428054,34.541719161],[132.368475836,34.541803613],[132.368488612,34.541848612],[132.368525279,34.541977775],[132.368488612,34.542127225],[132.368414449,34.542271387],[132.368332776,34.542411946],[132.36826472,34.542586668],[132.368271946,34.542784162],[132.368604993,34.543155558],[132.368632218,34.543195],[132.36863917,34.543335829],[132.368618613,34.543403333],[132.368571115,34.543481946],[132.368414448,34.543630559],[132.36814,34.543822496],[132.367965551,34.543977496],[132.367849728,34.54412972],[132.367802218,34.544219722],[132.367768055,34.544326947],[132.36775166,34.544557495],[132.367673333,34.544879162],[132.36767,34.544975],[132.367744163,34.545058892],[132.368071114,34.545128613],[132.368514994,34.545111108],[132.368820271,34.54514],[132.368870272,34.545205559],[132.368870272,34.545301387],[132.368801052,34.545542441],[132.368766666,34.545662224],[132.368707781,34.545830829],[132.368835279,34.545947225],[132.369040272,34.54605],[132.369298612,34.546298055],[132.369538053,34.546548613],[132.369870272,34.546804999],[132.370067497,34.546928892],[132.370538327,34.547205],[132.370883891,34.547407495],[132.371203892,34.547525828],[132.371292218,34.547542775],[132.371514163,34.547556387],[132.371924994,34.547503333],[132.371999728,34.547480829],[132.372224449,34.547385],[132.372483061,34.547258053],[132.373048327,34.547280279],[132.373476109,34.547658054],[132.373734449,34.548006108],[132.374181946,34.548006108],[132.374609442,34.547946667],[132.374758612,34.548026108],[132.374758612,34.548473613],[132.37469472,34.548793333],[132.37466917,34.548921108],[132.37466917,34.549666667],[132.374678638,34.550000001],[132.374687498,34.550311947],[132.374687498,34.550313613],[132.374688885,34.550372775],[132.374756666,34.550722495],[132.374777782,34.550832225],[132.374806939,34.550981667],[132.374808327,34.55098944],[132.375,34.551021388],[132.375106666,34.551039163],[132.375603891,34.550979441],[132.37615083,34.55091],[132.376598327,34.550939721],[132.377274721,34.550900001],[132.377821388,34.551019162],[132.378696667,34.551208333],[132.379048885,34.551406667],[132.379605838,34.551824162],[132.38079917,34.552997495],[132.381445551,34.553703613],[132.381923061,34.554071387],[132.382181388,34.554175],[132.382320558,34.554230559],[132.382433333,34.554245829],[132.382688611,34.554280279],[132.382982218,34.554313891],[132.383058054,34.554293613],[132.383333333,34.554219559],[132.383458612,34.55418583],[132.384011387,34.553912775],[132.384351115,34.553739721],[132.384750558,34.553413333],[132.384903606,34.553433333],[132.385289999,34.553593053],[132.385356109,34.553621108],[132.38553166,34.553696108],[132.385962503,34.553879441],[132.386313606,34.554001387],[132.386461659,34.554052776],[132.386676667,34.554245],[132.386750001,34.554551387],[132.386836667,34.555217224],[132.386916393,34.555856107],[132.386856667,34.556328892],[132.386596939,34.556948334],[132.386433333,34.557281667],[132.386242218,34.557669162],[132.386197498,34.557760279],[132.385904086,34.558333333],[132.385778054,34.558579441],[132.38563166,34.559105558],[132.385665837,34.559482226],[132.385832218,34.559808613],[132.386284994,34.560461108],[132.386334449,34.560550279],[132.386591387,34.561013893],[132.386751115,34.561213612],[132.386939442,34.56134],[132.38727694,34.561566108],[132.387696394,34.561712775],[132.388016109,34.561819162],[132.388375551,34.561880559],[132.388694163,34.561935001],[132.38918694,34.562068333],[132.389362218,34.562095829],[132.389653061,34.562141387],[132.389772503,34.562188054],[132.389787497,34.562245279],[132.389887781,34.562629161],[132.389912503,34.562723613],[132.389968612,34.562938892],[132.389996939,34.563047225],[132.39006555,34.5633],[132.390331946,34.564245559],[132.390538327,34.564797775],[132.390555837,34.565142775],[132.390558327,34.565233613],[132.390567497,34.565588054],[132.390571659,34.565743613],[132.390504449,34.565955],[132.390463061,34.566085],[132.390136939,34.566551108],[132.390063281,34.566666668],[132.389968833,34.566814802],[132.389950272,34.566843893],[132.389897224,34.56701028],[132.389930558,34.567170279],[132.390003606,34.56739],[132.389843891,34.567576387],[132.38965083,34.567643054],[132.38957083,34.567749441],[132.38957083,34.567882774],[132.389690831,34.568195559],[132.389710558,34.568475],[132.389684162,34.568728054],[132.389743891,34.569134162],[132.389863891,34.569507225],[132.390056939,34.569886667],[132.390231115,34.570177495],[132.390337781,34.570550279],[132.390463891,34.570716946],[132.390512892,34.570763919],[132.390630558,34.570876667],[132.390710272,34.57097],[132.390677223,34.571069721],[132.390331115,34.571322774],[132.38987166,34.571615829],[132.389545279,34.57173556],[132.389405551,34.571868613],[132.388706393,34.572674441],[132.388326667,34.573033891],[132.388200273,34.573127225],[132.388135279,34.573268892],[132.38822166,34.573495279],[132.388293606,34.57357],[132.388374995,34.57365472],[132.388408327,34.574074162],[132.388454721,34.574367225],[132.388634722,34.574686946],[132.388745162,34.575],[132.388794449,34.575139721],[132.388901115,34.575379161],[132.38893306,34.575687775],[132.389079442,34.576160559],[132.389132776,34.576433613],[132.389518612,34.576679721],[132.389705279,34.577132495],[132.389904993,34.577451946],[132.390158054,34.577765],[132.390284449,34.577964721],[132.389685279,34.577904721],[132.388793062,34.577831667],[132.388373605,34.577811667],[132.38813389,34.577771667],[132.38796083,34.577751667],[132.387854163,34.577811666],[132.387785551,34.578602494],[132.387652504,34.579461387],[132.38757917,34.579947495],[132.387593061,34.579995829],[132.387672503,34.580273613],[132.387858885,34.580706667],[132.38784555,34.580899721],[132.38769917,34.581152775],[132.387665837,34.581392225],[132.387690468,34.58157364],[132.387719171,34.581785],[132.38745,34.582612226],[132.387290271,34.583111666],[132.387366356,34.583333333],[132.387370272,34.583344721],[132.38755,34.583544162],[132.387756394,34.58371056],[132.38806917,34.583730559],[132.388595279,34.58371056],[132.389101115,34.583777225],[132.389114552,34.583783053],[132.389607224,34.583996945],[132.389966939,34.58439],[132.390186667,34.584603054],[132.390519729,34.584756109],[132.391098612,34.585029163],[132.391551388,34.585268892],[132.391666667,34.585324802],[132.391784449,34.585381946],[132.391704721,34.585648333],[132.391666667,34.585738694],[132.391491659,34.586154162],[132.391451659,34.586367225],[132.39141306,34.586554162],[132.39133611,34.587185829],[132.391275551,34.587468333],[132.391169441,34.587771108],[132.391068054,34.588401667],[132.391037781,34.588658892],[132.390992217,34.588850559],[132.390583606,34.589541108],[132.390503061,34.589748055],[132.390477782,34.590015559],[132.390477782,34.590348333],[132.390412218,34.590852495],[132.39035166,34.591099721],[132.390200271,34.591397494],[132.390189805,34.591442135],[132.390144721,34.591634441],[132.390148782,34.591666667],[132.390185279,34.591957496],[132.390346667,34.592401387],[132.390460273,34.592591108],[132.390993061,34.593480279],[132.391103891,34.593732495],[132.39124,34.593919163],[132.39166389,34.594307775],[132.391666667,34.594310162],[132.392213606,34.594781946],[132.392323333,34.594888054],[132.392526394,34.595084441],[132.392707782,34.595336946],[132.392808885,34.595634441],[132.392995551,34.596007775],[132.39396917,34.597011108],[132.394327223,34.597394441],[132.394352892,34.597429721],[132.394448326,34.597560829],[132.394478613,34.597848613],[132.394473606,34.598746108],[132.394539169,34.598978333],[132.394664994,34.599134721],[132.39575489,34.6],[132.396088327,34.600264721],[132.396779443,34.600688054],[132.397026667,34.600990829],[132.398020272,34.601898613],[132.398238885,34.602127495],[132.398993891,34.602917495],[132.399271388,34.603306107],[132.399473061,34.603820558],[132.399604163,34.604138613],[132.399654722,34.604173893],[132.399851387,34.604078054],[132.4,34.603940495],[132.40005306,34.603891387],[132.400385836,34.603381667],[132.400557496,34.603018613],[132.400713891,34.602488892],[132.400890272,34.60205528],[132.401198054,34.601641667],[132.401783891,34.601152225],[132.402253061,34.600678054],[132.402601116,34.600536946],[132.402803061,34.60041083],[132.40324572,34.600000001],[132.403579728,34.599690001],[132.40368,34.599643054],[132.403806668,34.599583892],[132.403887224,34.599624162],[132.403917497,34.599765559],[132.403968055,34.599967226],[132.403981803,34.6],[132.40409917,34.60028],[132.404100272,34.600286946],[132.40412528,34.600427225],[132.404144721,34.600536946],[132.4042,34.600839721],[132.404326393,34.601223054],[132.404467497,34.601636386],[132.404558326,34.601959441],[132.404603606,34.602267225],[132.404677497,34.602346667],[132.40472083,34.602393054],[132.404734994,34.602408334],[132.405113333,34.602625279],[132.405264994,34.602748333],[132.405482776,34.602817496],[132.405773891,34.602897775],[132.406172503,34.603054162],[132.406571389,34.603089441],[132.406813607,34.603064162],[132.406985278,34.602993613],[132.407343333,34.602726108],[132.407676394,34.602468892],[132.408165551,34.602090828],[132.408333333,34.601938918],[132.408428054,34.601853162],[132.408488612,34.601798333],[132.408826395,34.601581387],[132.409522503,34.601228054],[132.409830272,34.601006107],[132.41025917,34.600789162],[132.410353061,34.600757494],[132.410733333,34.600628055],[132.410965279,34.600547495],[132.411636667,34.600209721],[132.411823332,34.600013054],[132.411840195,34.6],[132.412090558,34.599806108],[132.412347782,34.599675],[132.412544722,34.599614441],[132.412857497,34.599614441],[132.413210558,34.599599441],[132.413634448,34.599599441],[132.413921945,34.599539163],[132.414058884,34.599473333],[132.414173891,34.599418054],[132.414653061,34.599206108],[132.414996108,34.599115279],[132.415293892,34.599130559],[132.415485551,34.599191108],[132.415656938,34.599266667],[132.41599,34.599478613],[132.416368885,34.599705559],[132.416666666,34.599804865],[132.416928612,34.599892225],[132.417129975,34.6],[132.417145551,34.600008334],[132.417188327,34.600040558],[132.418073891,34.600709162],[132.418381659,34.601001667],[132.418664162,34.60142056],[132.418881115,34.601677495],[132.419218885,34.601919721],[132.419803891,34.602247495],[132.41991,34.602398892],[132.420000829,34.602595558],[132.420041115,34.602822494],[132.420131946,34.602903333],[132.420328612,34.602989162],[132.420722218,34.603115279],[132.421166109,34.603190829],[132.421710558,34.603281667],[132.422023892,34.603296947],[132.422144994,34.603266667],[132.42226611,34.603165559],[132.422457782,34.603039721],[132.422752776,34.602960829],[132.423022775,34.602888613],[132.42325,34.602903614],[132.424228611,34.603075],[132.425,34.603146414],[132.425428885,34.603186107],[132.42575694,34.603206387],[132.425847782,34.603176108],[132.426518885,34.602572775],[132.426594449,34.602505],[132.427754994,34.601450829],[132.427911387,34.601203892],[132.428279728,34.60077],[132.428436109,34.600553054],[132.428627783,34.600623613],[132.429323891,34.600921387],[132.429535837,34.600991946],[132.429722503,34.600996946],[132.429843606,34.600976667],[132.429989728,34.600855559],[132.430191388,34.600668891],[132.430413333,34.600356946],[132.430464994,34.600244162],[132.430524449,34.600114722],[132.430543502,34.600000001],[132.430574721,34.599811945],[132.430579729,34.599474162],[132.43050166,34.599341108],[132.430357783,34.599095559],[132.430287224,34.598853613],[132.430297225,34.598621387],[132.430362776,34.598439722],[132.430408327,34.598041388],[132.430534449,34.597587495],[132.43066555,34.597284721],[132.430963334,34.597405829],[132.431205279,34.597511946],[132.431498054,34.597496667],[132.431826394,34.597466387],[132.431962776,34.597466387],[132.43232083,34.597405829],[132.432492503,34.597350559],[132.432628613,34.597133613],[132.43278,34.596982225],[132.432956394,34.596790829],[132.433052218,34.596709999],[132.433333333,34.596621054],[132.433845836,34.596458892],[132.433975279,34.596417775],[132.434242776,34.596236108],[132.434368885,34.596135279],[132.43469166,34.595837775],[132.434989441,34.595595558],[132.435170831,34.595292775],[132.435322217,34.594682495],[132.435483606,34.594435279],[132.435614994,34.594354721],[132.436315838,34.593875559],[132.436774994,34.593673613],[132.436796109,34.593660559],[132.437178612,34.593426387],[132.437491388,34.593174162],[132.437640557,34.592998612],[132.437744163,34.592876946],[132.438117497,34.592503613],[132.438546394,34.592186108],[132.438808612,34.59202472],[132.438944721,34.592004441],[132.439025279,34.59204],[132.439135837,34.592088891],[132.439287497,34.592155829],[132.439420558,34.592214162],[132.439852503,34.592403054],[132.441567782,34.593280279],[132.441642503,34.593323613],[132.441666666,34.593337613],[132.441820001,34.593426387],[132.442097224,34.593714162],[132.44230917,34.593925829],[132.442526109,34.594036946],[132.442707782,34.594107495],[132.443137223,34.594329441],[132.443343891,34.594475829],[132.443460001,34.594652494],[132.443490921,34.594708162],[132.443535551,34.594788614],[132.443808054,34.59491472],[132.444256939,34.594990279],[132.444372776,34.595061108],[132.444508885,34.595237494],[132.444564449,34.595404163],[132.444776393,34.595661388],[132.444968054,34.595787495],[132.445306109,34.595974161],[132.445502777,34.596135559],[132.44583083,34.596367495],[132.446103062,34.596534162],[132.446365551,34.596806667],[132.447011388,34.597668613],[132.447738054,34.598193333],[132.447980272,34.598445559],[132.448232503,34.598632225],[132.44849472,34.598697774],[132.448627782,34.598721667],[132.448888327,34.598768332],[132.44902445,34.598859161],[132.449372503,34.599313054],[132.449398885,34.599348332],[132.449710558,34.599762225],[132.449932503,34.599893334],[132.449999999,34.599916027],[132.450249754,34.600000001],[132.45041166,34.600054441],[132.450820559,34.600205829],[132.451072776,34.600392495],[132.45124917,34.600523613],[132.451804163,34.600831387],[132.452854163,34.601441387],[132.453277498,34.601562495],[132.453590272,34.601653333],[132.453867782,34.60183],[132.454064449,34.602051947],[132.454372217,34.602636946],[132.454458054,34.602884162],[132.454584162,34.603060829],[132.454644721,34.603151387],[132.454674449,34.603161387],[132.454796108,34.603201947],[132.455426667,34.603231946],[132.456652502,34.603242495],[132.457046109,34.603287775],[132.457217497,34.603348333],[132.457242777,34.603454162],[132.457240558,34.603474721],[132.457227781,34.60359528],[132.457146939,34.603681108],[132.456879728,34.603877775],[132.456657498,34.604099721],[132.45656166,34.60419528],[132.456521388,34.604402225],[132.456521388,34.604654441],[132.456571945,34.604795558],[132.456808885,34.605022495],[132.457081388,34.605229441],[132.457863606,34.605587495],[132.458105836,34.605804441],[132.458327782,34.606041387],[132.458333333,34.606044946],[132.45846917,34.606132225],[132.458832219,34.606349161],[132.459013892,34.606470279],[132.45915,34.606661946],[132.459160272,34.606798054],[132.459164449,34.606851387],[132.459170271,34.606924163],[132.459266109,34.60707556],[132.459396939,34.60717972],[132.459513333,34.607272225],[132.45966472,34.607373333],[132.459750558,34.607469162],[132.459967224,34.60810944],[132.460088327,34.608280829],[132.46015445,34.608333334],[132.460285279,34.608437225],[132.46045166,34.608513054],[132.460598054,34.608644163],[132.460699442,34.608806387],[132.460772502,34.608922775],[132.460844721,34.609038613],[132.460900558,34.609128054],[132.461127782,34.609360279],[132.46139,34.609617495],[132.461606939,34.609920279],[132.461657496,34.610192775],[132.461657497,34.610434721],[132.461613333,34.610781667],[132.46148,34.611324721],[132.461458054,34.61140444],[132.461406667,34.611591108],[132.461357224,34.611770278],[132.461367223,34.611883053],[132.461541659,34.612088054],[132.46185917,34.612364721],[132.462018054,34.612533892],[132.462166666,34.612646387],[132.462243606,34.612672225],[132.462463891,34.612656666],[132.462798327,34.612610559],[132.462982776,34.612646387],[132.463074993,34.612733612],[132.463198054,34.612928333],[132.463290272,34.61298972],[132.463561387,34.613081946],[132.463638328,34.613169163],[132.463761388,34.613322774],[132.464007224,34.613476667],[132.464186394,34.613573613],[132.464288886,34.613706946],[132.464357782,34.613775829],[132.464422218,34.61384],[132.464575279,34.61383],[132.464657782,34.613824721],[132.465067782,34.613670829],[132.465334162,34.613563334],[132.465687781,34.613599162],[132.465704721,34.613603334],[132.465722776,34.613607495],[132.465964449,34.613665829],[132.46626166,34.61366583],[132.466425552,34.613753054],[132.466666666,34.613805],[132.468256108,34.614147495],[132.468496939,34.614075829],[132.468681388,34.613983612],[132.468783891,34.613978333],[132.468843892,34.613981387],[132.469367782,34.614009163],[132.469726394,34.614049999],[132.470020558,34.614130279],[132.470450558,34.614247225],[132.470494995,34.614259441],[132.471243061,34.614490001],[132.471729729,34.614628333],[132.472421388,34.614766946],[132.472944163,34.614715559],[132.473601387,34.614531108],[132.473949729,34.614479999],[132.474251946,34.614464441],[132.474784721,34.614351667],[132.474953607,34.614275],[132.474999999,34.614252776],[132.475348054,34.614086108]]},"properties":{"city_code":"34106","city_name":"安佐北区","prefecture_code":"34","prefecture_name":"広島県"}},{"type":"Feature","geometry":{"type":"LineString","coordinates":[[132.519174162,34.356556946],[132.518343062,34.356286387],[132.516666666,34.355667441],[132.514174995,34.354747495],[132.513732219,34.354583892],[132.513586394,34.354530278],[132.512122217,34.35398972],[132.510735551,34.353517775],[132.510313891,34.353531946],[132.515554163,34.356142225],[132.516666666,34.356725053],[132.518393022,34.357537414],[132.518638444,34.357659495],[132.518703839,34.357693135],[132.518960725,34.357821838],[132.519063333,34.357213613],[132.519095837,34.357021946],[132.519174162,34.356556946]]},"properties":{"city_code":"34107","city_name":"安芸区","prefecture_code":"34","prefecture_name":"広島県"}},{"type":"Feature","geometry":{"type":"LineString","coordinates":[[132.518306939,34.361384999],[132.518387886,34.360927144],[132.518353061,34.36090136],[132.518333969,34.360887892],[132.518301362,34.360892495],[132.518274254,34.360906081],[132.518260752,34.36093092],[132.518244578,34.360960279],[132.518209222,34.360958107],[132.5181738,34.360937945],[132.518143839,34.360915468],[132.518119248,34.360886251],[132.518102802,34.360852495],[132.518089079,34.360825468],[132.518069974,34.360805251],[132.518040052,34.360796333],[132.518001997,34.360796441],[132.517961245,34.360801054],[132.517945058,34.360825892],[132.51793703,34.360855225],[132.517926252,34.360877802],[132.517912724,34.360898107],[132.517899247,34.360920694],[132.517891193,34.360950027],[132.517910311,34.360965749],[132.517940247,34.360979162],[132.517967498,34.360999388],[132.517997497,34.361019586],[132.518032866,34.361030748],[132.518068249,34.361039667],[132.518092775,34.36105764],[132.518111894,34.361080108],[132.518133722,34.361098081],[132.518150117,34.361118306],[132.5181638,34.361147586],[132.518193721,34.361174532],[132.518212775,34.361183495],[132.518245383,34.361183414],[132.518275331,34.36119008],[132.518299922,34.361221559],[132.51829725,34.361235108],[132.518253944,34.361280306],[132.518240467,34.361305135],[132.518243307,34.361332162],[132.518305785,34.361391542],[132.518306939,34.361384999]]},"properties":{"city_code":"34107","city_name":"安芸区","prefecture_code":"34","prefecture_name":"広島県"}},{"type":"Feature","geometry":{"type":"LineString","coordinates":[[132.51816,34.362213613],[132.51824402,34.361739856],[132.517958729,34.36206154],[132.51816,34.362213613]]},"properties":{"city_code":"34107","city_name":"安芸区","prefecture_code":"34","prefecture_name":"広島県"}},{"type":"Feature","geometry":{"type":"LineString","coordinates":[[132.519174162,34.356556946],[132.519381945,34.356636667],[132.521613333,34.357491387],[132.523281388,34.358088613],[132.523965032,34.358333333],[132.52402166,34.358353613],[132.52426166,34.35843972],[132.52433,34.358464161],[132.524784994,34.358627225],[132.524813333,34.358638892],[132.524999999,34.358716333],[132.525348885,34.358861108],[132.525591389,34.358961667],[132.527614163,34.359888892],[132.52813389,34.360127225],[132.529426109,34.359978892],[132.529649727,34.359953054],[132.530038327,34.359908613],[132.530533606,34.359851667],[132.531432776,34.359711388],[132.531698885,34.359669721],[132.532288327,34.359615278],[132.532977782,34.359551667],[132.533333333,34.359506558],[132.533676109,34.359463054],[132.534021388,34.359360279],[132.534116109,34.359332225],[132.534210273,34.359304162],[132.534964449,34.359079721],[132.535148053,34.359022775],[132.537373528,34.358333333],[132.538028053,34.358130559],[132.538118833,34.358333333],[132.538267276,34.358664919],[132.53828214,34.358739],[132.538275525,34.358790972],[132.538114189,34.359246586],[132.538299248,34.359603252],[132.538333476,34.359692919],[132.53838725,34.359994586],[132.538754967,34.360250613],[132.538869559,34.360349333],[132.539046525,34.360441225],[132.539158223,34.360504001],[132.539013087,34.360936279],[132.538978716,34.361068],[132.539024449,34.361188919],[132.539067497,34.361326387],[132.539154618,34.361506973],[132.539263943,34.361608386],[132.539459053,34.361777361],[132.539909858,34.362115333],[132.5403,34.362408892],[132.54104856,34.362764],[132.541576835,34.363040694],[132.541666667,34.362986829],[132.541711245,34.362960108],[132.542008029,34.362815748],[132.542431609,34.363204279],[132.542709105,34.363487199],[132.542596393,34.364341667],[132.542642503,34.364419162],[132.543048886,34.364420279],[132.543304449,34.364666108],[132.543406939,34.364736108],[132.543491388,34.364793892],[132.543589728,34.364793892],[132.543776667,34.364744721],[132.543973333,34.364616946],[132.54418,34.364331946],[132.544359274,34.364007198],[132.544386394,34.363958055],[132.544593061,34.363387495],[132.54478,34.363043333],[132.545340558,34.362502496],[132.545763606,34.362099441],[132.546107782,34.361883054],[132.54627,34.361573054],[132.54632917,34.361415829],[132.54628,34.361238613],[132.545827496,34.360786386],[132.54568,34.360658613],[132.545542218,34.360580001],[132.545424163,34.360491387],[132.545376939,34.360366387],[132.545286393,34.360127494],[132.545247224,34.360019162],[132.545227497,34.359861946],[132.546147224,34.358381667],[132.546279169,34.358333333],[132.546442217,34.358273614],[132.546747224,34.358312776],[132.546870272,34.358333333],[132.546983332,34.358352225],[132.547016031,34.358333333],[132.547238613,34.35820472],[132.547553332,34.357703054],[132.54772083,34.357585],[132.548045279,34.357614441],[132.54831083,34.357624442],[132.548507497,34.357486946],[132.548704449,34.35726056],[132.54892083,34.356808333],[132.548851388,34.356446666],[132.548827224,34.356321387],[132.548876394,34.356154162],[132.549250272,34.355711667],[132.549434721,34.355466108],[132.549604449,34.355239721],[132.549801116,34.354865829],[132.549789637,34.354734414],[132.549781388,34.354639721],[132.54975917,34.35454944],[132.549658328,34.354143054],[132.549717497,34.353956108],[132.549874721,34.353808613],[132.55,34.353706775],[132.550031946,34.353680829],[132.550166667,34.353503892],[132.550189442,34.353474162],[132.550277783,34.353218613],[132.550307497,34.352756108],[132.550326939,34.352618614],[132.550513891,34.352068054],[132.550828612,34.351812225],[132.551482776,34.351453054],[132.55160083,34.35132528],[132.551728612,34.351128613],[132.551846667,34.350961387],[132.551944994,34.350794441],[132.552122218,34.350587775],[132.55225,34.35043056],[132.552318885,34.350223892],[132.552350195,34.349999999],[132.552378055,34.349800829],[132.552481114,34.349540279],[132.552579443,34.349402495],[132.552579443,34.349215559],[132.552569728,34.349048332],[132.552491115,34.348822495],[132.552406939,34.348701387],[132.552333606,34.348596387],[132.552333606,34.348409441],[132.55260917,34.347966666],[132.552647951,34.347927891],[132.552835279,34.347740559],[132.553130271,34.347583054],[132.553213606,34.347491108],[132.553317224,34.347376667],[132.553592775,34.347022776],[132.553636939,34.346644162],[132.553666394,34.346417776],[132.553764721,34.346073613],[132.553912503,34.345660279],[132.553954721,34.345580279],[132.554148054,34.345218053],[132.554226939,34.344991946],[132.554266109,34.344745829],[132.554236667,34.344529441],[132.554217224,34.344323054],[132.554354721,34.344126108],[132.554271388,34.344023054],[132.554113891,34.343875279],[132.553878054,34.343658892],[132.553720558,34.343481945],[132.553504163,34.343206387],[132.553395837,34.342950829],[132.553278054,34.342832775],[132.55315,34.342714721],[132.552943606,34.342616387],[132.552501115,34.342468892],[132.552373333,34.342380279],[132.552215837,34.342252495],[132.552176667,34.34211472],[132.552225837,34.341839162],[132.552273774,34.341666666],[132.552274994,34.341662225],[132.552225837,34.341426108],[132.552075279,34.341216947],[132.551999442,34.341111667],[132.551886394,34.340998613],[132.551807781,34.340791946],[132.551778054,34.34056583],[132.551699442,34.340408333],[132.551542218,34.340182225],[132.551384721,34.339798613],[132.551364994,34.339660829],[132.551335551,34.339365829],[132.551384721,34.339021388],[132.551345551,34.338647775],[132.55129166,34.338396946],[132.551242503,34.338259162],[132.551193061,34.338131387],[132.551222777,34.337757494],[132.551222776,34.337324999],[132.551212776,34.336833053],[132.551212219,34.336585279],[132.551307225,34.336250828],[132.551297497,34.336052225],[132.551287782,34.335855001],[132.55118166,34.33544],[132.551191388,34.334986386],[132.551210558,34.334803054],[132.551316667,34.334446108],[132.551432503,34.334243333],[132.551751116,34.334098892],[132.552069442,34.333934721],[132.552272218,34.333780279],[132.552368612,34.333461945],[132.552368612,34.333333333],[132.552368613,34.332998613],[132.552233606,34.332631946],[132.551847496,34.33185],[132.551736394,34.331581387],[132.551731661,34.331570279],[132.551741389,34.331473614],[132.551799443,34.331367495],[132.552281946,34.331222775],[132.552494163,34.331106946],[132.552619729,34.330875279],[132.552658612,34.330613613],[132.552696938,34.330354441],[132.552774162,34.329707775],[132.552803062,34.329509721],[132.55290917,34.329374441],[132.553198612,34.32922],[132.553517224,34.329036667],[132.553661946,34.328872775],[132.553758611,34.328467226],[132.553795551,34.328262225],[132.553903334,34.327666387],[132.553941946,34.327203054],[132.55399,34.327038893],[132.554134995,34.326788334],[132.554376109,34.326566387],[132.554482218,34.326373333],[132.55455,34.326016108],[132.554549999,34.325601107],[132.554598055,34.325340559],[132.554771946,34.325099441],[132.555016589,34.325],[132.555080831,34.324973891],[132.555563061,34.324877495],[132.555891115,34.324693893],[132.556161388,34.324433334],[132.556470272,34.32370972],[132.556595551,34.323256108],[132.556664449,34.322855559],[132.55653917,34.322671945],[132.556427497,34.322390829],[132.556288054,34.32204],[132.556220558,34.321654162],[132.556191947,34.321239162],[132.556288327,34.320959163],[132.556336667,34.320756667],[132.556288328,34.320303054],[132.556307783,34.319695],[132.556375279,34.319019441],[132.55643611,34.318371107],[132.556431947,34.318026387],[132.556272892,34.318113387],[132.556128911,34.318069748],[132.555958781,34.317895136],[132.55583445,34.317775109],[132.555736303,34.317775108],[132.555492555,34.317873333],[132.555423839,34.317886198],[132.555363307,34.317775108],[132.555299494,34.317524136],[132.55519808,34.317406828],[132.555462309,34.316666667],[132.55561197,34.316247441],[132.555420001,34.316047224],[132.555313891,34.315825279],[132.555313891,34.315661386],[132.555371946,34.315516666],[132.555497225,34.315419999],[132.55559389,34.315371946],[132.555632503,34.315294722],[132.555584163,34.315169162],[132.55555528,34.315029162],[132.555622776,34.314951946],[132.555757782,34.314816946],[132.555834994,34.314643054],[132.555883062,34.314336946],[132.555883333,34.314334441],[132.555913891,34.314194162],[132.55593166,34.314112225],[132.556095837,34.313909721],[132.556114994,34.313765],[132.556172776,34.313716666],[132.556385279,34.313658613],[132.55651083,34.313591108],[132.556607224,34.313513892],[132.556616939,34.313398332],[132.55653,34.313321108],[132.556298326,34.313253613],[132.55593166,34.313195829],[132.555611946,34.313101946],[132.555439728,34.313051108],[132.554957223,34.312944721],[132.554464994,34.312848333],[132.553905279,34.31278083],[132.553046394,34.312790279],[132.552448055,34.312877225],[132.552052503,34.312838612],[132.551493502,34.312751442],[132.551309728,34.312722776],[132.550817496,34.312665],[132.550441115,34.312713054],[132.55009389,34.312867495],[132.55,34.312950892],[132.54992,34.313021945],[132.549717497,34.313186108],[132.549292777,34.313427495],[132.548924449,34.313456386],[132.548596394,34.313466108],[132.548162218,34.313427495],[132.547689442,34.313456386],[132.547512503,34.313485279],[132.547216394,34.313533613],[132.546888327,34.313688053],[132.546656667,34.313938613],[132.546405837,34.314025559],[132.545942504,34.314083333],[132.545662776,34.314035],[132.545363606,34.313909721],[132.545131946,34.313784162],[132.544948612,34.31373583],[132.544765279,34.31373583],[132.544543334,34.313793892],[132.544321388,34.313938613],[132.544118612,34.314112225],[132.543916109,34.314208891],[132.543414449,34.314218614],[132.542951115,34.314208892],[132.54266166,34.314247495],[132.54241083,34.31433444],[132.542198327,34.314527225],[132.541947497,34.314691387],[132.541783333,34.314720279],[132.541666666,34.314738],[132.541464994,34.314768613],[132.541136667,34.314903614],[132.5405,34.315251108],[132.539784164,34.315728892],[132.539514163,34.315844441],[132.539466057,34.31584664],[132.53930166,34.315854161],[132.539079728,34.315825],[132.538684163,34.315728613],[132.538172776,34.315564722],[132.537796394,34.315371946],[132.537739443,34.31532944],[132.537487497,34.315140279],[132.537043606,34.314937495],[132.536435838,34.314749162],[132.536223607,34.314956946],[132.536098053,34.315256108],[132.536094995,34.315261108],[132.535991946,34.315429441],[132.535798885,34.315583892],[132.535615551,34.315651387],[132.535403333,34.315680279],[132.535123333,34.315699721],[132.535112944,34.315702919],[132.534997782,34.315738333],[132.534795279,34.315834721],[132.534611946,34.316018054],[132.534534721,34.316163054],[132.534438053,34.316230559],[132.533907225,34.316355829],[132.533608328,34.316442775],[132.533560272,34.316491108],[132.533569727,34.316645559],[132.533576199,34.316666667],[132.533685279,34.317021946],[132.533333332,34.317083532],[132.533299441,34.317089441],[132.533096939,34.317176388],[132.532971387,34.317272775],[132.53296166,34.317427225],[132.53299083,34.317600829],[132.533125837,34.317774721],[132.533154721,34.317909721],[132.533106666,34.318015829],[132.532942502,34.318073892],[132.532749442,34.318238054],[132.532701115,34.318392225],[132.53271083,34.318537226],[132.532807224,34.318691108],[132.533251114,34.319009721],[132.533333333,34.319088441],[132.533342777,34.319097494],[132.533463333,34.319212494],[132.533752775,34.319540559],[132.533936394,34.319878333],[132.533965279,34.320119721],[132.533955551,34.320447774],[132.533888054,34.320602225],[132.533781946,34.320727495],[132.533598327,34.320862775],[132.533344112,34.320890973],[132.533333333,34.320894468],[132.533116887,34.320964694],[132.532969364,34.321025559],[132.532890169,34.321061802],[132.532762827,34.321143387],[132.532752503,34.321410559],[132.532739442,34.321470829],[132.53271934,34.321781721],[132.532652777,34.321914441],[132.532546394,34.322184721],[132.532543476,34.322260973],[132.532576473,34.322373468],[132.532604423,34.322593586],[132.532633333,34.322787775],[132.532797497,34.323145],[132.532835836,34.323395109],[132.532835837,34.323659252],[132.532826498,34.323797803],[132.532731777,34.324157748],[132.532654136,34.324301495],[132.532613748,34.324407667],[132.532548054,34.324741667],[132.532472944,34.325],[132.532470506,34.325008441],[132.532305279,34.325576666],[132.532285837,34.325750559],[132.532258366,34.325785614],[132.531897302,34.326137531],[132.531831193,34.326209613],[132.531780362,34.326296531],[132.531760001,34.32640464],[132.531793061,34.326646333],[132.531874384,34.327053306],[132.531874385,34.327271667],[132.531862996,34.327406947],[132.531767951,34.327816749],[132.53170358,34.328040306],[132.53146978,34.328982108],[132.531349248,34.329648802],[132.530993606,34.330085559],[132.530944163,34.330146387],[132.530660273,34.330611387],[132.530345837,34.331101387],[132.530355279,34.3317],[132.530268612,34.332539441],[132.530193891,34.333061666],[132.530155187,34.333333333],[132.53015406,34.333341387],[132.530152776,34.333350278],[132.530085279,34.333678332],[132.530016109,34.333822775],[132.529890558,34.333958054],[132.529697497,34.334054441],[132.529398326,34.334035278],[132.529263333,34.333986946],[132.529108886,34.333967495],[132.528404449,34.334044721],[132.528095837,34.334102775],[132.527902776,34.334151108],[132.527825551,34.334257225],[132.527796393,34.334421108],[132.527815837,34.334595],[132.527873606,34.334894162],[132.527941388,34.335251108],[132.52793166,34.335386387],[132.527796393,34.335531108],[132.527410558,34.335704721],[132.526435838,34.336110279],[132.526261947,34.336216108],[132.52614611,34.336346387],[132.526088054,34.336457775],[132.526066394,34.336584721],[132.526230272,34.337003613],[132.526230273,34.337253333],[132.526074164,34.337456388],[132.525636667,34.337893892],[132.525464995,34.338175001],[132.525418054,34.338549441],[132.525464994,34.338846108],[132.525449442,34.339236667],[132.525522217,34.339454722],[132.52559,34.339658333],[132.525496108,34.339767776],[132.525183891,34.339986387],[132.524999999,34.340139559],[132.524902775,34.340220559],[132.524590272,34.340735559],[132.524543606,34.341016667],[132.524387224,34.341141667],[132.524246667,34.341180829],[132.523778327,34.341243334],[132.523403605,34.341336945],[132.523091388,34.341618054],[132.523055695,34.341666666],[132.522919443,34.341852225],[132.522856939,34.342102225],[132.522841389,34.342320829],[132.522841388,34.342601667],[132.522622776,34.343226387],[132.522513333,34.343491946],[132.521998054,34.343960559],[132.521942504,34.344029999],[132.521873061,34.344116667],[132.521810558,34.344600829],[132.521779442,34.345014441],[132.521654449,34.345607775],[132.521545279,34.346466945],[132.521498328,34.346903892],[132.521498054,34.347481667],[132.521216939,34.347825279],[132.520966938,34.348434441],[132.520838326,34.349026],[132.52081083,34.349152495],[132.520805837,34.349202775],[132.520779728,34.349456946],[132.520656394,34.349715829],[132.52052083,34.35],[132.520295551,34.350472225],[132.520103995,34.351149134],[132.519846497,34.352247414],[132.519673476,34.352518306],[132.519503528,34.352439865],[132.519389689,34.352387694],[132.518406421,34.353722919],[132.519019339,34.353992495],[132.519196693,34.354064252],[132.520112502,34.354499999],[132.520195837,34.354537775],[132.520545279,34.354696387],[132.520414994,34.354856387],[132.520342219,34.354946108],[132.519347224,34.356318053],[132.51919083,34.356534162],[132.519174162,34.356556946]]},"properties":{"city_code":"34107","city_name":"安芸区","prefecture_code":"34","prefecture_name":"広島県"}},{"type":"Feature","geometry":{"type":"LineString","coordinates":[[132.51816,34.362213613],[132.518155837,34.36223444],[132.518024163,34.362902495],[132.517852503,34.363773333],[132.517847652,34.363801712],[132.517959781,34.363887387],[132.517970467,34.36389636],[132.518530973,34.36432372],[132.5185593,34.364315802],[132.518620896,34.364298027],[132.51904192,34.364163667],[132.519135136,34.364381108],[132.518627524,34.364564414],[132.518636641,34.364580801],[132.518661609,34.364626081],[132.518674189,34.364648946],[132.519107056,34.364500027],[132.519133696,34.364557748],[132.519076743,34.364585135],[132.518954669,34.364640828],[132.519193307,34.365084081],[132.51879642,34.365224414],[132.518586745,34.364824108],[132.51857175,34.364793225],[132.518571634,34.364767973],[132.518578807,34.364690892],[132.518540778,34.364613802],[132.51853144,34.364595892],[132.518413891,34.364643026],[132.518318249,34.364677027],[132.518207756,34.364745495],[132.518142672,34.364776333],[132.518094811,34.3648],[132.517909533,34.364895468],[132.517892413,34.364914082],[132.517881712,34.364927018],[132.517593645,34.365104279],[132.517344162,34.366224441],[132.517235772,34.366666667],[132.517088612,34.367267225],[132.517080272,34.367276108],[132.516866109,34.367508613],[132.516666667,34.367724829],[132.51651306,34.367891387],[132.51604083,34.368599721],[132.51584083,34.369005279],[132.51548528,34.36972583],[132.51527083,34.370359721],[132.515258885,34.37039472],[132.515160557,34.370984721],[132.515143062,34.371189441],[132.515134721,34.371288055],[132.515131115,34.371329163],[132.515141946,34.371390279],[132.515180271,34.371604441],[132.515258885,34.371830829],[132.51539166,34.372071667],[132.515434163,34.372143613],[132.515519728,34.372288053],[132.515696667,34.372474721],[132.515922503,34.372710829],[132.516235551,34.373030559],[132.516264163,34.373059441],[132.516394721,34.373192775],[132.51639472,34.373428892],[132.516316109,34.374235279],[132.516274163,34.374574162],[132.516264163,34.374655829],[132.516221752,34.374999999],[132.516217782,34.375032225],[132.516211115,34.37507472],[132.516193891,34.375181668],[132.516109442,34.375710558],[132.516045837,34.375787225],[132.515966939,34.375882775],[132.515903062,34.376704162],[132.515598055,34.376723614],[132.515173891,34.376835559],[132.515037498,34.376871388],[132.51492917,34.376989162],[132.514929171,34.377077775],[132.514958612,34.377550001],[132.514899728,34.378021946],[132.51492083,34.378106667],[132.514958612,34.378257775],[132.515160272,34.378361108],[132.515583334,34.378803892],[132.51606528,34.379325279],[132.51629166,34.37945],[132.516350558,34.379482495],[132.516655279,34.379649721],[132.516666667,34.379661586],[132.516901116,34.379905559],[132.517304449,34.380121946],[132.517379728,34.380176667],[132.517673333,34.380390279],[132.517677782,34.380393333],[132.517833607,34.380506947],[132.517904994,34.380558891],[132.518046394,34.380661387],[132.518093061,34.380695559],[132.518165837,34.380748333],[132.518278054,34.38083],[132.518293061,34.381070829],[132.518387225,34.381582776],[132.51841083,34.381710278],[132.518430973,34.38189472],[132.518517173,34.382159892],[132.518528664,34.382286586],[132.518519831,34.382465946],[132.518489222,34.382734775],[132.518365499,34.382903613],[132.518173476,34.383176775],[132.518499805,34.383333333],[132.518508145,34.383337333],[132.518511751,34.383333333],[132.518769467,34.383046802],[132.518979222,34.383072721],[132.519231946,34.383092225],[132.519763062,34.383072495],[132.519989442,34.383111946],[132.520471388,34.38318083],[132.520766394,34.38322],[132.520874721,34.383279162],[132.520931337,34.383333333],[132.52110083,34.383495559],[132.521415278,34.383810279],[132.521882503,34.384355829],[132.522282826,34.384651973],[132.522374449,34.384719721],[132.522738327,34.384877225],[132.522994162,34.385300279],[132.523200557,34.385615],[132.52328917,34.385949441],[132.523318611,34.38622472],[132.523426939,34.386578892],[132.523515551,34.386824721],[132.523599169,34.386888613],[132.523795551,34.387006667],[132.524139728,34.387164162],[132.524415279,34.387222775],[132.524680831,34.387311387],[132.524808612,34.387409721],[132.524999999,34.387577865],[132.525133333,34.387695],[132.525339729,34.387773613],[132.525648328,34.387798053],[132.526087497,34.387832775],[132.526677224,34.387763892],[132.526834721,34.387803333],[132.526982218,34.38798028],[132.527080558,34.388068892],[132.527296939,34.388245829],[132.527749442,34.388413055],[132.527858885,34.388847775],[132.527901946,34.389018055],[132.527793606,34.389391667],[132.527793606,34.389519721],[132.527783891,34.390080278],[132.52775917,34.390665279],[132.527818327,34.391009441],[132.527938885,34.391121667],[132.527941945,34.39112472],[132.528042218,34.391218055],[132.528103606,34.391275279],[132.528162503,34.391363613],[132.528329728,34.391609721],[132.528373672,34.391666667],[132.528496668,34.391826108],[132.528619728,34.392214441],[132.528629443,34.392352225],[132.52855083,34.392647225],[132.528363891,34.393050559],[132.528304994,34.393335829],[132.528344163,34.393493333],[132.528423062,34.393611387],[132.528580272,34.393768333],[132.528796667,34.393906108],[132.529081946,34.394063612],[132.529298327,34.394220829],[132.529563891,34.394663613],[132.529573333,34.394810279],[132.529578612,34.394894721],[132.529608327,34.395042225],[132.529676939,34.395189721],[132.529804994,34.395298054],[132.529923062,34.395445558],[132.529981946,34.395602776],[132.530090272,34.395888053],[132.530326394,34.396055279],[132.530522776,34.396104441],[132.530709728,34.396222494],[132.530824163,34.396308892],[132.531073606,34.396497775],[132.53123083,34.396655],[132.531309728,34.396950279],[132.531250557,34.397136946],[132.530984994,34.397353333],[132.530758884,34.397520558],[132.53063083,34.397697775],[132.530596394,34.397928892],[132.530380001,34.398174721],[132.53033083,34.398538613],[132.530358495,34.39865944],[132.530409729,34.398883054],[132.530488327,34.399187775],[132.530566939,34.399374441],[132.530704721,34.399610559],[132.530901388,34.399758054],[132.531137497,34.399886108],[132.531514578,34.4],[132.531560557,34.400013892],[132.531963606,34.400004161],[132.532160558,34.400053333],[132.53223917,34.400318892],[132.532288326,34.400505829],[132.532504721,34.400692494],[132.532686393,34.400992495],[132.532784721,34.401199162],[132.532922502,34.401710279],[132.532954449,34.401899162],[132.532960273,34.401933892],[132.533040558,34.402408893],[132.533040558,34.402635],[132.532961946,34.402880829],[132.532701115,34.403662775],[132.532435551,34.404174441],[132.53222917,34.404508892],[132.53222917,34.404646668],[132.532302776,34.404838053],[132.532538885,34.405152775],[132.532764995,34.405516667],[132.533089728,34.40592],[132.533099443,34.406067495],[132.533109442,34.40621528],[132.533050272,34.406352774],[132.533011115,34.406480829],[132.533006108,34.406662775],[132.533320831,34.407085559],[132.533333333,34.407114721],[132.533409442,34.407292225],[132.533458612,34.407449721],[132.533488054,34.407675559],[132.53363555,34.407872225],[132.533842217,34.407970559],[132.534048612,34.408059161],[132.534353333,34.408147775],[132.534481388,34.408285279],[132.534513385,34.408333333],[132.534658327,34.408551108],[132.534736939,34.408767495],[132.534697782,34.408944441],[132.534638612,34.40922],[132.534658327,34.409337774],[132.534766667,34.409475559],[132.535164994,34.409706667],[132.535263332,34.409765828],[132.535279728,34.409807225],[132.535322218,34.409913333],[132.535361661,34.41012],[132.535430558,34.410346108],[132.535558327,34.410493334],[132.535632218,34.410528054],[132.535873062,34.41064083],[132.536738327,34.410985279],[132.536905552,34.411034442],[132.537092503,34.411063892],[132.537677782,34.411294999],[132.537835279,34.411413054],[132.53810083,34.411668892],[132.538218886,34.411757226],[132.538376109,34.411816388],[132.53864166,34.411895],[132.538828613,34.412091667],[132.538858054,34.412209721],[132.538860831,34.412234721],[132.538897497,34.412573892],[132.539025279,34.412967226],[132.538926938,34.413173892],[132.538917224,34.413331108],[132.538966394,34.413518054],[132.539157782,34.413935829],[132.539177497,34.414053892],[132.539187498,34.414378333],[132.539187498,34.414624441],[132.539246394,34.414850558],[132.539324994,34.415027775],[132.539541388,34.415204721],[132.53968917,34.415401387],[132.539708613,34.415745829],[132.539698885,34.416188333],[132.539777497,34.416404442],[132.539974164,34.416611108],[132.540026977,34.416666666],[132.540161115,34.416807774],[132.540217224,34.416889721],[132.540289169,34.416994722],[132.540397224,34.417191387],[132.540574449,34.417535559],[132.540716939,34.417668333],[132.540916668,34.417860279],[132.541181947,34.418007776],[132.541447498,34.418165279],[132.541666666,34.418232613],[132.541703333,34.418243892],[132.542008054,34.418233892],[132.542303333,34.418125829],[132.542667225,34.418056946],[132.542952502,34.418155279],[132.543173606,34.418360559],[132.543227782,34.418411108],[132.543444163,34.418843892],[132.543542776,34.419010829],[132.543729442,34.419236946],[132.543936109,34.419453333],[132.54419166,34.419650279],[132.544361114,34.419798332],[132.544455279,34.419908892],[132.544588327,34.420116387],[132.544750831,34.420302225],[132.54490694,34.420484721],[132.544996393,34.420634162],[132.545052776,34.420760279],[132.54514917,34.420879721],[132.545324994,34.420985829],[132.54547445,34.421035829],[132.545676939,34.421181667],[132.545812776,34.421337775],[132.546229442,34.421833333],[132.546305279,34.421969441],[132.54640166,34.422095559],[132.546507782,34.422188613],[132.547098613,34.422441108],[132.547407497,34.422567225],[132.548449728,34.422933613],[132.549022776,34.423062775],[132.549166109,34.423095],[132.549268885,34.423148054],[132.549431661,34.423227775],[132.549516667,34.423254441],[132.549618327,34.423254441],[132.549713892,34.423243333],[132.55,34.423262613],[132.55005611,34.423266387],[132.550208885,34.423309441],[132.550477783,34.42337583],[132.550829442,34.423425559],[132.551111659,34.423481946],[132.551237497,34.423554999],[132.551436394,34.423694442],[132.55169528,34.423843613],[132.551970829,34.424009442],[132.55216,34.424122226],[132.552357782,34.424201107],[132.552575279,34.424217774],[132.552707225,34.424267775],[132.552933061,34.424416946],[132.553274721,34.424656108],[132.553549999,34.424881667],[132.553673087,34.424999999],[132.553722503,34.425047495],[132.553920558,34.425275],[132.554056667,34.425484162],[132.554242503,34.425666667],[132.55438594,34.425792694],[132.554404994,34.425809441],[132.554531389,34.425985279],[132.554617497,34.426287226],[132.554668884,34.426679441],[132.554682503,34.42691028],[132.554741946,34.427141387],[132.55481166,34.427343613],[132.554974163,34.427632495],[132.555156667,34.427808053],[132.555332502,34.42789444],[132.555587781,34.427957495],[132.555763062,34.428025829],[132.555776109,34.428027225],[132.555817224,34.428031387],[132.555837497,34.428048333],[132.555973332,34.428066386],[132.556029169,34.428073613],[132.55622166,34.428060279],[132.556327224,34.428031387],[132.556490558,34.428008892],[132.55658555,34.428008892],[132.556821946,34.427970829],[132.556882503,34.427946667],[132.557014449,34.427894441],[132.557211115,34.42780083],[132.557664721,34.427648892],[132.55785083,34.427618892],[132.557950272,34.427642225],[132.558121946,34.427671108],[132.55821,34.427687775],[132.558333332,34.427695667],[132.558383606,34.427698892],[132.558592218,34.427685559],[132.559039441,34.427637495],[132.559714163,34.427645829],[132.559886667,34.427708892],[132.559958612,34.427761666],[132.560036109,34.427818333],[132.560120272,34.427952775],[132.560152218,34.428078054],[132.560165279,34.428180829],[132.560221946,34.428223892],[132.560520557,34.42835],[132.560772776,34.428449721],[132.560984721,34.428542495],[132.561266939,34.428705279],[132.561771388,34.428954163],[132.561993891,34.429060279],[132.562093256,34.429091441],[132.562163062,34.429113333],[132.562385279,34.429076946],[132.56260083,34.429022775],[132.562954449,34.428977775],[132.563251116,34.428967776],[132.563579729,34.428928054],[132.563831388,34.428881946],[132.56415389,34.428825],[132.564379442,34.428825],[132.564555279,34.428868054],[132.564708053,34.428928054],[132.565465642,34.429300495],[132.565693332,34.429412496],[132.566254163,34.429628892],[132.566426109,34.429658613],[132.566443606,34.429662775],[132.566666668,34.429715162],[132.566728612,34.429729722],[132.566830558,34.429765],[132.566923061,34.429796946],[132.567023891,34.429871666],[132.567091115,34.429972495],[132.567158327,34.430080829],[132.567206939,34.430260279],[132.567206939,34.430398613],[132.567240558,34.430529441],[132.567326667,34.430626667],[132.567464994,34.430708892],[132.567636667,34.430746108],[132.567823333,34.430746108],[132.56806672,34.430710974],[132.568081114,34.430708893],[132.56829,34.430707495],[132.56841389,34.430725559],[132.56851083,34.430796388],[132.56867166,34.430934721],[132.568862218,34.431103053],[132.569164994,34.431469162],[132.569284449,34.431603613],[132.569404163,34.431663333],[132.569504994,34.431689442],[132.56972917,34.431704721],[132.56989,34.431719441],[132.57011,34.43179444],[132.570356667,34.43186528],[132.570644448,34.431999721],[132.570853891,34.432122775],[132.57094083,34.432228333],[132.57100917,34.432442225],[132.571049728,34.432538054],[132.571113333,34.432653054],[132.571266667,34.432813892],[132.57139,34.432925829],[132.571434721,34.433011947],[132.571437224,34.433152226],[132.571382244,34.433333333],[132.571378885,34.433344441],[132.571386109,34.433508892],[132.571434721,34.433665829],[132.571553061,34.433912495],[132.571559441,34.433935],[132.571566667,34.434109721],[132.571525551,34.434363334],[132.571505837,34.434601386],[132.571502218,34.434889162],[132.571539441,34.435101946],[132.57157306,34.435262775],[132.571647782,34.435400829],[132.571741387,34.435513053],[132.571886939,34.435636387],[132.572006667,34.435737225],[132.572083061,34.435827224],[132.572137223,34.436007776],[132.572144449,34.436098053],[132.572220273,34.436353054],[132.572347225,34.436607225],[132.572466667,34.436782775],[132.572653606,34.436988333],[132.572784448,34.437205279],[132.572814163,34.437339721],[132.572844163,34.437500559],[132.572926394,34.437593893],[132.573113061,34.437693613],[132.573441945,34.437846947],[132.573565279,34.437944162],[132.573621389,34.438037495],[132.573651116,34.438168333],[132.573666109,34.438314162],[132.573763333,34.438448613],[132.574032503,34.438650279],[132.574326109,34.438790559],[132.574434721,34.438813054],[132.574482217,34.438824442],[132.574850559,34.438833614],[132.574999999,34.438874081],[132.57503,34.438882226],[132.575168326,34.438975559],[132.575318327,34.439246667],[132.575386395,34.439370829],[132.57544083,34.439522774],[132.575433891,34.439691667],[132.575395279,34.439846946],[132.575398885,34.439962775],[132.575484994,34.440056388],[132.575634448,34.440112225],[132.575794994,34.440205829],[132.575873607,34.440288053],[132.575925837,34.440396387],[132.575955837,34.440508333],[132.57599306,34.440661667],[132.57605306,34.440788612],[132.576224994,34.440986667],[132.576352776,34.441179721],[132.576690079,34.441666666],[132.576764163,34.441773613],[132.576820558,34.441905279],[132.576820559,34.442096946],[132.576799728,34.442237775],[132.576786667,34.442353612],[132.576816394,34.442433333],[132.577042217,34.442526108],[132.577513333,34.442678892],[132.578041114,34.442841108],[132.578190272,34.442894441],[132.578216939,34.442916667],[132.578237497,34.442933893],[132.578333061,34.443013893],[132.578429442,34.443133333],[132.578581946,34.443392225],[132.578678328,34.443478333],[132.578794449,34.443544721],[132.579076939,34.443634721],[132.579545837,34.44377],[132.580190559,34.443975279],[132.580500829,34.444102225],[132.580758612,34.444229441],[132.58094166,34.444393892],[132.581042503,34.444520829],[132.581095837,34.444699162],[132.581124721,34.444924441],[132.581206939,34.445088892],[132.581352776,34.445399163],[132.581427498,34.445503613],[132.581524449,34.44555],[132.58183,34.445578332],[132.58200917,34.445611946],[132.582214721,34.445697775],[132.582345551,34.445761387],[132.582461387,34.445866108],[132.582547497,34.445993054],[132.582734163,34.446206108],[132.582842776,34.446288333],[132.582951115,34.446347776],[132.583130558,34.446445],[132.583333332,34.446551027],[132.583373333,34.446571946],[132.583803061,34.446844721],[132.583896393,34.446949441],[132.583982503,34.447128892],[132.584101947,34.447349441],[132.58416166,34.447468892],[132.58424,34.447517495],[132.584322218,34.447536108],[132.584389728,34.447588333],[132.58447166,34.447651946],[132.584608327,34.447865],[132.58471306,34.447917495],[132.584821388,34.447939721],[132.584963606,34.447943892],[132.585822775,34.447902495],[132.585946108,34.447872495],[132.58605445,34.447827775],[132.586226394,34.447753054],[132.586265279,34.447734441],[132.586532776,34.447607225],[132.586835551,34.447476387],[132.586951388,34.447439162],[132.58714555,34.447405559],[132.587227782,34.447427775],[132.587332219,34.447472775],[132.58744083,34.447532495],[132.587810831,34.447812775],[132.588393891,34.448253892],[132.588479728,34.448377226],[132.588579729,34.448552225],[132.588688886,34.448721108],[132.588778613,34.44882583],[132.58894306,34.449035],[132.589245837,34.449337775],[132.589328054,34.449498332],[132.589358053,34.449614162],[132.589447497,34.449767495],[132.589570558,34.449875829],[132.589708053,34.449949441],[132.589837082,34.449999999],[132.589985278,34.450058055],[132.590698885,34.45028972],[132.591513607,34.450536387],[132.591618328,34.450573892],[132.591666668,34.450606496],[132.591756667,34.450667225],[132.591935837,34.450846667],[132.592055551,34.450943613],[132.592216109,34.451037225],[132.592358053,34.451093333],[132.592496109,34.451119441],[132.592656939,34.451175559],[132.592858611,34.451272495],[132.593191388,34.451477774],[132.593443607,34.451657496],[132.593718054,34.451898333],[132.593772777,34.451994162],[132.593847224,34.452174441],[132.593936939,34.452434721],[132.594037782,34.452528333],[132.594176109,34.452603054],[132.594344449,34.452687225],[132.594378055,34.452703893],[132.594579728,34.452801108],[132.594848885,34.452954162],[132.59503166,34.453066388],[132.595222218,34.45323083],[132.59537555,34.453451387],[132.595485279,34.453650279],[132.59564917,34.453943892],[132.595809999,34.454168054],[132.595918327,34.454283892],[132.596064163,34.454384721],[132.59631445,34.454556667],[132.596617224,34.454661387],[132.596923605,34.454784721],[132.597289442,34.454926667],[132.597528885,34.454982775],[132.597685837,34.455057495],[132.597823891,34.455154441],[132.597954721,34.455285279],[132.598115552,34.455471946],[132.598335837,34.455711109],[132.598507224,34.455952495],[132.59864917,34.456071946],[132.598873333,34.456232775],[132.599474994,34.456561667],[132.59982611,34.456740829],[132.6,34.456837333],[132.600068885,34.456875558],[132.600229727,34.456987495],[132.600390272,34.457133333],[132.600521115,34.457282775],[132.600712217,34.457290279],[132.60075083,34.457288333],[132.600857782,34.457282775],[132.601041115,34.457226946],[132.601302503,34.457081108],[132.601485837,34.456942775],[132.601683891,34.456770829],[132.601859443,34.456669999],[132.602158328,34.456580559],[132.602624449,34.45641472],[132.602710272,34.456392495],[132.602848612,34.456358891],[132.602923139,34.456321333],[132.603005279,34.456257775],[132.603102503,34.456141945],[132.603233061,34.456],[132.603363891,34.455906667],[132.603446109,34.455843054],[132.603533333,34.455824441],[132.603669442,34.455830279],[132.605658612,34.456119441],[132.605804449,34.456136108],[132.605942503,34.456192225],[132.606006109,34.456237225],[132.606118055,34.456334441],[132.606233892,34.456409162],[132.60647694,34.456495],[132.606663891,34.456554721],[132.606925279,34.456599721],[132.607194449,34.456648333],[132.607441115,34.456659441],[132.607728885,34.456629441],[132.607919442,34.456547225],[132.608258054,34.456280559],[132.608333334,34.456214865],[132.60837022,34.456182666],[132.608583333,34.455996668],[132.608740272,34.455810001],[132.60896083,34.455525829],[132.60906166,34.455383892],[132.609162503,34.455313054],[132.609289442,34.455253054],[132.609427497,34.455193333],[132.609911388,34.454973334],[132.610208612,34.454838333],[132.610577782,34.454646388],[132.611037497,34.45434],[132.611343891,34.454026108],[132.611482218,34.453865829],[132.611642775,34.45363028],[132.611777497,34.453353613],[132.612545279,34.451789441],[132.612616394,34.451711108],[132.612687224,34.451681108],[132.612806939,34.451643892],[132.613524162,34.451498333],[132.613794721,34.451391108],[132.613914162,34.451297494],[132.613962775,34.451245279],[132.613974163,34.45115944],[132.613962776,34.451050829],[132.613925551,34.450834162],[132.613705279,34.450120559],[132.613660999,34.45],[132.613585838,34.449795279],[132.613510831,34.449675829],[132.613376395,34.449593613],[132.613118612,34.449466387],[132.613005837,34.449364721],[132.61289,34.449178054],[132.612542504,34.44844556],[132.612534449,34.448323892],[132.612561945,34.448253614],[132.612567782,34.448238333],[132.612924994,34.448119162],[132.613015552,34.448101387],[132.61319166,34.448066947],[132.613428612,34.448051107],[132.613567782,34.448090559],[132.613723891,34.448084441],[132.613866667,34.447922494],[132.614123891,34.447741667],[132.614366668,34.447617774],[132.614542777,34.447503613],[132.614647497,34.447298892],[132.614718885,34.447132225],[132.614801115,34.447035],[132.614952217,34.446856108],[132.615209171,34.446651387],[132.615351946,34.446551387],[132.615442503,34.446518054],[132.615453606,34.44652528],[132.615599442,34.446618054],[132.615742504,34.446708333],[132.615975837,34.446760829],[132.61638083,34.446784442],[132.616584721,34.446801387],[132.616666668,34.446809494],[132.616856667,34.446828333],[132.617018327,34.446890279],[132.617228054,34.446956945],[132.617456394,34.447061667],[132.617658612,34.447111108],[132.617821947,34.447133613],[132.61800528,34.447138892],[132.618313333,34.447157224],[132.61858472,34.447180829],[132.618798885,34.447228613],[132.619050272,34.447352775],[132.619748054,34.447553893],[132.620037224,34.447626107],[132.620274449,34.447709441],[132.620411946,34.447763333],[132.620494994,34.447759161],[132.620574163,34.447721667],[132.620694721,34.447580279],[132.620857224,34.447318054],[132.621002776,34.447155829],[132.621172776,34.447019162],[132.621318884,34.446901946],[132.621489442,34.446726946],[132.621714449,34.446564721],[132.621939171,34.446439722],[132.622054721,34.446369721],[132.622097224,34.446344162],[132.622327497,34.446330279],[132.622464449,34.446296667],[132.622692633,34.446182667],[132.62281472,34.446121667],[132.622903606,34.445981667],[132.622939169,34.445819722],[132.622948054,34.445702225],[132.623010272,34.445598892],[132.623108054,34.445562225],[132.623161388,34.445554721],[132.623250273,34.445569441],[132.623463334,34.44568],[132.623614449,34.44582],[132.623721115,34.445952225],[132.623783333,34.446040559],[132.624023333,34.446268893],[132.62429,34.446408892],[132.624591945,34.446563613],[132.624778613,34.446622495],[132.624903061,34.446666667],[132.625000001,34.446708],[132.62521389,34.446799162],[132.625524994,34.446961107],[132.625557224,34.44698],[132.625676109,34.447049721],[132.625862776,34.447167495],[132.626084994,34.447248613],[132.626502775,34.447484163],[132.626582776,34.447513613],[132.62667166,34.447535829],[132.626840558,34.447580001],[132.627053605,34.447683054],[132.627178054,34.447786108],[132.62772,34.448132225],[132.628004449,34.448294441],[132.628066667,34.448338612],[132.628182218,34.44839],[132.628271116,34.448426946],[132.628537782,34.448537225],[132.628635551,34.448574162],[132.628733333,34.448640559],[132.629150831,34.448942495],[132.629373334,34.449048891],[132.629613061,34.449163333],[132.629941945,34.449266387],[132.630173061,34.44934028],[132.630260557,34.449362224],[132.630270558,34.449347495],[132.630377224,34.449362225],[132.630435551,34.449344722],[132.630948054,34.449192225],[132.631118054,34.449181109],[132.631192776,34.449198054],[132.631294721,34.449265559],[132.631433891,34.449465279],[132.63159389,34.449612774],[132.631872504,34.449823333],[132.632087523,34.449999999],[132.63210917,34.450017775],[132.632246394,34.450116108],[132.632598054,34.450297496],[132.632864994,34.450364162],[132.632971388,34.450356387],[132.633103061,34.450279721],[132.633177782,34.450195],[132.633218612,34.450099441],[132.633246939,34.450024999],[132.633248755,34.45],[132.633286667,34.449473892],[132.633286667,34.449237495],[132.633320557,34.449096667],[132.633333334,34.449076081],[132.633558054,34.448714163],[132.633823333,34.448448614],[132.633911661,34.448369721],[132.634006939,34.448240559],[132.634064163,34.448073614],[132.634144163,34.447661108],[132.634197224,34.44748],[132.63425166,34.447384163],[132.634319728,34.447322225],[132.63446917,34.447220829],[132.634561946,34.447153054],[132.634633061,34.447064721],[132.63477528,34.446799441],[132.634837497,34.446593332],[132.63494083,34.446387225],[132.635033062,34.446203054],[132.635121946,34.446011387],[132.635210273,34.445750829],[132.635228612,34.445606667],[132.63536166,34.445372225],[132.635380272,34.445339441],[132.63543306,34.445186946],[132.635523061,34.444680279],[132.635604448,34.444522496],[132.635652219,34.444393054],[132.635706394,34.443739441],[132.635703333,34.443444441],[132.635728054,34.443355829],[132.635849169,34.443289163],[132.636420271,34.443103054],[132.636671945,34.443063613],[132.637467224,34.442979162],[132.637548885,34.442962225],[132.637576109,34.442945279],[132.63761,34.442725559],[132.638038327,34.442122775],[132.638214994,34.441948334],[132.638405551,34.441796107],[132.638594086,34.441666666],[132.638808886,34.441519162],[132.639048885,34.441371946],[132.639342218,34.441188054],[132.639448885,34.441165828],[132.639582218,34.441188053],[132.639822218,34.44132028],[132.640124449,34.441563333],[132.640355278,34.441666667],[132.640453333,34.441710559],[132.64055083,34.44174],[132.640675279,34.441718054],[132.640950831,34.441681108],[132.641101946,34.441695829],[132.64151083,34.441968333],[132.641555279,34.441983054],[132.641635279,34.441983054],[132.641666667,34.441970054],[132.641973061,34.441843054],[132.642289027,34.441666666],[132.642354721,34.44163],[132.642409727,34.441601108],[132.642523606,34.441541387],[132.642569442,34.441525559],[132.64279917,34.441445829],[132.643056939,34.441335279],[132.643385837,34.441121666],[132.643634721,34.440952225],[132.643936939,34.440775559],[132.644064553,34.440691693],[132.64415,34.440635559],[132.644230001,34.440517775],[132.64426555,34.440421946],[132.644425551,34.439958054],[132.644558885,34.439648613],[132.644727782,34.439471946],[132.644843333,34.439398613],[132.64506555,34.439332225],[132.645207782,34.439280829],[132.64543,34.439185],[132.645847497,34.438905],[132.646025279,34.438713332],[132.646256394,34.438330279],[132.64645166,34.438043054],[132.646566394,34.437925279],[132.646726394,34.437815],[132.647052503,34.437675829],[132.647244994,34.437620278],[132.647378885,34.437599441],[132.647496109,34.437599441],[132.647707224,34.437623333],[132.647947782,34.437634162],[132.648098612,34.437654999],[132.648500001,34.437703332],[132.649516667,34.437932775],[132.649987782,34.438072496],[132.65,34.438082667],[132.650076667,34.438146388],[132.650032218,34.438529162],[132.65,34.438596441],[132.64981,34.438993333],[132.649799442,34.439020829],[132.649775278,34.439083333],[132.649748612,34.439152774],[132.649614449,34.439501387],[132.649107782,34.440363055],[132.649125551,34.440466108],[132.649169999,34.440547225],[132.649276667,34.440584162],[132.649401115,34.440591387],[132.649445551,34.44056944],[132.649543333,34.440547225],[132.65,34.440547225],[132.650218885,34.440547225],[132.650165551,34.44053972],[132.650387782,34.440561945],[132.650509728,34.440575829],[132.650583333,34.440584162],[132.650698885,34.440643053],[132.650777497,34.440673054],[132.650884721,34.440744161],[132.650977782,34.440862495],[132.651106394,34.441028333],[132.651184993,34.441229721],[132.651234994,34.441407495],[132.651309442,34.441606947],[132.651327782,34.441656107],[132.651334034,34.441666667],[132.651492219,34.44193444],[132.651663606,34.442201107],[132.651843333,34.442398334],[132.651906668,34.442467775],[132.652056667,34.442586108],[132.652185279,34.442692775],[132.652371115,34.442799441],[132.652520559,34.442859721],[132.652795837,34.442926108],[132.65303,34.442975829],[132.653343061,34.443042224],[132.653595837,34.443073333],[132.653914721,34.443148054],[132.654004721,34.443169162],[132.654423332,34.443329441],[132.654518328,34.443397224],[132.654622503,34.443475829],[132.654674721,34.443433613],[132.654911115,34.443241386],[132.65511445,34.443029162],[132.655290829,34.442788053],[132.655344994,34.442714722],[132.65571,34.442219162],[132.655970558,34.441999162],[132.656038612,34.441954162],[132.656145279,34.441917225],[132.656344994,34.441826387],[132.656406667,34.441762775],[132.65642083,34.441703613],[132.65643655,34.441666666],[132.656474163,34.441578334],[132.656509728,34.441423892],[132.656500829,34.441289721],[132.656498885,34.441189721],[132.65650083,34.441086945],[132.65654166,34.441008055],[132.65674083,34.440827495],[132.656854163,34.440680559],[132.657149729,34.440297225],[132.65722083,34.440267495],[132.657282504,34.440258614],[132.657357497,34.440303892],[132.658009727,34.440754441],[132.658179728,34.440850279],[132.658333333,34.440896],[132.658444721,34.440929162],[132.659138328,34.441238893],[132.659355838,34.441278333],[132.659559728,34.441267224],[132.659818053,34.441212495],[132.660191946,34.441019162],[132.660268885,34.440996667],[132.66034166,34.440923333],[132.660402219,34.440842225],[132.660464448,34.440702225],[132.660606109,34.440443891],[132.660701946,34.440140279],[132.660715551,34.440089721],[132.660837783,34.439891947],[132.660837783,34.439892495],[132.660935552,34.439752225],[132.660964163,34.439613333],[132.661057497,34.439158613],[132.661147497,34.439043053],[132.661245837,34.438988613],[132.661459442,34.438860829],[132.661690558,34.438676946],[132.661912776,34.438242225],[132.661992776,34.438146667],[132.662189728,34.437927495],[132.662303062,34.437844721],[132.662454163,34.437770829],[132.662674163,34.437662225],[132.662805279,34.437642225],[132.662797224,34.437655829],[132.663148885,34.437633891],[132.663244164,34.43760028],[132.663369443,34.437557775],[132.663511661,34.437469162],[132.663665551,34.437222775],[132.663774449,34.43705944],[132.663964994,34.436725279],[132.663981116,34.436684162],[132.664168612,34.436208613],[132.664200272,34.436125559],[132.664426667,34.435738612],[132.664542218,34.435481108],[132.66463083,34.43519472],[132.664657782,34.435093333],[132.66466472,34.434856946],[132.664623891,34.434761108],[132.664577782,34.434390829],[132.664603606,34.434175278],[132.664630829,34.434062495],[132.664664721,34.433972225],[132.664746395,34.433837224],[132.665097134,34.433333333],[132.665154163,34.433251388],[132.665228885,34.43315],[132.665330829,34.432981108],[132.665411582,34.43261964],[132.665422218,34.432571946],[132.665405837,34.432333333],[132.665426109,34.432164162],[132.665494163,34.432006386],[132.665608884,34.431813333],[132.66568,34.431614441],[132.665691115,34.431285279],[132.66572528,34.431060001],[132.665751115,34.430539441],[132.665806938,34.430277225],[132.665901946,34.429911108],[132.666044449,34.429486107],[132.666097782,34.429206108],[132.666168612,34.429088333],[132.666301946,34.428963053],[132.666666667,34.428681162],[132.666968612,34.428447775],[132.667075278,34.428344721],[132.667087224,34.428319721],[132.667093061,34.428307775],[132.667093061,34.428153333],[132.667084163,34.428123613],[132.667013061,34.428094162],[132.666666668,34.427993775],[132.666657497,34.427991108],[132.666381947,34.427740829],[132.666195279,34.427645],[132.666071115,34.42761556],[132.665911116,34.427623054],[132.66528917,34.427637775],[132.665084722,34.427556667],[132.664986939,34.427468333],[132.664942503,34.427409441],[132.664880272,34.427365279],[132.664738054,34.427365278],[132.664178327,34.427357775],[132.663867225,34.427350558],[132.663636109,34.427298892],[132.663467224,34.427217774],[132.663307497,34.427122225],[132.663049728,34.426945279],[132.662694163,34.426503333],[132.662196667,34.425700559],[132.662045552,34.425428054],[132.661904164,34.425214441],[132.661696744,34.425],[132.66169083,34.424993892],[132.661544721,34.424858054],[132.661205279,34.424644162],[132.660935838,34.424471109],[132.660627225,34.424148332],[132.660532218,34.423996108],[132.660423333,34.423894721],[132.660355551,34.423849721],[132.659886394,34.423382225],[132.659784448,34.423280829],[132.659675551,34.423224441],[132.659519171,34.423218893],[132.65938917,34.423248334],[132.659149442,34.423263054],[132.659127497,34.423260001],[132.658936394,34.423233613],[132.658651946,34.423027495],[132.658589729,34.423005279],[132.658363892,34.422987775],[132.658333334,34.422987775],[132.65753445,34.422987775],[132.657418885,34.422953892],[132.65731694,34.422908892],[132.657176667,34.422828333],[132.656927782,34.4226],[132.656767782,34.422401108],[132.656687782,34.422224441],[132.656598885,34.422106667],[132.656528054,34.422091946],[132.656374721,34.422117224],[132.656172503,34.422150829],[132.655905837,34.422047775],[132.655639442,34.421951947],[132.655488327,34.421951947],[132.655319441,34.421981387],[132.654449171,34.422187495],[132.654004994,34.422231946],[132.653425668,34.422267532],[132.653163606,34.422283612],[132.65295306,34.422311667],[132.652714994,34.422379441],[132.652653891,34.422384999],[132.652503333,34.422415829],[132.652343333,34.422401108],[132.652156667,34.422342225],[132.652055551,34.422266667],[132.651906109,34.422137224],[132.651736109,34.421951108],[132.651561114,34.421701387],[132.65141,34.421436387],[132.651321388,34.421303892],[132.651246939,34.421123053],[132.651233333,34.421083613],[132.651170558,34.420939441],[132.651072503,34.420714721],[132.65097472,34.420449441],[132.650893333,34.420114721],[132.65085,34.419911667],[132.650547782,34.419218893],[132.650435279,34.419076108],[132.650423607,34.418917495],[132.650414995,34.418802225],[132.650409442,34.418725],[132.650115836,34.418617495],[132.650000001,34.418493198],[132.649838885,34.418320279],[132.649311115,34.417896666],[132.649094448,34.417686946],[132.648293606,34.416804721],[132.648156499,34.416666666],[132.64725445,34.415758334],[132.646905279,34.415439441],[132.646643333,34.415285829],[132.646446939,34.415209721],[132.646363891,34.415126387],[132.64635917,34.41497083],[132.646402503,34.414318892],[132.646445551,34.414111946],[132.646151946,34.414068892],[132.645564448,34.413947225],[132.645098327,34.413782495],[132.644687224,34.413529441],[132.644415551,34.413252225],[132.644342218,34.413098613],[132.644364164,34.412968333],[132.644455837,34.412796388],[132.644565551,34.412334721],[132.644573606,34.412300279],[132.644721945,34.412082775],[132.644835551,34.411775279],[132.64487917,34.411547225],[132.644795837,34.411396667],[132.644588327,34.411224721],[132.644438327,34.411098054],[132.644253333,34.411059999],[132.644113334,34.411031387],[132.643766109,34.410743334],[132.643613061,34.410594721],[132.643517497,34.41037944],[132.643517498,34.410193054],[132.643664163,34.409820559],[132.643828327,34.409377495],[132.643828327,34.409212775],[132.643741946,34.409069441],[132.643539584,34.408835441],[132.643500271,34.408790001],[132.643347224,34.408499999],[132.643277367,34.408333333],[132.643189442,34.408123612],[132.643067783,34.407842775],[132.643051388,34.407378613],[132.642930272,34.406769721],[132.642831946,34.406459721],[132.642783606,34.406139441],[132.642783606,34.405773892],[132.642740271,34.405581667],[132.642635551,34.405335279],[132.642587497,34.405150559],[132.64257,34.404810559],[132.642504721,34.404640279],[132.642582217,34.404161108],[132.642583062,34.404155],[132.642584449,34.404116108],[132.642591946,34.403926946],[132.642636667,34.403690279],[132.642852503,34.403403612],[132.64329306,34.403088333],[132.643431388,34.402952225],[132.643478054,34.402835],[132.643495551,34.402650559],[132.643513061,34.402505829],[132.64349166,34.402379441],[132.643438885,34.402270279],[132.643290271,34.402208892],[132.643002218,34.402147224],[132.642705837,34.402078333],[132.642526394,34.401901108],[132.64235166,34.401770279],[132.642075278,34.401598333],[132.641971946,34.401488054],[132.641906395,34.40129972],[132.641841946,34.400924722],[132.641747224,34.400552225],[132.64170083,34.400396386],[132.641666667,34.400321027],[132.64160917,34.400194163],[132.641394643,34.4],[132.641208326,34.399831387],[132.641094163,34.399654162],[132.640607224,34.399285279],[132.640365279,34.399056108],[132.640417224,34.398805279],[132.640702218,34.398511666],[132.640843606,34.398395559],[132.641116938,34.398361107],[132.641666667,34.398443586],[132.641833605,34.398468614],[132.642170558,34.398483054],[132.642609442,34.398397495],[132.64273166,34.398357775],[132.642936668,34.398260001],[132.642946667,34.398251108],[132.643189442,34.398038613],[132.643353606,34.397852774],[132.643546667,34.397475559],[132.643548054,34.397472775],[132.643966939,34.396958333],[132.644115551,34.39665056],[132.644237782,34.396389721],[132.644394993,34.396223332],[132.644761388,34.396018613],[132.645020557,34.395860828],[132.645171946,34.395810279],[132.645333606,34.395821387],[132.64566166,34.395893613],[132.64600611,34.395958892],[132.646333606,34.395947225],[132.646455837,34.395926667],[132.646514994,34.395875559],[132.646578054,34.395814162],[132.646627224,34.395703613],[132.64663917,34.395562775],[132.646640558,34.395452495],[132.646644448,34.395180559],[132.646575279,34.394872495],[132.646566666,34.39468],[132.64667917,34.394364721],[132.646756939,34.394125],[132.646748327,34.393983613],[132.646695838,34.393842496],[132.64662166,34.393618054],[132.646609999,34.393376108],[132.646506394,34.393132495],[132.64645166,34.392903054],[132.646351387,34.392808892],[132.646176666,34.392711108],[132.646098054,34.392595279],[132.646015551,34.392362495],[132.64600528,34.392333333],[132.645971115,34.392236946],[132.645746394,34.391971946],[132.645530558,34.391805829],[132.64528,34.391706667],[132.645174255,34.391666666],[132.645162503,34.391662225],[132.644977497,34.391592225],[132.644692218,34.391405829],[132.64456083,34.391276946],[132.644443061,34.391063333],[132.644381388,34.390868613],[132.64439,34.390417495],[132.64426083,34.389701946],[132.644200273,34.389336386],[132.644198612,34.389084722],[132.644243606,34.388870829],[132.644307782,34.388762225],[132.644517496,34.388613892],[132.64470917,34.388512495],[132.644914449,34.388331387],[132.645236394,34.387946946],[132.645438055,34.387615559],[132.645529417,34.387465306],[132.645728885,34.387137225],[132.645927496,34.386936667],[132.646359729,34.386685829],[132.646575551,34.386485279],[132.646726667,34.386305559],[132.646835838,34.386207774],[132.647128327,34.386112495],[132.647517223,34.386026668],[132.647914449,34.385869162],[132.64811306,34.385754722],[132.648237224,34.385668333],[132.648289442,34.38559583],[132.648211115,34.385442225],[132.648128054,34.385297225],[132.648078613,34.385030829],[132.648095837,34.384874441],[132.648155551,34.384657775],[132.648295837,34.384559162],[132.64836389,34.384511387],[132.648647497,34.384402775],[132.648821946,34.384323054],[132.649036939,34.384208332],[132.649175551,34.384040829],[132.649287497,34.383785559],[132.64933,34.383586108],[132.649235552,34.383334162],[132.649235084,34.383333333],[132.649106109,34.383111946],[132.649019727,34.382904162],[132.64897917,34.382608613],[132.648967781,34.382223613],[132.649027224,34.381964441],[132.649261659,34.381636386],[132.64963306,34.381113333],[132.650000001,34.380628136],[132.650142503,34.38043972],[132.650341115,34.380168891],[132.650686667,34.379836946],[132.650980272,34.379531108],[132.65111,34.379373613],[132.651188885,34.379080279],[132.651189442,34.379077496],[132.651250001,34.378819441],[132.65127389,34.378549721],[132.651256667,34.378449721],[132.65118,34.378365279],[132.651066667,34.378299162],[132.650721661,34.378138892],[132.650590829,34.378057495],[132.65047083,34.377926667],[132.650367224,34.377783333],[132.650341115,34.377539721],[132.650363606,34.377398334],[132.650438054,34.377275279],[132.650462217,34.377166946],[132.650451115,34.377105],[132.650401946,34.377058333],[132.650272503,34.376934721],[132.650185837,34.376851946],[132.650110558,34.376518333],[132.650141114,34.376286667],[132.650254721,34.376092224],[132.650444722,34.375978613],[132.650669442,34.375739999],[132.65076528,34.375437775],[132.650822218,34.375046668],[132.650837056,34.374999999],[132.650876666,34.374875559],[132.650948612,34.374727775],[132.651118612,34.374452775],[132.651368886,34.374151946],[132.651555551,34.373865828],[132.651725837,34.373703333],[132.651973606,34.373528892],[132.652293061,34.373385559],[132.652386135,34.373325559],[132.652448613,34.373285278],[132.652543606,34.373192225],[132.652577225,34.373042495],[132.652577225,34.372806947],[132.652616394,34.372491946],[132.652677497,34.372144441],[132.652778054,34.371963333],[132.652934993,34.371771387],[132.653027225,34.371565829],[132.653070558,34.371408334],[132.652996109,34.371228333],[132.652873891,34.371032775],[132.652825838,34.370833613],[132.652871945,34.370326387],[132.652914994,34.37006944],[132.652802777,34.369668333],[132.652802776,34.369568054],[132.652828612,34.369424721],[132.652949729,34.36931],[132.653260558,34.369088333],[132.653398327,34.36900083],[132.653554164,34.368901946],[132.653606109,34.368830279],[132.653623333,34.36874444],[132.653476394,34.368271387],[132.65326917,34.36777],[132.653131115,34.367540558],[132.653001387,34.367282775],[132.652897783,34.367003333],[132.652694942,34.366666667],[132.652656109,34.366602225],[132.652526667,34.366487494],[132.652250273,34.36633],[132.652043061,34.366129442],[132.65186166,34.365865279],[132.65167166,34.365650279],[132.651388949,34.365335721],[132.651343333,34.365285],[132.65117917,34.365034162],[132.651041115,34.364711667],[132.650868327,34.364582775],[132.650713061,34.364489721],[132.650497224,34.364418054],[132.650346939,34.364376386],[132.650160272,34.364325],[132.65,34.364258532],[132.649987497,34.364253333],[132.64984083,34.364074162],[132.649693891,34.363837775],[132.649590272,34.363708892],[132.649478053,34.363658892],[132.64930528,34.363615829],[132.649072218,34.363608613],[132.647638611,34.36416],[132.647465836,34.364231667],[132.647284448,34.364267495],[132.64706,34.364231666],[132.646861947,34.364093054],[132.646835279,34.364074162],[132.646705836,34.363980828],[132.646533061,34.363801946],[132.646463891,34.363636946],[132.646343061,34.363472226],[132.646178886,34.363243054],[132.64598917,34.363149722],[132.645807782,34.363092495],[132.645324164,34.362942225],[132.644952218,34.362885],[132.644815746,34.362856722],[132.644814163,34.362856387],[132.644735279,34.362796946],[132.64465,34.362548333],[132.644563606,34.362376387],[132.644304448,34.362125559],[132.64423528,34.361967775],[132.64420083,34.361724162],[132.644252776,34.36143056],[132.644226667,34.360814441],[132.644252776,34.360535829],[132.644269442,34.360437495],[132.644321661,34.360127776],[132.644416939,34.359762495],[132.644546667,34.35944],[132.644589729,34.359232225],[132.644589728,34.359045829],[132.644416939,34.358630279],[132.644391114,34.358458333],[132.644413722,34.358333333],[132.644494721,34.357885559],[132.644615836,34.357641946],[132.644702219,34.357369721],[132.644745278,34.356868054],[132.64475389,34.356287775],[132.644546667,34.356059441],[132.644330558,34.355857775],[132.644201115,34.355493613],[132.644140558,34.355257225],[132.644054163,34.355128333],[132.643950558,34.354999441],[132.643803891,34.354813053],[132.643553333,34.354684162],[132.643320558,34.354526386],[132.643147783,34.354189721],[132.643087224,34.353931667],[132.642957781,34.35374556],[132.642871388,34.353509162],[132.642776394,34.353286947],[132.64262083,34.353172225],[132.642266667,34.352964721],[132.641990272,34.352771386],[132.641808886,34.352613613],[132.641666667,34.352413081],[132.641636109,34.352370001],[132.641515279,34.351954441],[132.641359728,34.351897225],[132.641186939,34.351918613],[132.640953891,34.352061946],[132.640625837,34.352434441],[132.640470558,34.352599441],[132.640280558,34.352763892],[132.640073061,34.35293583],[132.63989166,34.353007494],[132.639684449,34.353043333],[132.639243891,34.353064721],[132.638941661,34.353050558],[132.638449441,34.352957226],[132.638060557,34.352950279],[132.637741115,34.352964441],[132.637567782,34.352964442],[132.637517781,34.352953333],[132.637343607,34.352914441],[132.637084449,34.352821108],[132.636773606,34.352806945],[132.636557782,34.352828332],[132.636324448,34.35279972],[132.636194994,34.352749441],[132.636056667,34.352713614],[132.635892502,34.352713614],[132.635685279,34.352756667],[132.635365838,34.352806945],[132.635106667,34.352864161],[132.634916667,34.352921387],[132.634726667,34.353028892],[132.634510558,34.353107775],[132.634394448,34.353110829],[132.634243061,34.353114999],[132.633958053,34.353136387],[132.633709729,34.353151387],[132.633483061,34.353165],[132.633333333,34.353128252],[132.63325,34.353107775],[132.632956109,34.352892775],[132.632740272,34.352527495],[132.632593333,34.352262224],[132.632515837,34.352154721],[132.632334449,34.352054441],[132.631997496,34.351982774],[132.631712503,34.35194],[132.631505279,34.351868333],[132.631332502,34.351803892],[132.631004449,34.351567225],[132.630823062,34.351466946],[132.630658885,34.351438333],[132.630486393,34.351488613],[132.630382217,34.351631945],[132.630278885,34.351868333],[132.630166666,34.352111947],[132.630036667,34.352269441],[132.62982083,34.352369721],[132.62979153,34.352372081],[132.629553061,34.352391387],[132.628958612,34.352344721],[132.628913891,34.352341108],[132.628671946,34.352355559],[132.62845611,34.352391387],[132.628253891,34.352481108],[132.628218054,34.352503333],[132.628032776,34.352620279],[132.627808612,34.352835279],[132.627591947,34.353066387],[132.627506393,34.353157775],[132.627640272,34.353246667],[132.627765551,34.353329721],[132.62796389,34.353530278],[132.628136666,34.353874162],[132.628248885,34.354203612],[132.628291946,34.354476108],[132.628369728,34.354812775],[132.62842166,34.355034721],[132.628473333,34.355256667],[132.62857389,34.355423892],[132.628654722,34.355557775],[132.628896667,34.355901667],[132.629060829,34.356281386],[132.629164449,34.356631387],[132.62918166,34.356846386],[132.629328326,34.357226109],[132.629527224,34.357663054],[132.629604449,34.357885],[132.629811946,34.35815],[132.629997108,34.358333333],[132.630036394,34.358372225],[132.63033,34.35856556],[132.630632502,34.358751946],[132.630813891,34.359074162],[132.630917498,34.359575829],[132.630954994,34.359725558],[132.631003891,34.359919721],[132.631081661,34.360113333],[132.631150558,34.360242225],[132.631219727,34.360421387],[132.631172776,34.360757495],[132.631167782,34.360793613],[132.63115917,34.361050559],[132.631236939,34.361186666],[132.631342218,34.36131444],[132.631366668,34.361344162],[132.631401115,34.361473333],[132.631400829,34.361587776],[132.631323333,34.361788613],[132.631245551,34.361981946],[132.631098885,34.362246946],[132.630908885,34.362590829],[132.630822503,34.362741386],[132.63067555,34.362913332],[132.630502776,34.363099441],[132.630217783,34.363235559],[132.629889727,34.36336444],[132.629777225,34.363464722],[132.629648328,34.36371],[132.629440557,34.363987776],[132.629008612,34.364331667],[132.628777497,34.364564441],[132.628628612,34.364761667],[132.628490272,34.364883333],[132.628343606,34.364955],[132.628173062,34.364934721],[132.627920271,34.364905],[132.627661115,34.365012225],[132.627523061,34.365148333],[132.627499559,34.36519164],[132.627445279,34.365291667],[132.627393333,34.365441946],[132.627263891,34.365556666],[132.627125837,34.365842225],[132.627108327,34.365992775],[132.627203333,34.366229162],[132.627212218,34.366343892],[132.627203333,34.366465559],[132.627091115,34.366623333],[132.627074773,34.366666667],[132.627004721,34.366852495],[132.626866667,34.36701],[132.626546938,34.367303613],[132.626356939,34.367554441],[132.626287782,34.367848054],[132.626028054,34.368461945],[132.626002776,34.368521666],[132.625873332,34.368922775],[132.625821388,34.369094721],[132.625666109,34.369338333],[132.625614448,34.369381387],[132.625467781,34.369503332],[132.625346667,34.369653613],[132.625122218,34.369954441],[132.625001388,34.370097775],[132.625,34.370098279],[132.624486393,34.370286386],[132.624208171,34.370445919],[132.623927224,34.370597333],[132.623855279,34.370631613],[132.623811894,34.370674441],[132.623682996,34.370966829],[132.623653607,34.371157919],[132.62363891,34.371378387],[132.623696939,34.371723054],[132.623679728,34.371995279],[132.623671115,34.372174162],[132.623584721,34.372331667],[132.623394721,34.372389162],[132.623187497,34.372460829],[132.623057497,34.372654162],[132.622994163,34.372835],[132.622973606,34.373003893],[132.622943061,34.373089442],[132.622893891,34.373133892],[132.622691946,34.373196666],[132.622466394,34.373255001],[132.622214164,34.373196108],[132.622036939,34.373255],[132.621830558,34.373373055],[132.62125,34.373373054],[132.621224994,34.373375279],[132.621168054,34.37338028],[132.62111,34.373385559],[132.620807782,34.373412495],[132.620502776,34.373501108],[132.620138885,34.373766387],[132.619932218,34.374051667],[132.619627498,34.374405559],[132.619494722,34.374587775],[132.619150272,34.374843334],[132.618878949,34.375],[132.618638885,34.375138613],[132.618314164,34.375394162],[132.617586666,34.375620279],[132.617448885,34.375521946],[132.617065279,34.375364441],[132.616666667,34.375259892],[132.616652218,34.375256107],[132.616396394,34.375236667],[132.616003061,34.375108612],[132.615740611,34.375],[132.615717782,34.374990559],[132.615393061,34.374980829],[132.615147497,34.374971108],[132.61487694,34.374946387],[132.614493334,34.374897225],[132.614326108,34.374926667],[132.61422083,34.375],[132.6141,34.375084162],[132.613853891,34.375398892],[132.613588326,34.375556108],[132.613135837,34.375644721],[132.612732777,34.37565472],[132.612526109,34.375693892],[132.61226083,34.375890558],[132.611941659,34.376170559],[132.611936109,34.376175559],[132.61160166,34.376342775],[132.610972218,34.376490559],[132.610524721,34.376672495],[132.61039694,34.376849441],[132.610219728,34.377095279],[132.609718054,34.377400279],[132.609364164,34.377577225],[132.609000273,34.377645828],[132.608823332,34.377665559],[132.60865611,34.377685279],[132.608459442,34.377793333],[132.608333333,34.377877414],[132.608105279,34.378029441],[132.607888884,34.377999999],[132.607465837,34.377911387],[132.607288885,34.377960559],[132.607072777,34.378108333],[132.60667917,34.378373613],[132.606241659,34.378683334],[132.606015279,34.378988333],[132.605916939,34.379126109],[132.605562776,34.379234161],[132.605130001,34.379342495],[132.604687497,34.379440558],[132.604372776,34.379509441],[132.604225279,34.379607776],[132.60399917,34.37975528],[132.603625279,34.379843892],[132.603438327,34.379873333],[132.603094163,34.379863332],[132.602572776,34.379981387],[132.602520272,34.379992775],[132.602297496,34.380040559],[132.602101115,34.380099162],[132.601309169,34.380261667],[132.601023891,34.380231946],[132.600876395,34.380173054],[132.600630558,34.380153333],[132.600335279,34.380074721],[132.600197782,34.380025559],[132.6,34.380011334],[132.59978472,34.379995829],[132.599588054,34.379917225],[132.59943083,34.379799161],[132.599164994,34.379474721],[132.599037224,34.37939583],[132.598850272,34.379307496],[132.598702776,34.379199162],[132.59859472,34.379031945],[132.598466667,34.378835279],[132.598403061,34.378584441],[132.598255551,34.378456667],[132.598058885,34.378446667],[132.59739,34.378466108],[132.596957224,34.378584162],[132.596475279,34.378633333],[132.595835837,34.378662775],[132.595314449,34.378731667],[132.594724449,34.378800559],[132.594537782,34.378849721],[132.594360557,34.378958053],[132.594311388,34.379095559],[132.594316394,34.379356387],[132.594237782,34.379513612],[132.593972218,34.379720279],[132.593765551,34.379858054],[132.593509728,34.379946387],[132.59339083,34.379938054],[132.593234449,34.379926947],[132.592939171,34.379828333],[132.592654162,34.379848054],[132.592457224,34.379926666],[132.592270557,34.380064162],[132.591965551,34.380261108],[132.591666667,34.380387108],[132.591522776,34.380447775],[132.591188327,34.380477495],[132.590991659,34.380487225],[132.590332776,34.380428332],[132.589998327,34.380378892],[132.589811387,34.380349441],[132.589644449,34.380280559],[132.589147782,34.380138055],[132.588773891,34.380059441],[132.588518054,34.380049441],[132.587937782,34.380010279],[132.587563891,34.380039721],[132.58715083,34.38002],[132.5866,34.38002],[132.586324722,34.379901946],[132.586137782,34.379862495],[132.585950831,34.379813333],[132.585188884,34.379611668],[132.584943061,34.379592225],[132.584549442,34.379838054],[132.584342776,34.380064162],[132.584156109,34.380191946],[132.583998612,34.380250829],[132.583388884,34.38032944],[132.583333333,34.380336387],[132.583062219,34.380370278],[132.582916667,34.380388614],[132.581873892,34.380654162],[132.581195552,34.380762225],[132.581191946,34.380761387],[132.581057782,34.380732775],[132.581008612,34.38064444],[132.581008612,34.380428054],[132.581067782,34.380142774],[132.581136667,34.379955829],[132.581185837,34.379601667],[132.581136667,34.379355829],[132.581116939,34.379139441],[132.581087497,34.378942775],[132.581057781,34.378696946],[132.581092218,34.378328054],[132.581082503,34.378151108],[132.581082503,34.378023333],[132.581062777,34.377944441],[132.580816939,34.377531387],[132.580541388,34.377305278],[132.580433332,34.377088892],[132.580275837,34.376675559],[132.580175279,34.376571387],[132.579990558,34.376380828],[132.579862776,34.376144721],[132.579744721,34.375849721],[132.579754449,34.375475829],[132.579685551,34.375190559],[132.579488885,34.375013613],[132.579472827,34.374999999],[132.579361116,34.374905279],[132.579026668,34.374659441],[132.578736668,34.374487226],[132.578367782,34.374275829],[132.578161389,34.374118613],[132.577984164,34.374059441],[132.577325279,34.373951386],[132.576695837,34.374059441],[132.575967782,34.374344722],[132.575367781,34.374610279],[132.575,34.374789559],[132.574568223,34.375],[132.574561388,34.375003333],[132.574534643,34.375009],[132.574074721,34.375106668],[132.573415551,34.375126387],[132.573041946,34.375037775],[132.57288205,34.375],[132.572668054,34.37494944],[132.572402503,34.374969162],[132.572316693,34.375],[132.572156667,34.375057495],[132.571773061,34.375136387],[132.571231947,34.37516583],[132.570602776,34.375244441],[132.570007497,34.375377225],[132.569614163,34.375534441],[132.569348612,34.375731108],[132.569299441,34.375888333],[132.569220558,34.376006387],[132.568984721,34.376134441],[132.568692502,34.376179441],[132.568601115,34.376193332],[132.568207496,34.376213054],[132.567971387,34.376203334],[132.567814163,34.376134441],[132.56766694,34.375996667],[132.567607782,34.375858892],[132.56742083,34.375740829],[132.56691917,34.375839162],[132.566666667,34.375878387],[132.566348612,34.375927775],[132.566063607,34.376075],[132.566043891,34.376203055],[132.566083062,34.376242225],[132.566191388,34.376380001],[132.566348613,34.376724162],[132.56638808,34.376940749],[132.566417497,34.377216108],[132.566407782,34.377550558],[132.566333891,34.377693054],[132.566156939,34.377938891],[132.566078328,34.378135559],[132.566127497,34.378165],[132.566255279,34.378243613],[132.566442218,34.378410829],[132.566525863,34.378536333],[132.566658612,34.378735559],[132.566666667,34.378759135],[132.566796394,34.379138892],[132.566796394,34.379335559],[132.566741946,34.379566946],[132.566717497,34.37967],[132.566666667,34.379899225],[132.566658612,34.379935559],[132.566658613,34.380112495],[132.566666667,34.380119892],[132.566776667,34.380220829],[132.566983061,34.380279721],[132.567248885,34.380427495],[132.56733694,34.380594721],[132.567317225,34.380811108],[132.567268054,34.380978333],[132.567258327,34.381184721],[132.567238612,34.381410828],[132.567150272,34.381538613],[132.566914449,34.381656667],[132.566796394,34.381627225],[132.566666667,34.381578892],[132.566624163,34.381563054],[132.566606667,34.381560829],[132.566398054,34.381533613],[132.566073334,34.381543613],[132.565768328,34.381573054],[132.565522503,34.381691107],[132.565119169,34.381818893],[132.564696109,34.381946667],[132.564430558,34.381976387],[132.564253605,34.38203528],[132.564066667,34.382113891],[132.563928885,34.382222224],[132.563830558,34.382379441],[132.563693333,34.382645],[132.563594721,34.382733333],[132.563152217,34.383008893],[132.562975421,34.383090333],[132.56271445,34.383210559],[132.562488328,34.383181108],[132.56239,34.383082494],[132.562242218,34.382895829],[132.561957224,34.382807225],[132.561583333,34.382767775],[132.560709442,34.382903614],[132.560570272,34.382925279],[132.560029442,34.383181108],[132.559748172,34.383333333],[132.559521946,34.383455829],[132.559324164,34.383563054],[132.559091388,34.383689162],[132.559009999,34.383733334],[132.558976939,34.383751108],[132.558603061,34.384056108],[132.558480272,34.384279442],[132.558429728,34.384371667],[132.558352776,34.384511667],[132.558333332,34.384546892],[132.558314448,34.384581108],[132.558152776,34.384875279],[132.558003061,34.385148054],[132.557841115,34.385030829],[132.557761388,34.384973333],[132.557566109,34.384831667],[132.557541115,34.384813614],[132.557406939,34.38474],[132.557115836,34.384581108],[132.557019728,34.384528333],[132.556724721,34.38437083],[132.556608326,34.384311387],[132.556486668,34.384249162],[132.556262504,34.384134722],[132.555947497,34.384063054],[132.555938327,34.38406083],[132.555701661,34.384006946],[132.555509442,34.383923054],[132.555376939,34.383865559],[132.555133606,34.383759441],[132.554934721,34.383672495],[132.554805837,34.383586387],[132.554728327,34.383534721],[132.554561115,34.383564442],[132.554452776,34.383652495],[132.554206939,34.383918054],[132.55403,34.384252495],[132.553931388,34.384508333],[132.553675837,34.384734441],[132.553521194,34.384806775],[132.553065837,34.38501972],[132.55183166,34.385349163],[132.551633022,34.385393334],[132.551320896,34.385486802],[132.550974423,34.385297387],[132.550803774,34.385179802],[132.550733476,34.385145829],[132.55066428,34.385117694],[132.550605668,34.385108667],[132.550529248,34.385114135],[132.549999999,34.385253495],[132.549883695,34.385284135],[132.549592335,34.385324973],[132.549467496,34.385369919],[132.549085357,34.385520306],[132.548917807,34.385631225],[132.548804994,34.385745865],[132.548756861,34.385770775],[132.548562438,34.385774027],[132.548471894,34.385764829],[132.548276861,34.385709829],[132.548127392,34.385696],[132.548009468,34.385708468],[132.547888223,34.385745865],[132.54781847,34.385781865],[132.547720506,34.385812333],[132.547551089,34.385841414],[132.547321894,34.385873252],[132.546997497,34.385934163],[132.546358328,34.386051946],[132.546171388,34.386051946],[132.545689442,34.385875],[132.545276394,34.385668613],[132.545242892,34.38565536],[132.544961115,34.385575414],[132.544847834,34.385534559],[132.544629001,34.385436198],[132.544479728,34.385353891],[132.544342776,34.385296865],[132.544136978,34.385265],[132.544056355,34.385235802],[132.543980143,34.385181613],[132.543831699,34.385011865],[132.543596304,34.384698919],[132.543466305,34.384615892],[132.543360726,34.384527803],[132.54317345,34.384403973],[132.54313144,34.384366892],[132.543069559,34.384267135],[132.54304808,34.384249946],[132.542943308,34.384195585],[132.542804669,34.384117865],[132.542733696,34.384062136],[132.542609105,34.383956865],[132.54252,34.383877081],[132.542482866,34.383837162],[132.54242511,34.383751163],[132.542375615,34.383592973],[132.542302775,34.383509027],[132.542213723,34.383425919],[132.54213878,34.383333333],[132.542122866,34.383313667],[132.542053839,34.383222163],[132.542029921,34.383156135],[132.542002672,34.382954559],[132.541985357,34.382888532],[132.541970506,34.382856891],[132.541908327,34.382759865],[132.541848612,34.382742775],[132.541666667,34.382742775],[132.541612503,34.382742775],[132.541307782,34.382732775],[132.541012503,34.382634441],[132.540648613,34.382467225],[132.539960272,34.381906946],[132.53969,34.381636386],[132.539335837,34.381488891],[132.539281115,34.381481668],[132.539109442,34.38145944],[132.538883334,34.381488892],[132.538627497,34.381488892],[132.538411116,34.381410279],[132.538224164,34.381311667],[132.537732503,34.380987224],[132.537486939,34.380701946],[132.537211388,34.380514999],[132.537014721,34.380475829],[132.536709728,34.380426946],[132.536345837,34.380200559],[132.535804721,34.379580829],[132.535622776,34.379143054],[132.535465551,34.378769441],[132.535357224,34.378690829],[132.535033061,34.378523613],[132.534865837,34.378425],[132.534688612,34.378395559],[132.534206667,34.377982775],[132.533980558,34.377815559],[132.533852503,34.377697495],[132.533695279,34.377608892],[132.533459171,34.377461387],[132.53341,34.377402496],[132.533390272,34.377294162],[132.533429729,34.377186108],[132.533429728,34.376999162],[132.533333333,34.376952054],[132.533198328,34.376886108],[132.532746109,34.376886108],[132.532323333,34.376787774],[132.531910273,34.376630279],[132.531408611,34.376305559],[132.531310272,34.376234441],[132.531054449,34.37605],[132.530769171,34.375666668],[132.53072,34.375536946],[132.530631388,34.375302775],[132.530597005,34.374999999],[132.530582219,34.374869721],[132.530543061,34.374446947],[132.530521946,34.374390559],[132.530509441,34.374356667],[132.530419999,34.374117495],[132.530248613,34.373774721],[132.53023,34.373736667],[132.53020694,34.373691108],[132.530174448,34.373625829],[132.530047782,34.37344],[132.53000166,34.373371947],[132.529918885,34.373250559],[132.529885279,34.373201108],[132.529859728,34.373163613],[132.529574449,34.373035559],[132.529416939,34.372878333],[132.529271115,34.372683892],[132.52917,34.372549162],[132.528988885,34.372307495],[132.528960272,34.372269441],[132.528821388,34.372084162],[132.528798326,34.372053333],[132.528708612,34.371933892],[132.52855917,34.371711108],[132.528428327,34.371515829],[132.528291387,34.371203613],[132.528113892,34.370798054],[132.52801555,34.370532496],[132.527931946,34.370239441],[132.527913333,34.370175001],[132.527903333,34.37014],[132.527903061,34.370138333],[132.527573334,34.368985279],[132.527559728,34.368937495],[132.527504163,34.368742775],[132.527412777,34.368527224],[132.527395837,34.368486946],[132.527071388,34.36830972],[132.52661389,34.368068892],[132.52589611,34.367724721],[132.525,34.367304027],[132.524932218,34.367272225],[132.524734449,34.367183892],[132.524381388,34.367026108],[132.524193333,34.366932225],[132.524058055,34.366864441],[132.523791388,34.366731108],[132.523717613,34.366666667],[132.523666395,34.366621946],[132.523634163,34.366593613],[132.522989729,34.366087226],[132.521788612,34.365139722],[132.520894994,34.364434721],[132.519297781,34.363137495],[132.51816,34.362213613]]},"properties":{"city_code":"34107","city_name":"安芸区","prefecture_code":"34","prefecture_name":"広島県"}},{"type":"Feature","geometry":{"type":"LineString","coordinates":[[132.388198885,34.337003055],[132.388172218,34.336997494],[132.388131388,34.337003054],[132.388063606,34.337008892],[132.388015551,34.337048333],[132.387961388,34.337098893],[132.387907223,34.337132495],[132.387875278,34.33718],[132.387900272,34.33725056],[132.387886667,34.337284442],[132.387920558,34.337363054],[132.38794917,34.337398054],[132.388015551,34.337436667],[132.38802917,34.337436667],[132.388053891,34.33747],[132.388086109,34.337489162],[132.388136395,34.337520279],[132.388165278,34.337521386],[132.388227225,34.337501946],[132.388283891,34.337498892],[132.38832694,34.337486108],[132.388358885,34.337466668],[132.388391114,34.337434721],[132.388403892,34.337405829],[132.388402776,34.337385829],[132.38844166,34.337362224],[132.388448885,34.337344721],[132.388470272,34.337330829],[132.388477782,34.337313054],[132.388396108,34.337194721],[132.388385279,34.337178333],[132.388374721,34.337111386],[132.388267224,34.337053892],[132.388226394,34.337031387],[132.388198885,34.337003055]]},"properties":{"city_code":"34108","city_name":"佐伯区","prefecture_code":"34","prefecture_name":"広島県"}},{"type":"Feature","geometry":{"type":"LineString","coordinates":[[132.352305357,34.35421464],[132.352768911,34.353345802],[132.354156394,34.353856414],[132.356222762,34.35],[132.356542335,34.349403585],[132.355010985,34.348840208],[132.35494192,34.348970613],[132.354402996,34.35],[132.352740441,34.353175586],[132.350668029,34.352430163],[132.350107782,34.353453631],[132.352305357,34.35421464]]},"properties":{"city_code":"34108","city_name":"佐伯区","prefecture_code":"34","prefecture_name":"広島県"}},{"type":"Feature","geometry":{"type":"LineString","coordinates":[[132.36157917,34.552278054],[132.361484448,34.552257775],[132.361456666,34.552219162],[132.361414449,34.552160279],[132.361393892,34.551982224],[132.361338327,34.551829162],[132.361299442,34.551723333],[132.361093891,34.551552495],[132.360848886,34.551310279],[132.360744721,34.551143892],[132.360669728,34.550922225],[132.360658327,34.550730279],[132.36069917,34.55064],[132.360814995,34.550566947],[132.360930558,34.550538613],[132.361066667,34.550533053],[132.361262775,34.550522495],[132.361462776,34.550522495],[132.361794449,34.550431667],[132.361882776,34.550330279],[132.361916667,34.550263613],[132.361916939,34.550262775],[132.361930558,34.550093614],[132.361940441,34.55],[132.361956394,34.549848892],[132.362008612,34.549644162],[132.362117224,34.54936],[132.362251946,34.549188892],[132.362480272,34.548996108],[132.362772217,34.548638613],[132.362883061,34.54841],[132.362930558,34.548291667],[132.362967783,34.548071667],[132.36316917,34.547860829],[132.363304722,34.547717225],[132.363543061,34.547458333],[132.363624721,34.547278054],[132.363672503,34.546996387],[132.363753606,34.546779441],[132.363883061,34.546551387],[132.363971659,34.546337496],[132.364047781,34.546115],[132.363876395,34.545667225],[132.363814994,34.545509721],[132.363801389,34.545408332],[132.363808327,34.545216668],[132.36401166,34.544766108],[132.364012503,34.544580279],[132.363958053,34.544411387],[132.363895279,34.544270829],[132.36389,34.544259162],[132.363692776,34.543797495],[132.36355,34.543560829],[132.363448053,34.543487495],[132.363304994,34.543431387],[132.362989442,34.543423333],[132.362694993,34.543432226],[132.362549999,34.54342],[132.362379729,34.543363613],[132.362093891,34.543239721],[132.361851388,34.543176946],[132.361372777,34.543076387],[132.361154994,34.542980559],[132.36104611,34.542885001],[132.361005279,34.542811667],[132.36088083,34.542500278],[132.360851659,34.542322495],[132.360855837,34.542175558],[132.360951115,34.541809441],[132.360951245,34.541808532],[132.360973476,34.541666667],[132.360993333,34.541539999],[132.360924163,34.541337225],[132.360862503,34.54119556],[132.360828612,34.541139162],[132.360638054,34.540958891],[132.360590272,34.540919441],[132.360128612,34.540616387],[132.359971116,34.540463333],[132.359889728,34.540345],[132.359752218,34.540089721],[132.359719728,34.539838892],[132.359743061,34.53959556],[132.359760558,34.539049441],[132.359916939,34.538452775],[132.359916939,34.538148613],[132.359470558,34.538038614],[132.359264162,34.537944162],[132.359195837,34.537816109],[132.35917555,34.537754163],[132.35917555,34.537692225],[132.359202776,34.537585279],[132.35923,34.537500829],[132.359445279,34.536980559],[132.359638054,34.536543333],[132.359672503,34.536445279],[132.359716109,34.536049721],[132.359753891,34.535901387],[132.359821946,34.535788892],[132.35991694,34.53571556],[132.36005306,34.535648054],[132.360285551,34.535559721],[132.360500001,34.535348054],[132.360543061,34.535169161],[132.360549728,34.534938333],[132.36053611,34.534881946],[132.360497225,34.534797495],[132.360431115,34.534762775],[132.360097782,34.534771387],[132.359726667,34.534735559],[132.359495279,34.534673613],[132.358948054,34.534499162],[132.358774163,34.534465],[132.358333333,34.534449108],[132.358311387,34.534448333],[132.35792166,34.534378892],[132.357597224,34.534284999],[132.357324994,34.534206108],[132.357236667,34.534166666],[132.357000272,34.534044441],[132.356637782,34.53379472],[132.356440558,34.533727225],[132.356222776,34.533648333],[132.355909442,34.533453892],[132.355796939,34.533333334],[132.355761946,34.533295829],[132.355494721,34.533017495],[132.355358884,34.532983892],[132.355148054,34.532919721],[132.355047224,34.532889162],[132.354957224,34.532825829],[132.354874721,34.532768054],[132.354487782,34.532555559],[132.354351946,34.532493613],[132.354053891,34.532361667],[132.353839999,34.532244721],[132.353508327,34.532020558],[132.353324721,34.531879722],[132.353113061,34.531673613],[132.353019443,34.531518613],[132.352914449,34.531318334],[132.352807497,34.531136667],[132.352726109,34.531029441],[132.352578327,34.530877225],[132.352405837,34.530758054],[132.352222503,34.530748054],[132.3521,34.530798613],[132.351916395,34.530911387],[132.351800558,34.531023613],[132.351579443,34.531208053],[132.351403333,34.531311108],[132.351235837,34.531367225],[132.351065837,34.531378613],[132.350909442,34.531350279],[132.350717224,34.531277495],[132.350561946,34.531198613],[132.350418326,34.531049999],[132.350315551,34.530894442],[132.350235837,34.530736387],[132.350147224,34.530646387],[132.350011114,34.530584162],[132.35,34.530581694],[132.349834449,34.530545],[132.349667498,34.530473054],[132.349597224,34.530323333],[132.349460001,34.530122494],[132.349215551,34.529891667],[132.349024994,34.529762225],[132.348833333,34.529679721],[132.348567497,34.529515],[132.348446666,34.529401667],[132.348410078,34.529319802],[132.348398885,34.529294721],[132.348317497,34.529058055],[132.348242502,34.529041388],[132.348050271,34.529042225],[132.347838055,34.529015559],[132.347638613,34.529015559],[132.347296666,34.529058054],[132.347041115,34.529068892],[132.346943891,34.529050278],[132.346818885,34.529026108],[132.346590557,34.528956946],[132.346351115,34.528827225],[132.346167496,34.528697775],[132.346017782,34.528556946],[132.345836109,34.528330279],[132.345616666,34.528151667],[132.345317224,34.528005],[132.345140272,34.527892225],[132.344991388,34.527795559],[132.344978611,34.527684721],[132.34491555,34.527509162],[132.344772776,34.527334722],[132.344507497,34.527188054],[132.344103333,34.527077225],[132.343895278,34.526974441],[132.343806667,34.526833333],[132.343718327,34.526405279],[132.343648054,34.526175279],[132.343522219,34.525973893],[132.343418885,34.525757775],[132.343303333,34.525453613],[132.343186939,34.525233054],[132.342993165,34.525],[132.342901946,34.524890279],[132.34267083,34.524636946],[132.342542503,34.524473055],[132.34252445,34.524185559],[132.342527782,34.524028612],[132.342534722,34.523859721],[132.342548327,34.523791947],[132.342609442,34.523696387],[132.342657224,34.523668054],[132.342738884,34.523651108],[132.342861388,34.52364],[132.34301917,34.52364],[132.343166109,34.523530829],[132.343304449,34.52338528],[132.343487224,34.523104721],[132.34359611,34.522964441],[132.344262776,34.522333333],[132.344326939,34.522280559],[132.344358054,34.522254721],[132.344439728,34.522209441],[132.344943334,34.521975279],[132.34503166,34.521882775],[132.34503166,34.521787225],[132.344997782,34.521685829],[132.344956939,34.521421108],[132.344958327,34.521145559],[132.345008612,34.520945279],[132.345058884,34.520823892],[132.345058885,34.520694721],[132.344936395,34.520463614],[132.344636938,34.519917495],[132.344465278,34.519605559],[132.344426109,34.519534441],[132.344366939,34.519468334],[132.344009443,34.519104162],[132.343555279,34.518728892],[132.343464449,34.518606109],[132.343371946,34.518165559],[132.343331115,34.518002225],[132.343303891,34.517951667],[132.343249443,34.517895279],[132.343106394,34.517810829],[132.342725551,34.517467775],[132.342643061,34.517283892],[132.342596109,34.517146388],[132.34250083,34.516977494],[132.342424721,34.516886667],[132.342282218,34.516716108],[132.34225,34.516666667],[132.342044994,34.516352225],[132.34188166,34.516239721],[132.341779728,34.516205829],[132.341666667,34.516149972],[132.341515551,34.516075279],[132.341324994,34.515903333],[132.341167497,34.515760829],[132.341065278,34.515631386],[132.340798885,34.515256667],[132.340643333,34.514888332],[132.340636939,34.514685001],[132.340657497,34.514628613],[132.341229727,34.514083334],[132.341337782,34.513947495],[132.341460272,34.513733334],[132.34156555,34.513490559],[132.341623334,34.513349441],[132.341623606,34.513018054],[132.341643891,34.512882775],[132.341666667,34.512845721],[132.341841115,34.512561945],[132.342208612,34.512083333],[132.342224163,34.512052775],[132.342263061,34.511976387],[132.342337781,34.511773612],[132.342378612,34.511581947],[132.34246,34.511425279],[132.342694163,34.511216946],[132.342943333,34.511063892],[132.34304555,34.510951108],[132.343109442,34.510842225],[132.343099727,34.510722495],[132.343046667,34.510565559],[132.342871946,34.510110279],[132.342807496,34.509988053],[132.34275306,34.509920558],[132.342664448,34.509858613],[132.342453606,34.509751387],[132.342256109,34.509587225],[132.342111946,34.509397774],[132.341841115,34.508946387],[132.34177166,34.508805559],[132.341705551,34.508481666],[132.341701946,34.508333333],[132.341698327,34.508185829],[132.341666667,34.507963107],[132.341657496,34.507898613],[132.341664721,34.507093333],[132.341651114,34.506862225],[132.341666667,34.506819],[132.341792503,34.506469441],[132.341843606,34.506372225],[132.341930001,34.506209161],[132.341957225,34.506130279],[132.341950272,34.505944441],[132.34176,34.505443054],[132.341684994,34.505268613],[132.341678327,34.505178333],[132.341698612,34.505099721],[132.341802504,34.504979442],[132.34193083,34.504856387],[132.342691946,34.504311108],[132.342796394,34.504198053],[132.34275306,34.504086386],[132.342743891,34.504063054],[132.342686109,34.503945278],[132.342654449,34.503743891],[132.34267166,34.503601386],[132.342691946,34.503477775],[132.342739728,34.503308613],[132.342739169,34.50323],[132.34254083,34.502771109],[132.342482776,34.502657496],[132.342348327,34.502395279],[132.342305279,34.502243892],[132.342273333,34.502121666],[132.342253891,34.502035829],[132.342223333,34.501524441],[132.342234163,34.501364441],[132.342335279,34.500926107],[132.342355838,34.500779721],[132.342355838,34.500661387],[132.342326109,34.500564721],[132.342272504,34.500488612],[132.342194163,34.500440559],[132.342091115,34.500400559],[132.341710272,34.500335],[132.341666667,34.500327802],[132.341540272,34.500306946],[132.34146555,34.500245],[132.341450829,34.500028892],[132.341456134,34.5],[132.341553891,34.499467494],[132.341662776,34.498926946],[132.341653061,34.498823893],[132.34162389,34.498723892],[132.341535551,34.498691946],[132.341180272,34.498633893],[132.341064721,34.498611387],[132.34082,34.49854944],[132.340622776,34.498453892],[132.340401115,34.498355],[132.340337497,34.498283054],[132.34030306,34.498226945],[132.340289727,34.498132774],[132.340283061,34.49793],[132.340214993,34.497682225],[132.340187782,34.497597495],[132.340126667,34.497506946],[132.340103606,34.497483892],[132.340038612,34.497418892],[132.339916109,34.497322776],[132.339793606,34.497253892],[132.339542503,34.497163892],[132.33937917,34.497096387],[132.339358886,34.497000559],[132.339311389,34.496876666],[132.339167224,34.496612224],[132.339073333,34.496448892],[132.338998612,34.496353054],[132.338767498,34.496139162],[132.338597782,34.496009441],[132.338399442,34.495898054],[132.338267224,34.49585],[132.338033605,34.495818054],[132.337870272,34.495795559],[132.337754994,34.495756108],[132.337673333,34.495711109],[132.337557782,34.495592775],[132.337265551,34.495277225],[132.33719083,34.495113892],[132.337156667,34.49499],[132.337170272,34.494826667],[132.33719083,34.494719721],[132.337206394,34.494503054],[132.33719166,34.494426946],[132.337147497,34.494366945],[132.337078885,34.494303055],[132.336997224,34.494236386],[132.336878326,34.494139441],[132.336688054,34.493959162],[132.336599728,34.493835279],[132.336246394,34.493441108],[132.336042218,34.493283333],[132.335831659,34.49317083],[132.33575,34.493136945],[132.335151946,34.492894721],[132.335078885,34.492835278],[132.334921945,34.492675279],[132.334848612,34.492611387],[132.334750557,34.492559162],[132.334635279,34.492506108],[132.333983334,34.492353892],[132.333677224,34.492246946],[132.333378327,34.492173892],[132.333333333,34.492167],[132.332753061,34.492078054],[132.332487782,34.492061108],[132.332386109,34.492056108],[132.332148053,34.492044163],[132.331495551,34.492016108],[132.331216939,34.492010279],[132.330672218,34.492057495],[132.330549728,34.492041667],[132.330510272,34.491863892],[132.330457834,34.491666668],[132.330421946,34.491531667],[132.33036083,34.491435829],[132.330082219,34.491030279],[132.329993891,34.490917775],[132.329898612,34.490827494],[132.329721946,34.490698054],[132.329218886,34.490461387],[132.329216304,34.490460721],[132.328981116,34.490399441],[132.328756393,34.490363333],[132.32886083,34.489952225],[132.329002776,34.489468054],[132.329022503,34.489216109],[132.329028612,34.488969162],[132.329062502,34.488811387],[132.329157782,34.488653613],[132.329334449,34.488484721],[132.329464163,34.488383054],[132.32956694,34.488243054],[132.329674164,34.488062225],[132.329701387,34.487735559],[132.329762776,34.487544162],[132.33002083,34.487105],[132.33007528,34.486947225],[132.330102776,34.486547495],[132.330245551,34.486119442],[132.33037445,34.485933333],[132.33053083,34.485741946],[132.330592776,34.485592225],[132.330595551,34.485582494],[132.330617224,34.485508054],[132.330607497,34.485416108],[132.330563333,34.485284162],[132.330435837,34.485094162],[132.330163891,34.484874441],[132.329776667,34.484576109],[132.329728885,34.484547775],[132.329654163,34.48448028],[132.329599728,34.484412775],[132.329559169,34.484328054],[132.329504722,34.484249442],[132.329450272,34.484204441],[132.32934166,34.484153892],[132.329114162,34.484029441],[132.328899728,34.483945559],[132.32863472,34.483844162],[132.328321946,34.483714441],[132.328206109,34.483642226],[132.327986108,34.483504721],[132.327863605,34.483452775],[132.327669443,34.483382225],[132.327599494,34.483333332],[132.327540272,34.483291946],[132.327302777,34.483038613],[132.327221115,34.482988054],[132.327132776,34.482965279],[132.326923891,34.482868892],[132.326595837,34.482751386],[132.326181388,34.482407774],[132.326004449,34.482300829],[132.325660389,34.482056225],[132.325623892,34.482030279],[132.32530445,34.481748892],[132.325,34.481462],[132.324996393,34.481458613],[132.324781115,34.481219441],[132.32463166,34.481055829],[132.324427782,34.480875829],[132.324353333,34.480836388],[132.324181116,34.480749162],[132.324019442,34.480697226],[132.323863891,34.480667225],[132.323734722,34.480673055],[132.323449171,34.480830559],[132.323326939,34.480881387],[132.323176109,34.480925279],[132.323082776,34.480933333],[132.322970271,34.480925279],[132.322896668,34.480897224],[132.322810273,34.480841946],[132.322654162,34.480712495],[132.322553605,34.480681108],[132.322319999,34.480629441],[132.322286939,34.480622225],[132.321712218,34.480531668],[132.321604448,34.480491667],[132.321496667,34.480431667],[132.321423891,34.480357495],[132.321369442,34.480295559],[132.321321945,34.480211108],[132.32109083,34.479805559],[132.320859999,34.479523891],[132.320764721,34.479433892],[132.32058083,34.479210279],[132.320356939,34.479022495],[132.32015306,34.478865],[132.319935551,34.478741108],[132.319874449,34.478712775],[132.319745279,34.478712775],[132.319310272,34.478802775],[132.319160558,34.478835279],[132.319018612,34.478851108],[132.318916108,34.478847775],[132.318705279,34.478796946],[132.31839611,34.478663054],[132.31817934,34.478502495],[132.31812083,34.478459162],[132.317794721,34.478239442],[132.317604163,34.478166108],[132.317394449,34.478128613],[132.317223333,34.478084721],[132.31702,34.477980279],[132.316863606,34.477884441],[132.316666667,34.477705414],[132.316653061,34.477693054],[132.316510272,34.477597225],[132.316134994,34.477542775],[132.315958612,34.477542775],[132.315721946,34.477591667],[132.31545,34.477608613],[132.315055838,34.477648054],[132.314904994,34.477677495],[132.314718612,34.477685279],[132.314532503,34.477665],[132.31432166,34.477642494],[132.314192503,34.477648054],[132.313968327,34.477692775],[132.313866394,34.47770972],[132.313469169,34.477813053],[132.313295278,34.477833613],[132.312996109,34.477878892],[132.312948612,34.477880279],[132.312711946,34.477886667],[132.312354163,34.477842775],[132.312148328,34.477774721],[132.311997497,34.477754721],[132.311678054,34.477766108],[132.311514994,34.477794162],[132.311270271,34.477788613],[132.311070273,34.477746667],[132.310733333,34.477619442],[132.310461388,34.47758],[132.310203061,34.477557495],[132.30967,34.477548333],[132.309475838,34.477529441],[132.309136109,34.477484441],[132.309027224,34.477433613],[132.308797782,34.477388333],[132.3087,34.477320559],[132.308660558,34.477264442],[132.308631388,34.477208333],[132.308606109,34.477033892],[132.308582218,34.476956387],[132.308544994,34.476876108],[132.30843611,34.476752225],[132.308333333,34.476673279],[132.308252776,34.476611386],[132.30781083,34.476250828],[132.307749728,34.476166387],[132.307743917,34.476154333],[132.307668326,34.475997495],[132.307634163,34.475856947],[132.307736108,34.475305],[132.307728003,34.474999999],[132.307722503,34.474792225],[132.30768166,34.47437],[132.30769528,34.474111108],[132.307715838,34.473992775],[132.307743062,34.473863333],[132.307780271,34.473753053],[132.307804994,34.473705],[132.307912776,34.473629162],[132.308143891,34.473497225],[132.308333333,34.473384946],[132.308334164,34.473384441],[132.308572218,34.473198613],[132.30859917,34.473173613],[132.308857224,34.472934999],[132.308891388,34.472866947],[132.308932503,34.472736667],[132.309000272,34.472618333],[132.309027224,34.472598893],[132.309163606,34.472500558],[132.309213333,34.472453613],[132.309252503,34.472361387],[132.309277224,34.472233613],[132.309319728,34.472038613],[132.309367496,34.471897774],[132.309428612,34.471779441],[132.309550829,34.471627495],[132.309836395,34.471379441],[132.310271115,34.470996947],[132.310525278,34.47077],[132.310706668,34.470650001],[132.31082166,34.470591387],[132.311141115,34.470512495],[132.311290558,34.47049],[132.311448612,34.470418892],[132.311600272,34.470375001],[132.31178,34.47036028],[132.312004164,34.470343334],[132.312235279,34.470298333],[132.312357782,34.470258893],[132.312513606,34.470173333],[132.312641115,34.470069721],[132.312792776,34.469881946],[132.312833607,34.469769162],[132.312908327,34.469431108],[132.312938326,34.469166387],[132.312996667,34.469025829],[132.313016939,34.468969441],[132.313098613,34.468896108],[132.313159728,34.468868054],[132.31326166,34.468851108],[132.31335,34.46884556],[132.313447497,34.468832494],[132.313550559,34.468800559],[132.313555552,34.468798054],[132.313751661,34.468694162],[132.313938053,34.468586388],[132.314084163,34.468462776],[132.314247223,34.468248613],[132.314281115,34.468186668],[132.31428083,34.468138333],[132.31425166,34.468082496],[132.314109443,34.467902495],[132.314006394,34.467786388],[132.313996667,34.467718333],[132.313988885,34.467640279],[132.314029728,34.467133333],[132.314050558,34.466822495],[132.31408611,34.466666667],[132.314097782,34.466615559],[132.314111388,34.466108613],[132.3141,34.465919721],[132.314084163,34.465652495],[132.314063607,34.46553972],[132.313988886,34.465275],[132.313885552,34.464973055],[132.313839442,34.464672496],[132.313791946,34.464430279],[132.313798612,34.464300829],[132.313832503,34.464238892],[132.31417917,34.463867226],[132.314356109,34.463692495],[132.31451917,34.463461667],[132.314604721,34.463281667],[132.314673334,34.463169721],[132.31483166,34.463011388],[132.315008327,34.462797225],[132.315028884,34.462740829],[132.31502611,34.462681667],[132.314976938,34.462533612],[132.315072502,34.462324162],[132.315224162,34.462044162],[132.315008327,34.461963614],[132.314933606,34.461941108],[132.314730272,34.461867225],[132.314666394,34.461807225],[132.314411661,34.46155556],[132.314213333,34.461338614],[132.313954994,34.461062775],[132.31385306,34.460961388],[132.313691388,34.460827495],[132.31360306,34.460731388],[132.313529728,34.460619441],[132.31347083,34.460563333],[132.313358054,34.460471387],[132.313250272,34.460395559],[132.313112218,34.460330559],[132.312575552,34.460150279],[132.311997782,34.459902495],[132.311856939,34.459836108],[132.31176389,34.459756108],[132.311630829,34.459609441],[132.31129083,34.459125279],[132.311099728,34.458867776],[132.31096472,34.458686108],[132.310769171,34.458333333],[132.310733606,34.458269163],[132.310546939,34.458047775],[132.310339442,34.457739721],[132.310087782,34.457340278],[132.309916939,34.457128892],[132.309881946,34.456971946],[132.309903606,34.456852775],[132.309972218,34.456732775],[132.310101387,34.456596667],[132.310237498,34.456467225],[132.310407224,34.456337495],[132.310495551,34.456292495],[132.311053061,34.456067226],[132.311141388,34.45604472],[132.311426939,34.455960279],[132.31177,34.455854721],[132.311956939,34.455830829],[132.312113333,34.455819721],[132.312225837,34.455798892],[132.312333606,34.455754721],[132.312541388,34.455628054],[132.312949442,34.455369161],[132.31299694,34.455352225],[132.313091946,34.455295829],[132.313295837,34.455233892],[132.313411388,34.455177495],[132.313506667,34.455115559],[132.313625551,34.454994441],[132.313826109,34.454704442],[132.313982503,34.454445279],[132.314110558,34.454308055],[132.314326109,34.454131947],[132.314453606,34.45404],[132.314668611,34.45395],[132.314763891,34.453904721],[132.314899728,34.45382028],[132.315144449,34.453656946],[132.315398327,34.453448333],[132.315620272,34.453341667],[132.316116395,34.453043054],[132.316323061,34.452909162],[132.316425836,34.452842495],[132.316636394,34.452754441],[132.316666667,34.452740974],[132.31691166,34.452631945],[132.317101946,34.45257],[132.317486939,34.452348054],[132.317652503,34.452299721],[132.317863061,34.452260559],[132.318216666,34.452153333],[132.318930273,34.451871667],[132.319236109,34.451725279],[132.319385552,34.451646387],[132.319943061,34.451348054],[132.320201115,34.451207226],[132.32031,34.451122776],[132.320364449,34.451054999],[132.320402776,34.450986668],[132.320407782,34.45091083],[132.320393061,34.450814721],[132.320221661,34.450503055],[132.319949728,34.45003],[132.31994114,34.45],[132.319903061,34.449866667],[132.319868054,34.449573892],[132.319881659,34.449489441],[132.319929442,34.449410558],[132.320044993,34.449326108],[132.320309999,34.449174162],[132.320819728,34.448830559],[132.321220831,34.448576945],[132.321818054,34.448211946],[132.321968328,34.448103892],[132.322159171,34.447964441],[132.322370272,34.447778892],[132.322467781,34.447677225],[132.322548885,34.447575558],[132.322619442,34.447452225],[132.322731388,34.447313054],[132.32278166,34.447138332],[132.322819728,34.447085278],[132.322921388,34.447042225],[132.323252503,34.446939441],[132.323517783,34.446893054],[132.32368083,34.446881945],[132.323772218,34.446851108],[132.32383166,34.446820279],[132.323902219,34.446776108],[132.32396166,34.446714162],[132.323999728,34.446603613],[132.324000273,34.446470829],[132.323999729,34.446418053],[132.324032218,34.446320829],[132.324115837,34.446166667],[132.324259442,34.445927495],[132.324381115,34.445794721],[132.324659728,34.445485],[132.32485166,34.445233613],[132.325,34.445108613],[132.325074162,34.445046109],[132.325298612,34.444848892],[132.325366394,34.444775559],[132.325531388,34.444579441],[132.325638327,34.444420829],[132.325651479,34.44439864],[132.325814993,34.444122225],[132.32598166,34.443661387],[132.32602083,34.443565559],[132.326064721,34.443521387],[132.326153061,34.443469441],[132.326231387,34.443449442],[132.326285279,34.443433613],[132.326349171,34.443393613],[132.326530272,34.443237495],[132.326732776,34.443097225],[132.327045278,34.442871946],[132.327478054,34.442588892],[132.327582218,34.442488892],[132.327799728,34.442241388],[132.328180272,34.441897775],[132.328295837,34.441824441],[132.328526939,34.441711945],[132.328596835,34.441666667],[132.328966939,34.441426946],[132.329131389,34.441289162],[132.329323839,34.441074305],[132.329450557,34.440932775],[132.329566939,34.440793613],[132.32968917,34.440669721],[132.32980472,34.440506387],[132.329844163,34.440452775],[132.330056394,34.440162775],[132.330185551,34.439948892],[132.330260272,34.439757225],[132.330518612,34.439374721],[132.330776667,34.439059162],[132.330990001,34.43890528],[132.331225279,34.438766387],[132.331395278,34.438642225],[132.331450559,34.438589441],[132.331576109,34.438303333],[132.331688885,34.438167495],[132.331883606,34.437953613],[132.331943891,34.437887495],[132.332428327,34.438028334],[132.332530272,34.438096108],[132.332795551,34.438326946],[132.332991389,34.438505559],[132.333133333,34.438581668],[132.333251115,34.438633613],[132.333333333,34.438652333],[132.33361083,34.438715559],[132.334093333,34.438805829],[132.334528327,34.438901387],[132.335004163,34.439008333],[132.335425551,34.439143614],[132.335523333,34.439180279],[132.335860558,34.439306946],[132.336115551,34.439422775],[132.336213333,34.439450829],[132.336655837,34.439492775],[132.336744163,34.439526667],[132.336947782,34.439667495],[132.337042776,34.439718054],[132.337423606,34.439943333],[132.337702218,34.440163054],[132.337756668,34.440196946],[132.338082776,34.440388333],[132.338248327,34.440488613],[132.338259442,34.440495558],[132.338497497,34.440619441],[132.339136394,34.440968333],[132.339190558,34.440985279],[132.339308327,34.440985279],[132.339376939,34.440965559],[132.339822503,34.440754441],[132.33995166,34.440726387],[132.340196395,34.440743333],[132.340363891,34.440769722],[132.34049166,34.44078972],[132.340783061,34.440776387],[132.340799728,34.440773108],[132.341067497,34.440720279],[132.341331388,34.440630559],[132.341626109,34.440544441],[132.341666667,34.44052836],[132.341820829,34.440467224],[132.341970272,34.440444721],[132.342235279,34.440450279],[132.342927781,34.440661946],[132.343373606,34.440741946],[132.343608054,34.440760278],[132.343755837,34.440761946],[132.343947783,34.440743333],[132.344329728,34.440706946],[132.34475,34.440619441],[132.344829729,34.440591108],[132.344942218,34.440535],[132.345231388,34.440346946],[132.345395551,34.440196946],[132.345585837,34.439999721],[132.345687782,34.439926668],[132.345888612,34.439804721],[132.346081946,34.439706945],[132.34619083,34.439667495],[132.34644917,34.439616947],[132.346639442,34.439594441],[132.347026667,34.439571946],[132.347284721,34.439577495],[132.347474994,34.439600279],[132.34772,34.439684441],[132.347916939,34.439780279],[132.348066394,34.439870558],[132.348222776,34.439932495],[132.348352776,34.439960559],[132.348379169,34.439966386],[132.348611946,34.439964441],[132.348841388,34.439938053],[132.349038327,34.439904441],[132.349201387,34.439853612],[132.349283062,34.439814162],[132.34956166,34.439543892],[132.349779169,34.439267775],[132.349896109,34.439156387],[132.35,34.43907736],[132.35003083,34.439053892],[132.350139442,34.439014441],[132.3502,34.439012495],[132.350385837,34.439052495],[132.350532776,34.439096387],[132.350859728,34.439256667],[132.351219999,34.439487495],[132.351424994,34.439640001],[132.351566395,34.439780279],[132.351777225,34.44],[132.351892776,34.440112775],[132.352014721,34.440236667],[132.352103333,34.440343613],[132.352286939,34.440563333],[132.352395837,34.440630829],[132.352662218,34.440711387],[132.352810271,34.440788613],[132.353000273,34.440873054],[132.353163607,34.440951945],[132.353251946,34.441041946],[132.353364721,34.441220279],[132.353413606,34.441396387],[132.353453062,34.441496387],[132.35351166,34.441584441],[132.353570558,34.441632225],[132.353651245,34.441666666],[132.354074162,34.441847225],[132.354210273,34.44187556],[132.354441389,34.441881108],[132.354583891,34.441903613],[132.354801947,34.441948333],[132.354953892,34.442052225],[132.355247782,34.442196387],[132.35534083,34.442232225],[132.355429171,34.442248332],[132.355479585,34.442244892],[132.355773333,34.442224721],[132.356529443,34.442135558],[132.356646939,34.442155559],[132.356806394,34.442218891],[132.357180001,34.442297775],[132.357236394,34.442311947],[132.357336394,34.442337226],[132.357880272,34.442500559],[132.358009442,34.44254583],[132.358172503,34.442630279],[132.358333333,34.442724468],[132.358428612,34.442780279],[132.358551115,34.442872495],[132.358600558,34.442928613],[132.358723062,34.443080829],[132.358824995,34.443165279],[132.359198612,34.443559441],[132.359293606,34.443717225],[132.359330001,34.443924441],[132.359271388,34.44414056],[132.359178053,34.444353333],[132.359110272,34.4445],[132.358994721,34.444657495],[132.358941114,34.444784162],[132.358872503,34.445152224],[132.358867783,34.445312225],[132.358892776,34.445457495],[132.358926667,34.445530559],[132.358941115,34.445584162],[132.358921659,34.445644162],[132.358892776,34.445682775],[132.358762777,34.445872225],[132.358668327,34.446093892],[132.358641116,34.446178333],[132.358586394,34.446480279],[132.358556939,34.446712225],[132.358601116,34.446911946],[132.358648054,34.44704],[132.35870917,34.447113054],[132.358811115,34.447197495],[132.358908054,34.447290559],[132.358961946,34.447370559],[132.358961945,34.447446387],[132.358892776,34.447642495],[132.358844995,34.447760829],[132.35882472,34.447941108],[132.358826667,34.44816],[132.35887917,34.448470559],[132.358946938,34.448645279],[132.358960558,34.448780279],[132.358978611,34.448972225],[132.359055837,34.449157775],[132.359069441,34.449253613],[132.359198612,34.449456387],[132.359294164,34.449598054],[132.359382503,34.449678054],[132.359534449,34.449749999],[132.359660557,34.449771387],[132.359889728,34.449848613],[132.360027496,34.449895279],[132.360287004,34.45],[132.360388885,34.450041108],[132.360652777,34.450103613],[132.360938328,34.450126387],[132.361237224,34.450148892],[132.361488611,34.45016],[132.361644994,34.450154441],[132.36177917,34.45011528],[132.36196445,34.450047775],[132.36202917,34.450015559],[132.362048911,34.45],[132.362171388,34.449903613],[132.362328054,34.449823613],[132.362514449,34.449767496],[132.362718885,34.449721108],[132.362820831,34.449709721],[132.362984721,34.449661947],[132.363131946,34.449586109],[132.363439171,34.44940556],[132.363534163,34.449360559],[132.363649728,34.449332225],[132.363909442,34.449308614],[132.364174163,34.449264721],[132.364234449,34.449230829],[132.364288885,34.449191667],[132.364506108,34.448943613],[132.364927782,34.4486],[132.36505,34.448470559],[132.365185837,34.448301946],[132.365355837,34.447941387],[132.36541694,34.447800559],[132.365451115,34.447716108],[132.365518885,34.447625829],[132.365585838,34.447571667],[132.36566917,34.447531667],[132.365747782,34.447511667],[132.365874994,34.447515559],[132.366368611,34.447671108],[132.366520558,34.447730495],[132.366666667,34.447787586],[132.366844163,34.447856946],[132.367045837,34.447955559],[132.36713917,34.447975559],[132.367224722,34.447986387],[132.367503333,34.447981667],[132.367788885,34.447958333],[132.367911115,34.447941387],[132.368210273,34.447918892],[132.368321946,34.447897775],[132.36867917,34.447806108],[132.368767497,34.44778944],[132.368917224,34.447738613],[132.369141388,34.447688054],[132.369286667,34.447663053],[132.369732776,34.447586668],[132.369963605,34.447530279],[132.370146939,34.447513333],[132.370464163,34.447495829],[132.370674163,34.447525829],[132.370751946,34.447547496],[132.37097611,34.447665279],[132.371030558,34.447669721],[132.371132504,34.447654441],[132.37161528,34.447637495],[132.371767496,34.447645278],[132.371873891,34.447672494],[132.372001946,34.447727225],[132.372193892,34.447794441],[132.37233083,34.447834162],[132.372403891,34.447839162],[132.372485278,34.44783],[132.372676108,34.447861108],[132.373015279,34.447882225],[132.37330166,34.447871666],[132.37372611,34.447946108],[132.374309728,34.448126387],[132.374443606,34.448196668],[132.374466667,34.448187225],[132.374595838,34.448134721],[132.374794163,34.448084163],[132.37493,34.448084162],[132.375,34.448095054],[132.375104994,34.448111387],[132.375326667,34.448158054],[132.375559728,34.448208613],[132.375781388,34.448274721],[132.376099728,34.448336666],[132.376228053,34.448422226],[132.376368054,34.448453333],[132.376546939,34.448395],[132.376593333,34.448328892],[132.376608885,34.448231946],[132.376694448,34.448080278],[132.376881114,34.448010279],[132.376922504,34.44800972],[132.377093061,34.448008054],[132.377246394,34.448006387],[132.377728327,34.448076387],[132.377746393,34.448082225],[132.377800272,34.448101108],[132.377896939,34.448128586],[132.37781659,34.447923081],[132.377743333,34.44780164],[132.377576109,34.447575252],[132.377138833,34.446904667],[132.377083891,34.446809387],[132.37705969,34.446736081],[132.377047716,34.446618332],[132.377352699,34.445774333],[132.377597302,34.445598027],[132.377566978,34.445223613],[132.378264838,34.445178081],[132.378932309,34.445269161],[132.381402139,34.445729613],[132.383333333,34.446101495],[132.383871971,34.446205225],[132.384927004,34.446384802],[132.385054812,34.445955974],[132.385073372,34.445931542],[132.385139493,34.44592582],[132.385179301,34.445922541],[132.385219715,34.445919199],[132.385378508,34.445949775],[132.385482348,34.44596609],[132.385588923,34.445993811],[132.385734695,34.446049081],[132.385821219,34.44606818],[132.385899793,34.446084658],[132.386044994,34.446128596],[132.38613441,34.446163919],[132.386205978,34.446187623],[132.386263917,34.446187577],[132.386299884,34.446169964],[132.386341647,34.446114883],[132.386354903,34.446069306],[132.386356213,34.446052099],[132.386359157,34.445959225],[132.386348586,34.445872027],[132.386360208,34.445833351],[132.386371026,34.445834225],[132.386382165,34.445836928],[132.38647581,34.445859631],[132.386478495,34.445850964],[132.386488948,34.445853189],[132.386515538,34.445864126],[132.386514877,34.445865514],[132.386526433,34.445871009],[132.38659179,34.445914072],[132.386616445,34.44599082],[132.386669001,34.446067198],[132.38667332,34.446092153],[132.386679754,34.446108928],[132.386700492,34.446133225],[132.386759844,34.446187839],[132.386840531,34.446233459],[132.386848067,34.446234828],[132.386893852,34.446218928],[132.386909637,34.446212648],[132.386965798,34.446180162],[132.387017627,34.446179946],[132.387068042,34.446191649],[132.387117446,34.446199017],[132.387145006,34.446202387],[132.387166667,34.446199143],[132.387192815,34.446185144],[132.387214073,34.446163973],[132.38726166,34.446081577],[132.387300636,34.446034198],[132.38735559,34.446003306],[132.387408535,34.44599354],[132.387455473,34.446015018],[132.387535525,34.446195262],[132.387580338,34.446233063],[132.387590999,34.446234576],[132.387603632,34.446236378],[132.387699793,34.446234333],[132.387796277,34.446259864],[132.38784061,34.446265721],[132.387860804,34.446265485],[132.387909961,34.446261377],[132.387971751,34.446224847],[132.387991933,34.446169278],[132.387992451,34.446110431],[132.387995927,34.446079811],[132.388050532,34.446055252],[132.388100428,34.44606709],[132.388151012,34.446099027],[132.388199689,34.446135973],[132.388327847,34.446163406],[132.388290558,34.446100225],[132.388260233,34.446060883],[132.388231842,34.446024063],[132.388259909,34.446021891],[132.388315551,34.445996243],[132.388377523,34.446002523],[132.388492102,34.445985396],[132.388504528,34.445983532],[132.388502905,34.445974531],[132.388562866,34.44594082],[132.388671128,34.445812441],[132.388703891,34.445749568],[132.388730921,34.445630658],[132.38880013,34.445468585],[132.388865344,34.44528736],[132.388874851,34.445289703],[132.388904113,34.445208341],[132.3888731,34.445081018],[132.388810624,34.444983775],[132.388570493,34.444915008],[132.388494681,34.444754207],[132.388536239,34.444746342],[132.388566836,34.44474055],[132.38861332,34.444731748],[132.388651595,34.444717414],[132.388918534,34.444580316],[132.389045175,34.444514117],[132.389053684,34.444509677],[132.389103476,34.444483658],[132.389296005,34.444383017],[132.389547833,34.44424909],[132.389565551,34.444241315],[132.389649494,34.44420455],[132.389693502,34.444188765],[132.389702737,34.44418545],[132.389741776,34.44417145],[132.389826407,34.444147973],[132.389847315,34.444142171],[132.389935589,34.444121964],[132.390054113,34.444106774],[132.390159079,34.444098533],[132.390267445,34.444099242],[132.390273956,34.444099279],[132.390280545,34.44406026],[132.390431686,34.444111271],[132.390722231,34.444135099],[132.390810052,34.444139261],[132.390820558,34.444139757],[132.390836446,34.444140514],[132.390928741,34.444132089],[132.390981076,34.44412064],[132.390998029,34.444116928],[132.391016368,34.44411291],[132.391085318,34.444091658],[132.391146537,34.444071153],[132.391158003,34.444067315],[132.391218793,34.444046937],[132.391469572,34.44396345],[132.391558119,34.44393209],[132.391600506,34.443911117],[132.391651141,34.443861207],[132.391666667,34.443860685],[132.392410078,34.443835423],[132.39265214,34.443586721],[132.392483397,34.443559792],[132.392472621,34.443561315],[132.392290258,34.44350027],[132.392189585,34.443418676],[132.392196433,34.443412748],[132.392130362,34.443372595],[132.392134565,34.443364612],[132.392429546,34.443357613],[132.392600726,34.443296901],[132.392605371,34.44328601],[132.392816744,34.443215964],[132.392825785,34.443211172],[132.393158561,34.44315855],[132.393268586,34.443124494],[132.39335013,34.443066287],[132.393179482,34.443085568],[132.393056239,34.443073811],[132.392920233,34.443042658],[132.39283389,34.44301301],[132.392815292,34.44299173],[132.392801595,34.442985739],[132.39276878,34.442974342],[132.392760013,34.442962937],[132.392751492,34.442951838],[132.392714437,34.442903586],[132.392682152,34.442805171],[132.392677276,34.442796485],[132.392649533,34.442747089],[132.39260821,34.442727117],[132.392565005,34.442712369],[132.392505044,34.442701144],[132.392433866,34.442693162],[132.392317626,34.44266327],[132.392182685,34.44263983],[132.392145772,34.442638766],[132.392143088,34.442644099],[132.392138328,34.442652162],[132.392074241,34.442650288],[132.391997147,34.442637784],[132.391892127,34.442631766],[132.391877782,34.442636],[132.39178227,34.442664216],[132.391705758,34.442680631],[132.391691738,34.442675171],[132.391666667,34.442680549],[132.391643995,34.442685414],[132.391576874,34.442693514],[132.391471842,34.442678485],[132.391402671,34.442635856],[132.391315875,34.442619596],[132.391228612,34.44263773],[132.391176188,34.442709541],[132.391180233,34.442781585],[132.391182607,34.44282391],[132.391174929,34.442841963],[132.391146096,34.442905874],[132.391134839,34.442915458],[132.391132438,34.442923577],[132.391130454,34.442930279],[132.391018743,34.44297245],[132.3908059,34.442947505],[132.390670869,34.44289618],[132.39049153,34.442731234],[132.390465135,34.442642586],[132.390413891,34.442574658],[132.390279908,34.442463578],[132.390052555,34.442429766],[132.390019779,34.442418982],[132.389941997,34.44241181],[132.389845979,34.442361811],[132.389710661,34.44236018],[132.389567407,34.44233409],[132.389397898,34.442279405],[132.389091869,34.442281559],[132.388972983,34.44230082],[132.388873205,34.442278856],[132.388712411,34.442271054],[132.388565966,34.442249712],[132.388401141,34.442268162],[132.388306278,34.442278775],[132.388173372,34.442240622],[132.388114915,34.442137947],[132.388058417,34.442049811],[132.388058767,34.44179883],[132.388062451,34.441786171],[132.388015785,34.441763126],[132.387902153,34.441699613],[132.387841128,34.441666667],[132.38779192,34.441640099],[132.38769537,34.441597524],[132.387615551,34.441437495],[132.387594306,34.441417396],[132.387424721,34.441256946],[132.387379169,34.441133333],[132.387350272,34.441055279],[132.387350271,34.440779441],[132.387392775,34.44062028],[132.387339728,34.440259721],[132.387138054,34.440005],[132.387063891,34.439856667],[132.38701083,34.439676387],[132.387031946,34.439474721],[132.387063891,34.439294441],[132.387180558,34.439188333],[132.387307782,34.439061108],[132.387435279,34.438774721],[132.387647496,34.438392774],[132.387795837,34.438106107],[132.387838327,34.437904721],[132.387815837,34.437729721],[132.387795837,34.437575828],[132.387827782,34.437225829],[132.387838326,34.436758892],[132.387859727,34.436546946],[132.387817224,34.436292226],[132.387477782,34.435846667],[132.387265551,34.435645001],[132.387138054,34.435475278],[132.387127497,34.435369162],[132.387138054,34.435231108],[132.387254994,34.435071946],[132.387456394,34.434843613],[132.387519999,34.434705558],[132.387509441,34.434472225],[132.387548326,34.434268054],[132.387551945,34.434249441],[132.387655551,34.434111388],[132.387711115,34.434037225],[132.387954994,34.433835559],[132.388093061,34.433750829],[132.388262776,34.433729441],[132.388496109,34.433793333],[132.388676666,34.433899441],[132.38901611,34.434069161],[132.389117497,34.434145],[132.389143333,34.434164442],[132.389482775,34.434238892],[132.389843333,34.434334441],[132.390246667,34.434472225],[132.390426938,34.434493333],[132.390670829,34.434461667],[132.390927782,34.434472225],[132.391288327,34.434588893],[132.391543062,34.43478],[132.391666667,34.434889946],[132.391733891,34.434949721],[132.391893061,34.435204441],[132.391963333,34.435297775],[132.392020559,34.435374163],[132.392211388,34.435448333],[132.392444995,34.435501387],[132.392669442,34.435445],[132.392784163,34.435416388],[132.393049442,34.435299721],[132.393325279,34.435236108],[132.393632776,34.435172495],[132.393887497,34.435140559],[132.393987523,34.435156054],[132.39402555,34.435161945],[132.394322503,34.435289162],[132.394566666,34.435427225],[132.394757498,34.435469441],[132.39499083,34.435384722],[132.395192503,34.435299721],[132.395691115,34.435066388],[132.395741659,34.435042775],[132.396030272,34.434907225],[132.396062218,34.434716667],[132.396041389,34.434568054],[132.396168327,34.434419441],[132.396511115,34.434155],[132.396539728,34.434133054],[132.396584721,34.434092224],[132.396649727,34.434033332],[132.396721115,34.433968892],[132.396787498,34.433908613],[132.397208054,34.433528333],[132.397464137,34.433333333],[132.39749917,34.433306666],[132.397577224,34.433247495],[132.397696109,34.433156946],[132.397769171,34.433125279],[132.397941661,34.433050559],[132.398014449,34.433018892],[132.398017782,34.433020829],[132.398131115,34.433093333],[132.39830083,34.433284162],[132.398369663,34.433333333],[132.398407781,34.433360559],[132.398587497,34.433432775],[132.398905551,34.433485829],[132.399017782,34.433498054],[132.399085837,34.43350528],[132.399102218,34.433507225],[132.399298327,34.433528333],[132.399310272,34.433526667],[132.399367782,34.433519441],[132.399503606,34.433501667],[132.399627224,34.433485829],[132.39964166,34.433333332],[132.399669442,34.433040278],[132.399743891,34.43251],[132.399775551,34.431883891],[132.39985,34.431470279],[132.399977223,34.43137472],[132.4,34.431366333],[132.400178885,34.431300559],[132.400486108,34.431311109],[132.401324448,34.431406667],[132.40171917,34.431427775],[132.401973606,34.431374721],[132.402175279,34.431279163],[132.402440558,34.431258055],[132.402769443,34.431258055],[132.403374163,34.43129],[132.403830558,34.431321946],[132.40419083,34.431332495],[132.404466667,34.431300829],[132.404753061,34.431194721],[132.405082218,34.431024999],[132.405527782,34.430791387],[132.405824721,34.430664162],[132.406121946,34.430632225],[132.406275551,34.430617775],[132.406461387,34.430600559],[132.406779728,34.430536946],[132.407034163,34.430398892],[132.407235837,34.430218613],[132.407416109,34.429953333],[132.407808885,34.429762225],[132.408042218,34.429592495],[132.408333333,34.429478306],[132.408338885,34.429476108],[132.408752776,34.429295829],[132.409527224,34.428924441],[132.409962218,34.428871387],[132.410450272,34.428924441],[132.410959728,34.429030558],[132.41124611,34.429126108],[132.411606939,34.429253334],[132.411893333,34.429306387],[132.412232503,34.429274441],[132.412605836,34.429200279],[132.413019728,34.429030559],[132.413410636,34.428913386],[132.413444163,34.428903333],[132.413857781,34.428786388],[132.414101946,34.42876528],[132.414345836,34.428733333],[132.414483891,34.428659162],[132.414568885,34.428372775],[132.414600558,34.428012225],[132.414621946,34.427481667],[132.414632503,34.427098893],[132.414632503,34.427093892],[132.41459,34.426818054],[132.414462775,34.426563333],[132.414314163,34.426319441],[132.414208054,34.426149721],[132.414164994,34.426068054],[132.414112503,34.425969163],[132.414112503,34.425895],[132.414144448,34.425735829],[132.414335279,34.425417494],[132.414441388,34.425248055],[132.414579442,34.425067776],[132.414619145,34.425],[132.414759728,34.42476],[132.414844721,34.424250829],[132.414918885,34.424070279],[132.414918884,34.423858054],[132.414855279,34.423508054],[132.414706667,34.423073054],[132.414483891,34.422744162],[132.414239727,34.422415279],[132.41417445,34.422299162],[132.414155279,34.422265559],[132.414102503,34.422171387],[132.414048886,34.422076108],[132.414027782,34.421916945],[132.414048885,34.421630278],[132.414154995,34.421365279],[132.414239728,34.421121108],[132.414250558,34.420930279],[132.414112503,34.420824163],[132.413826393,34.42067556],[132.413624721,34.420537495],[132.413515551,34.420427495],[132.413423891,34.420281946],[132.41331083,34.420178613],[132.41309472,34.420052495],[132.412918054,34.419978892],[132.412783333,34.419906947],[132.412400273,34.41920083],[132.412302218,34.419004722],[132.412063891,34.418799441],[132.411909728,34.418565559],[132.411704163,34.418168613],[132.411316394,34.417505],[132.411068886,34.417266667],[132.410634449,34.416967495],[132.410269728,34.416757225],[132.410108494,34.416666667],[132.410078328,34.416649721],[132.409966109,34.416518892],[132.40995611,34.416502225],[132.409863333,34.416346108],[132.409692503,34.415972775],[132.409656939,34.415840279],[132.40942166,34.414961108],[132.409326667,34.414737774],[132.40915083,34.414561946],[132.408908327,34.414390829],[132.408566394,34.414191108],[132.408333333,34.414082587],[132.40829083,34.414062775],[132.408143606,34.41391083],[132.40810083,34.413777776],[132.408058054,34.413568613],[132.408010558,34.413112495],[132.407982218,34.412751387],[132.407783891,34.412116108],[132.407584163,34.411603054],[132.407541946,34.411535279],[132.407465279,34.411413054],[132.407256393,34.411237225],[132.406928326,34.41098056],[132.406804994,34.410833333],[132.406781115,34.410723892],[132.406776395,34.410405558],[132.406709728,34.410186946],[132.406676666,34.409949441],[132.406728054,34.409785559],[132.406752503,34.409707225],[132.406785837,34.409464721],[132.406576109,34.408606667],[132.406571389,34.408421109],[132.406584449,34.408348613],[132.406587198,34.408333333],[132.406604721,34.408235829],[132.406633332,34.408064721],[132.406604721,34.407912774],[132.406528612,34.407751108],[132.406362503,34.407413892],[132.406243892,34.407152495],[132.406101388,34.406848333],[132.405973061,34.406610829],[132.405792503,34.406425279],[132.405583333,34.406278053],[132.405321946,34.406078613],[132.405146109,34.405874441],[132.40496083,34.405594162],[132.404882503,34.405522495],[132.404566393,34.40523444],[132.404243333,34.404954161],[132.403815837,34.404607224],[132.403606667,34.404431387],[132.403354994,34.404283893],[132.403256939,34.404220829],[132.403207496,34.404188891],[132.40305083,34.404036946],[132.402941388,34.403832494],[132.402855836,34.403680559],[132.402801388,34.403613613],[132.40258166,34.403343054],[132.402405837,34.403119721],[132.402296394,34.403067494],[132.402177782,34.403067495],[132.401954449,34.403195828],[132.401693061,34.40338583],[132.401407782,34.403661387],[132.401127497,34.403865829],[132.400856667,34.404046387],[132.400638053,34.404136667],[132.400372218,34.404222225],[132.4,34.404260973],[132.39991611,34.404269721],[132.399763333,34.404279721],[132.399412218,34.404303054],[132.399032218,34.404283892],[132.398637783,34.404288892],[132.398311388,34.40436],[132.398224163,34.404379162],[132.397550831,34.404531108],[132.397294163,34.404559721],[132.397156394,34.404516946],[132.39706166,34.404388613],[132.397009442,34.404136667],[132.396909442,34.403760559],[132.396804994,34.403366947],[132.39673083,34.403207775],[132.396705279,34.403153054],[132.396605551,34.403043613],[132.396410558,34.402934441],[132.396377224,34.402944441],[132.396315551,34.402963054],[132.395921115,34.403442776],[132.395707224,34.403542774],[132.395450829,34.403671108],[132.395151388,34.403737495],[132.395084163,34.403750559],[132.394737783,34.403818333],[132.394566939,34.403861108],[132.394524162,34.403922775],[132.394538327,34.404093891],[132.394533606,34.404179441],[132.394494721,34.40424],[132.394353062,34.404459441],[132.394210557,34.404673333],[132.394105837,34.404811108],[132.39384917,34.405025001],[132.393735279,34.405234162],[132.393654449,34.405390829],[132.393611661,34.406183053],[132.393640272,34.406496667],[132.393706668,34.406738892],[132.393783606,34.406875],[132.393849171,34.406990559],[132.393934721,34.407204441],[132.393991946,34.407441946],[132.394001388,34.407660559],[132.393944449,34.407808054],[132.393749442,34.408078892],[132.393454994,34.408321109],[132.393433087,34.408333333],[132.39328306,34.408416946],[132.393240557,34.408440559],[132.393079442,34.408530279],[132.392757497,34.408677495],[132.39252,34.408734441],[132.392230558,34.408744162],[132.391666667,34.408740162],[132.391565279,34.408739441],[132.391080558,34.408720279],[132.390833332,34.408691667],[132.390664721,34.408558586],[132.390529922,34.408466829],[132.390671336,34.408333333],[132.390671479,34.408333198],[132.390730246,34.407600531],[132.390583358,34.407366694],[132.389994424,34.407228613],[132.389608418,34.407223892],[132.389417471,34.407277613],[132.389123696,34.407527027],[132.388552114,34.407691829],[132.387804228,34.408123865],[132.387547834,34.408275305],[132.387427781,34.408202225],[132.387328054,34.408088333],[132.387308885,34.407931387],[132.387361115,34.407579721],[132.387323061,34.407389721],[132.387218612,34.407195],[132.387038055,34.407004721],[132.386966667,34.406776668],[132.386936394,34.406543893],[132.38691917,34.406410828],[132.386843333,34.406235],[132.386662776,34.406035559],[132.386306394,34.405878614],[132.386192503,34.405816946],[132.385788612,34.405191386],[132.38576,34.40501556],[132.385741115,34.404725559],[132.385669728,34.404549721],[132.385608054,34.404416668],[132.385494721,34.404365279],[132.385398885,34.404321667],[132.385132776,34.404326387],[132.385009171,34.404217225],[132.384823891,34.40397],[132.384686109,34.403632775],[132.384586394,34.403513892],[132.38444297,34.403412865],[132.384424722,34.4034],[132.38366,34.403418892],[132.383333332,34.403372279],[132.38326083,34.403361946],[132.383165837,34.403261946],[132.383137224,34.403186108],[132.383132502,34.403038612],[132.383127782,34.402791667],[132.383028054,34.402563614],[132.38289,34.402292775],[132.382667782,34.402010559],[132.382164994,34.401561387],[132.381940272,34.401325829],[132.381480272,34.401149442],[132.381036109,34.400962225],[132.380731389,34.40079083],[132.380608327,34.400646388],[132.380608327,34.400507495],[132.380656667,34.400421667],[132.380798326,34.400378054],[132.38086528,34.400357495],[132.381086109,34.400335224],[132.381234164,34.400320278],[132.381704995,34.400282775],[132.381929727,34.400229162],[132.382084721,34.400132775],[132.382285862,34.399999999],[132.382368327,34.399945559],[132.38267306,34.39978528],[132.38291917,34.399635279],[132.383256109,34.399378892],[132.383333333,34.399327414],[132.383448612,34.399250558],[132.383609171,34.399213054],[132.383796394,34.399154162],[132.383828612,34.399111387],[132.383866109,34.398961667],[132.383898054,34.398768892],[132.384021115,34.398656667],[132.38418166,34.398667225],[132.384459728,34.398758333],[132.384715279,34.398884162],[132.384839442,34.398945559],[132.385021388,34.399106108],[132.385133606,34.399218334],[132.38523,34.399234441],[132.385276939,34.399119279],[132.385288886,34.39909],[132.385336939,34.398961667],[132.38540306,34.398812775],[132.385422503,34.398768892],[132.385508054,34.398715559],[132.385921388,34.398661387],[132.385962218,34.398603892],[132.386001387,34.398548893],[132.38599083,34.398404442],[132.385998884,34.398035279],[132.386006939,34.397671947],[132.386086835,34.397669441],[132.386188885,34.397666387],[132.387003891,34.397655279],[132.38709166,34.397654162],[132.387354994,34.397650559],[132.38775,34.397653055],[132.388151115,34.397655829],[132.388333891,34.397656946],[132.388939169,34.397661107],[132.389111659,34.39758],[132.389131946,34.397570279],[132.389240558,34.397503892],[132.389307497,34.397462918],[132.389606109,34.397280829],[132.389655836,34.397250279],[132.389740272,34.397198613],[132.38979166,34.397167495],[132.389878328,34.397114441],[132.39002,34.397028054],[132.390076668,34.396993333],[132.390158612,34.396943333],[132.390204721,34.396915279],[132.390294449,34.396860279],[132.390351946,34.396825279],[132.390436939,34.396773333],[132.390560272,34.396698055],[132.390644163,34.396646667],[132.390726667,34.396596108],[132.390891946,34.396494722],[132.391036394,34.396409163],[132.391068612,34.39635028],[132.391057782,34.396035],[132.391073891,34.395976108],[132.39119166,34.395928054],[132.391346667,34.395906667],[132.391501946,34.395906667],[132.391666667,34.396053586],[132.391699727,34.396083054],[132.391924162,34.396190279],[132.392154163,34.396377495],[132.392188612,34.396380279],[132.39234166,34.396393334],[132.392603606,34.396136667],[132.392614449,34.395986946],[132.39257166,34.395858333],[132.392582219,34.395788892],[132.392651946,34.395606946],[132.39283917,34.395371667],[132.392887224,34.395275279],[132.392854994,34.395205829],[132.392731946,34.395045279],[132.392630752,34.394938054],[132.392550272,34.394852775],[132.392320271,34.394740279],[132.392207782,34.394633333],[132.392144993,34.394546946],[132.392102503,34.394434721],[132.392118613,34.394258054],[132.392102503,34.394006667],[132.392043606,34.393830559],[132.391947224,34.393718054],[132.391941946,34.393589721],[132.391984722,34.393504163],[132.392070272,34.393423892],[132.392214721,34.393252775],[132.392263061,34.393102775],[132.392220272,34.392899441],[132.392193333,34.392669441],[132.392220272,34.392583892],[132.392305837,34.392412775],[132.392348612,34.392321667],[132.392337782,34.392219999],[132.392268327,34.392107775],[132.392027497,34.391851108],[132.39187847,34.391666667],[132.39185917,34.391642776],[132.391733333,34.391487225],[132.391666667,34.391418441],[132.39140166,34.391144999],[132.391241115,34.391038054],[132.391027224,34.391016668],[132.390631388,34.390973892],[132.390497497,34.390931108],[132.39036917,34.39084],[132.389919728,34.390443613],[132.389689728,34.390085],[132.38941166,34.389657226],[132.389288612,34.389373614],[132.38918694,34.389218332],[132.389076109,34.389145279],[132.389,34.389095279],[132.388887497,34.389084721],[132.388759999,34.389072225],[132.388347496,34.389031108],[132.388240272,34.389020559],[132.388117497,34.389036387],[132.387855279,34.388940279],[132.387421946,34.388742226],[132.387357782,34.388683333],[132.387309442,34.388571107],[132.387309441,34.388458613],[132.387357782,34.388276945],[132.387448612,34.388116387],[132.387576938,34.387945279],[132.387630558,34.387795559],[132.387625279,34.387608333],[132.387609171,34.38748],[132.387448612,34.387233892],[132.387363061,34.386998332],[132.387388327,34.386599999],[132.387366939,34.386145279],[132.387334994,34.38599],[132.387238612,34.385797495],[132.38712083,34.385636946],[132.386821388,34.385455278],[132.386719728,34.385348333],[132.386623332,34.385066387],[132.386564449,34.384893614],[132.386575279,34.384685001],[132.386628611,34.384609999],[132.386885551,34.384331946],[132.386890415,34.384325441],[132.38698166,34.384203613],[132.38698166,34.384139441],[132.386933606,34.384107225],[132.386676939,34.384075279],[132.386539442,34.384066946],[132.386147225,34.384043054],[132.38596555,34.383984163],[132.385826394,34.383871946],[132.38565,34.383721946],[132.385494721,34.383625829],[132.385296939,34.383577495],[132.385098885,34.383572225],[132.384927782,34.383609721],[132.384804721,34.383668612],[132.38467083,34.383855829],[132.384542503,34.384016387],[132.384381946,34.384075278],[132.384125279,34.384107225],[132.383659729,34.384107224],[132.383333333,34.384053586],[132.383301388,34.384048333],[132.383188885,34.384032225],[132.383108612,34.384101946],[132.382921388,34.384299721],[132.382746939,34.384421415],[132.382744994,34.384422775],[132.382535279,34.38485056],[132.382412218,34.384973614],[132.382230272,34.385037775],[132.382016667,34.385096667],[132.381770557,34.385118054],[132.381369442,34.38507],[132.381208885,34.385075279],[132.381016109,34.385235829],[132.380823606,34.385455279],[132.380598885,34.385647775],[132.380122775,34.386000829],[132.379994449,34.386054441],[132.379935551,34.386016945],[132.379935552,34.385968613],[132.379999728,34.385872495],[132.380063891,34.385690559],[132.380010559,34.385519441],[132.379876667,34.3853],[132.379800558,34.385236107],[132.379544994,34.385021667],[132.379191946,34.384748891],[132.378854994,34.384369162],[132.37864083,34.384010559],[132.378405551,34.383401108],[132.378372503,34.383333333],[132.378250272,34.383082776],[132.378084449,34.382842225],[132.377912503,34.382697775],[132.377661946,34.382563892],[132.37747917,34.382537225],[132.377002776,34.382376667],[132.376537497,34.382205559],[132.376259171,34.382012775],[132.376206109,34.381961387],[132.376055838,34.381815],[132.375601115,34.381424441],[132.375366109,34.381173055],[132.375066394,34.380878613],[132.375,34.380854919],[132.37499166,34.380851946],[132.374627782,34.380825279],[132.374509999,34.38075556],[132.374333606,34.380541946],[132.374103606,34.380226388],[132.373648885,34.379760829],[132.373247497,34.379332775],[132.373065551,34.379161667],[132.372873332,34.379071666],[132.372824994,34.379049162],[132.372485837,34.378981946],[132.372426668,34.379036108],[132.372362503,34.379053613],[132.372302776,34.379065279],[132.372159171,34.379063893],[132.371968055,34.379026668],[132.371847497,34.379002494],[132.37171306,34.37894556],[132.371560558,34.378859721],[132.371527782,34.378841388],[132.371471388,34.378787496],[132.371460829,34.378758613],[132.371428327,34.378669162],[132.371428327,34.378454162],[132.371438327,34.37837],[132.371452776,34.378247495],[132.371485837,34.378034441],[132.370910117,34.377966919],[132.371064967,34.376779667],[132.371748585,34.376877054],[132.371783891,34.376687494],[132.371830272,34.376439162],[132.371841947,34.376356946],[132.371851114,34.376293332],[132.371838327,34.376172775],[132.371796109,34.376006946],[132.371755279,34.375887776],[132.371699729,34.375726108],[132.371695279,34.375602775],[132.371840559,34.375167495],[132.371878327,34.375057775],[132.371861946,34.375011108],[132.37185808,34.375],[132.371846108,34.37496556],[132.371833605,34.374917495],[132.371808326,34.374820828],[132.371776109,34.374676108],[132.371776109,34.374478613],[132.371793606,34.374284162],[132.371796109,34.37425528],[132.371797782,34.374237226],[132.371785551,34.374041667],[132.371738884,34.373803054],[132.37171694,34.37370472],[132.37170083,34.373631945],[132.37170083,34.373333054],[132.371697717,34.373212198],[132.371901582,34.373321802],[132.371990117,34.373151829],[132.371788911,34.373031027],[132.371678911,34.372572495],[132.371622581,34.372572495],[132.371603891,34.372434441],[132.371567224,34.372126387],[132.371529728,34.371797225],[132.371521114,34.37155583],[132.371551946,34.371211946],[132.371578612,34.371014441],[132.371592502,34.370911946],[132.37159472,34.370822495],[132.371596939,34.370735],[132.371597782,34.370696946],[132.371578885,34.370580559],[132.371571946,34.370538614],[132.371516939,34.370336387],[132.371469442,34.370223613],[132.37133083,34.370043055],[132.37122694,34.369907495],[132.371171115,34.369831387],[132.370953061,34.369534441],[132.371549442,34.369201109],[132.371605551,34.369174162],[132.372162219,34.368906946],[132.372485551,34.368754721],[132.372604163,34.368651108],[132.373114994,34.368204162],[132.373115279,34.368204162],[132.373211947,34.36811944],[132.373374721,34.367977495],[132.373611115,34.367770829],[132.374509728,34.366831946],[132.374648418,34.366666666],[132.374927224,34.366334441],[132.375,34.366237307],[132.37528,34.365863612],[132.375691946,34.365286108],[132.376130558,34.364596108],[132.376494449,34.363986108],[132.378185149,34.360892946],[132.375527562,34.360364396],[132.375434747,34.360199224],[132.375352607,34.360090973],[132.375294474,34.360017054],[132.375267108,34.359980694],[132.375249638,34.359952586],[132.375214838,34.359898468],[132.375192218,34.359852251],[132.375164112,34.35978936],[132.375164449,34.359786748],[132.375160947,34.359782162],[132.375161245,34.359779001],[132.375157108,34.359771892],[132.37514703,34.359743252],[132.375133113,34.359694027],[132.375131336,34.359676],[132.375127588,34.359659973],[132.375124358,34.359626693],[132.375123917,34.359581802],[132.375128198,34.35950536],[132.375131945,34.359484414],[132.375133606,34.359461532],[132.3751462,34.359406775],[132.375145863,34.359401],[132.375154773,34.359351775],[132.375159494,34.359336613],[132.375165642,34.359303333],[132.375173166,34.359274748],[132.375173139,34.359266721],[132.375187886,34.359200532],[132.375199533,34.359159829],[132.375213191,34.359103918],[132.375213502,34.359095973],[132.375239079,34.358985946],[132.375242866,34.358976748],[132.375251803,34.358937775],[132.3752545,34.358932919],[132.375253865,34.358930667],[132.375272581,34.35885364],[132.375281608,34.358812415],[132.375306809,34.358626468],[132.375317367,34.35855036],[132.375355694,34.358352027],[132.37535917,34.358333332],[132.375370389,34.358273135],[132.37539345,34.358149468],[132.37539659,34.358141198],[132.375396252,34.358135775],[132.375400337,34.358120803],[132.375404423,34.358097892],[132.375408521,34.35808536],[132.375433411,34.357955865],[132.375435746,34.357934919],[132.375470533,34.357750414],[132.375469416,34.357748414],[132.37547192,34.357741586],[132.375470507,34.357738136],[132.375475577,34.357728946],[132.375492361,34.357658775],[132.375508807,34.357577414],[132.375511803,34.357569387],[132.375517913,34.357535306],[132.37552655,34.357505163],[132.375527497,34.357491749],[132.375534163,34.357460279],[132.375556252,34.357377919],[132.375580829,34.357298279],[132.375636978,34.35714536],[132.375690973,34.356998865],[132.375749689,34.356831333],[132.375803722,34.356700054],[132.375824864,34.356634027],[132.375846031,34.356534999],[132.375867135,34.35645536],[132.37589022,34.356385252],[132.375920078,34.356282252],[132.375946978,34.356168694],[132.375959416,34.356097081],[132.37596895,34.356033532],[132.375983334,34.355969107],[132.376005447,34.35589264],[132.376079637,34.355657468],[132.376107562,34.355556891],[132.376113191,34.355513333],[132.376116913,34.355429667],[132.376115811,34.355384586],[132.376109857,34.35534764],[132.376096109,34.355283279],[132.376084837,34.355244441],[132.376853399,34.35236582],[132.375,34.351906288],[132.370459663,34.35078055],[132.369913449,34.350644586],[132.369554721,34.350554946],[132.369154994,34.350457414],[132.369208444,34.350299279],[132.369316914,34.349999999],[132.369417717,34.349722108],[132.369768392,34.348732694],[132.367650533,34.348202999],[132.366987472,34.348031532],[132.366666666,34.347950919],[132.366487394,34.347905865],[132.365820778,34.347740973],[132.365235525,34.347595586],[132.3647262,34.347467586],[132.364599663,34.347699748],[132.364299468,34.348267252],[132.364054669,34.348727082],[132.36377891,34.349245198],[132.363543217,34.349687532],[132.363377613,34.35],[132.363252944,34.350235333],[132.362984553,34.35074064],[132.362846031,34.351005666],[132.362523385,34.351609947],[132.362213307,34.352188279],[132.361960558,34.352656054],[132.361666252,34.353203306],[132.361398586,34.353699333],[132.360981751,34.354479306],[132.360590999,34.355211],[132.360376861,34.355601279],[132.360323502,34.355702252],[132.360316355,34.355715865],[132.360432996,34.355758332],[132.360437328,34.355752198],[132.360545914,34.355791054],[132.360862866,34.355908748],[132.361239754,34.356046278],[132.361259974,34.35605364],[132.361424162,34.356113946],[132.361773943,34.356240892],[132.362105811,34.356361694],[132.362529922,34.356517441],[132.362639585,34.356557468],[132.362664721,34.356568163],[132.362912776,34.356657919],[132.36325956,34.356785387],[132.363591388,34.356906107],[132.36403869,34.357071558],[132.36415,34.357111495],[132.364168392,34.357118586],[132.364710441,34.357319225],[132.365622361,34.357658252],[132.365646939,34.357667413],[132.366403165,34.35794864],[132.366394747,34.357979775],[132.366388859,34.358017559],[132.366392437,34.358059108],[132.366248807,34.358333333],[132.366233696,34.358362198],[132.366218196,34.358387107],[132.365743359,34.359271776],[132.365663165,34.359426973],[132.365635889,34.359472559],[132.365617666,34.359493495],[132.365583333,34.359544306],[132.365547664,34.359591802],[132.365512555,34.359631333],[132.365465694,34.359673694],[132.365418054,34.359711107],[132.36540297,34.359722387],[132.365377135,34.359742802],[132.365327756,34.35977464],[132.365284527,34.359796414],[132.365034721,34.359897639],[132.364963281,34.359932892],[132.36482594,34.360011108],[132.364703306,34.360098667],[132.364652944,34.360139694],[132.364599689,34.360191414],[132.364576913,34.360218135],[132.364525227,34.360289559],[132.364515888,34.360294252],[132.364503865,34.360303108],[132.364490895,34.36031264],[132.364332827,34.360301027],[132.364342413,34.360212135],[132.364297173,34.360206892],[132.364291581,34.360228532],[132.364190336,34.360219225],[132.364120001,34.36021564],[132.364114643,34.360254613],[132.36388511,34.360236226],[132.363882412,34.360248306],[132.363674838,34.360227279],[132.362587198,34.360104973],[132.362591246,34.360078802],[132.362562671,34.360076613],[132.362557833,34.360102225],[132.362435616,34.360090055],[132.362524617,34.359517333],[132.362595668,34.35907436],[132.362645447,34.359078802],[132.362648755,34.359049586],[132.362603307,34.359047667],[132.362655331,34.358702108],[132.362484617,34.358682641],[132.362474942,34.35868156],[132.362225162,34.358653108],[132.362193839,34.358649559],[132.361744306,34.358598333],[132.361723411,34.358596027],[132.361450804,34.358564919],[132.361451556,34.358556532],[132.361392724,34.358549135],[132.361394968,34.358538586],[132.361402918,34.358532441],[132.361058327,34.358333332],[132.360848495,34.358212197],[132.360782049,34.358204081],[132.360671245,34.358187667],[132.360699196,34.358057802],[132.360729442,34.35791908],[132.360734163,34.35789736],[132.360752335,34.357814108],[132.360801168,34.357584775],[132.360839883,34.357405306],[132.360978301,34.357322135],[132.361103581,34.357246919],[132.361081026,34.357224055],[132.360914383,34.357321162],[132.360806031,34.357383613],[132.360768275,34.357555333],[132.360716862,34.357792081],[132.36067061,34.358008082],[132.360641777,34.358141198],[132.360135773,34.358068252],[132.359850857,34.358025333],[132.359576355,34.357985559],[132.359186834,34.357928306],[132.358985864,34.357898775],[132.358945304,34.357893055],[132.358918107,34.357889225],[132.358437445,34.357816694],[132.358333333,34.357801387],[132.358039974,34.357758253],[132.357641829,34.357697747],[132.357387691,34.357659199],[132.357346914,34.357653135],[132.357316472,34.357648667],[132.357075811,34.357613694],[132.356784695,34.357570054],[132.356773943,34.357621388],[132.355772503,34.357476775],[132.354774864,34.357331829],[132.353916835,34.357205468],[132.35392297,34.357176532],[132.353967328,34.357175829],[132.353966861,34.357157802],[132.353922607,34.357158496],[132.353908366,34.357156162],[132.353867886,34.357145333],[132.353861193,34.357162467],[132.353901556,34.357173415],[132.353895188,34.357203162],[132.35366847,34.357168532],[132.353194916,34.357309],[132.353118328,34.35733436],[132.352955967,34.357406008],[132.35260655,34.357225784],[132.351970246,34.356897577],[132.351923192,34.356852947],[132.35,34.356192694],[132.3495017,34.35602164],[132.349496304,34.35603164],[132.349460272,34.356019892],[132.349455966,34.356029919],[132.349434189,34.356022721],[132.349438521,34.356011892],[132.349413606,34.356001109],[132.349419027,34.355988387],[132.34932428,34.355960667],[132.348993774,34.355956666],[132.348975422,34.355962999],[132.348972049,34.355964532],[132.348953697,34.355972865],[132.348544164,34.356103387],[132.348506109,34.356110667],[132.348501751,34.356099747],[132.348440999,34.356108865],[132.348434383,34.356118891],[132.34841703,34.356126108],[132.348385525,34.356147721],[132.348356355,34.356173081],[132.347323256,34.356518108],[132.347311285,34.356509109],[132.347095668,34.356592107],[132.347006847,34.356542621],[132.346901829,34.356627918],[132.346727834,34.356790802],[132.345973112,34.357493251],[132.345839468,34.357640829],[132.345481388,34.357931694],[132.345491389,34.358023054],[132.345504721,34.358071946],[132.345518054,34.358121387],[132.345526109,34.358176668],[132.345538327,34.358258333],[132.34552345,34.358333333],[132.345518054,34.358360559],[132.345463606,34.358466668],[132.34536166,34.358596387],[132.345254163,34.358703613],[132.345123061,34.358800279],[132.345069728,34.358923054],[132.345069728,34.359024441],[132.344927224,34.359159441],[132.344848612,34.359261667],[132.344826667,34.359295279],[132.344735279,34.359434721],[132.344621947,34.359610279],[132.344486667,34.359928892],[132.344424163,34.360117495],[132.34439917,34.360310559],[132.344365552,34.360390559],[132.344330558,34.360473613],[132.344205837,34.360621387],[132.344017497,34.360939162],[132.343990559,34.36111944],[132.34399,34.361265559],[132.344008612,34.361418333],[132.344081946,34.361717225],[132.344089728,34.361749441],[132.344083606,34.361897225],[132.344031115,34.362060001],[132.343908885,34.362291108],[132.343881946,34.362364162],[132.343846395,34.36261528],[132.343834162,34.362820559],[132.343834162,34.363011667],[132.343813891,34.363073613],[132.343718884,34.363214441],[132.343592503,34.363386946],[132.343536395,34.363498892],[132.343486394,34.363630829],[132.343480272,34.363646667],[132.343453333,34.363817225],[132.34342,34.364031108],[132.343380272,34.364390279],[132.344847977,34.364508027],[132.344826667,34.364918972],[132.344829728,34.365489722],[132.344811946,34.365995559],[132.344772776,34.366464162],[132.34476917,34.366506387],[132.344781115,34.366632225],[132.344819274,34.366666667],[132.344858054,34.366701667],[132.344915837,34.366753333],[132.345324162,34.367121107],[132.34522,34.367215828],[132.344832218,34.367568054],[132.344613061,34.367793612],[132.344425837,34.367691668],[132.344384722,34.367680279],[132.344315279,34.367661387],[132.344180558,34.367624441],[132.34405166,34.367601947],[132.343718885,34.367601946],[132.34361472,34.367584721],[132.343545551,34.367558893],[132.343476667,34.367533054],[132.343464994,34.367528613],[132.343257224,34.367421668],[132.343100831,34.367308892],[132.342917782,34.367111946],[132.342816394,34.366973333],[132.342685278,34.366856387],[132.342625837,34.366689441],[132.342632943,34.366666667],[132.342691388,34.366479441],[132.342558055,34.366430279],[132.342336667,34.366341667],[132.342136939,34.366392495],[132.341962219,34.366474162],[132.341793606,34.366535279],[132.34172,34.366538054],[132.341666667,34.366540135],[132.341662775,34.366540279],[132.341632776,34.366553891],[132.341556394,34.366588333],[132.341494162,34.366616667],[132.341435084,34.366666667],[132.341367497,34.366723893],[132.341307224,34.366774721],[132.340867497,34.367156946],[132.34076555,34.367218892],[132.340664449,34.367288333],[132.34044,34.367380829],[132.340036668,34.367538613],[132.339911946,34.367533613],[132.339768612,34.367498054],[132.339664994,34.367457225],[132.339503061,34.367393613],[132.339408054,34.367387775],[132.339340001,34.367399162],[132.339244994,34.367433053],[132.339124994,34.367500559],[132.339075279,34.367528613],[132.338764162,34.367726946],[132.338545551,34.367798891],[132.338464164,34.367826946],[132.338096667,34.367910279],[132.337837224,34.367955],[132.33770389,34.367977775],[132.337060829,34.368017226],[132.336828886,34.368001667],[132.336674449,34.367986667],[132.33658083,34.367930558],[132.336503061,34.367897495],[132.336412218,34.367859162],[132.336212503,34.367813333],[132.335830831,34.367726667],[132.335638612,34.367681108],[132.335576939,34.367669721],[132.335443891,34.367645279],[132.335427497,34.367647775],[132.33528166,34.367670829],[132.335164163,34.367806667],[132.335083607,34.3679],[132.33504,34.368001946],[132.335007497,34.368120559],[132.334999729,34.368149441],[132.334970558,34.368255],[132.33493083,34.368399721],[132.334919999,34.368439721],[132.335388612,34.368564721],[132.335273332,34.368761946],[132.335150829,34.368961387],[132.335093333,34.36909028],[132.335057497,34.369170279],[132.335019442,34.369322775],[132.334986939,34.369453892],[132.334976394,34.369496108],[132.334966667,34.369537226],[132.334955551,34.369585559],[132.334951388,34.369603054],[132.334951388,34.369725279],[132.334960829,34.369748613],[132.335007496,34.369862775],[132.335009442,34.369866387],[132.335048886,34.369934162],[132.335057498,34.369949161],[132.33508917,34.369981387],[132.335132218,34.370025559],[132.335207225,34.370093613],[132.335268885,34.370149441],[132.335558885,34.370411667],[132.33565611,34.370499441],[132.335493891,34.370611387],[132.335524449,34.370682225],[132.335578885,34.370749999],[132.335592502,34.37084],[132.335463333,34.371037225],[132.335305837,34.371212225],[132.335177497,34.371355279],[132.335011946,34.371552495],[132.334865837,34.371713054],[132.334771116,34.371842775],[132.334723605,34.372000278],[132.334691115,34.372165558],[132.334646394,34.372251667],[132.33458022,34.372312495],[132.334473061,34.372411387],[132.334441388,34.372440829],[132.334227782,34.372642224],[132.334064993,34.372771667],[132.333838326,34.372936387],[132.33369917,34.373009441],[132.333613334,34.373047225],[132.333457783,34.373085],[132.333333333,34.373105666],[132.333278885,34.373114721],[132.333046393,34.373160279],[132.332915278,34.373200279],[132.332801947,34.373273054],[132.332713606,34.373357495],[132.332618612,34.373492774],[132.332510831,34.373668892],[132.332434721,34.373819721],[132.332326667,34.374044441],[132.332245279,34.374156946],[132.332136394,34.374264162],[132.33204083,34.374322495],[132.331878612,34.374376667],[132.331706939,34.374427774],[132.331572776,34.374463613],[132.33145917,34.374494161],[132.331276938,34.374553613],[132.331084994,34.374634721],[132.330907782,34.374742775],[132.330771946,34.374861107],[132.330694449,34.374975001],[132.33068017,34.374999999],[132.330624994,34.375096667],[132.330535551,34.375293892],[132.330459443,34.375456947],[132.330432504,34.375514441],[132.330262776,34.375970559],[132.330114449,34.376241666],[132.330110558,34.376248613],[132.330021115,34.376343054],[132.329928327,34.376440559],[132.329787496,34.376494162],[132.329665279,34.376522495],[132.329346108,34.376561946],[132.329087782,34.376578333],[132.328836393,34.376618892],[132.328608054,34.376673054],[132.328382776,34.376762225],[132.32835917,34.376772775],[132.328084994,34.376894722],[132.327932776,34.377005279],[132.327761115,34.377118333],[132.327638611,34.377204721],[132.327518886,34.377283613],[132.327363606,34.377384162],[132.327191659,34.377501667],[132.327009728,34.377631387],[132.326916939,34.377685279],[132.326791115,34.377750279],[132.326619728,34.377813333],[132.326490829,34.377851667],[132.326453891,34.377862775],[132.325944721,34.377986667],[132.325749171,34.378045559],[132.325550558,34.378115828],[132.325347224,34.37820056],[132.32508917,34.378313333],[132.325,34.378355946],[132.324912503,34.378397775],[132.324802502,34.378450829],[132.32469,34.378521108],[132.324529999,34.378626107],[132.324403334,34.378746946],[132.32428166,34.378896387],[132.324185551,34.379028613],[132.324097782,34.379141108],[132.324003606,34.379287775],[132.32385166,34.379433614],[132.323704163,34.379535279],[132.323596667,34.379611946],[132.323459727,34.379670559],[132.323317224,34.379732495],[132.323060559,34.379811945],[132.322914721,34.379852495],[132.32274,34.379878892],[132.32262472,34.379895829],[132.322217225,34.379929441],[132.321944721,34.379961387],[132.321734994,34.379991667],[132.321544993,34.380002776],[132.321361659,34.380025279],[132.321183606,34.380069721],[132.321001388,34.380111667],[132.320802776,34.380163054],[132.320553892,34.380233613],[132.320187224,34.380368893],[132.320018612,34.380442224],[132.319783606,34.380534163],[132.319628053,34.380577495],[132.319453891,34.380622494],[132.319088328,34.380688054],[132.318922775,34.380739441],[132.318641387,34.380877495],[132.318482503,34.380933892],[132.318336939,34.380971668],[132.317933061,34.381044441],[132.317369729,34.381179721],[132.316996109,34.381258613],[132.316907223,34.381306667],[132.31688083,34.381344721],[132.316900558,34.381387776],[132.317058327,34.381437775],[132.317062776,34.381439162],[132.317168612,34.381468892],[132.317308612,34.381540279],[132.317369729,34.381596667],[132.317512218,34.381810559],[132.317559728,34.38185],[132.317688612,34.381900559],[132.317838327,34.381942496],[132.31794083,34.381983054],[132.318085279,34.382074162],[132.318190829,34.382176667],[132.318258612,34.382245279],[132.318298327,34.382345279],[132.318292777,34.382452775],[132.31827917,34.382514721],[132.31827917,34.382678055],[132.318310272,34.382810279],[132.318371947,34.382987225],[132.318360558,34.383190279],[132.318346304,34.383333333],[132.318333607,34.383460559],[132.318286108,34.383747775],[132.318171389,34.384172225],[132.318124994,34.384334441],[132.318116109,34.384474441],[132.318124994,34.384588612],[132.318136667,34.384671667],[132.318170559,34.384728053],[132.318632218,34.385048892],[132.31882917,34.385172774],[132.319093891,34.385364162],[132.319219169,34.385456108],[132.319298612,34.385539721],[132.319358054,34.385593892],[132.319447224,34.385702225],[132.319536393,34.385851468],[132.319629442,34.386007225],[132.31967917,34.386120829],[132.319718885,34.386245],[132.319758612,34.38641],[132.31981166,34.386601667],[132.319888327,34.386817225],[132.319934163,34.386934162],[132.320084993,34.387183334],[132.320173333,34.387284721],[132.320280557,34.387377225],[132.320376667,34.387441946],[132.320584994,34.38755],[132.320694994,34.387660559],[132.320852503,34.387825279],[132.320920272,34.387938054],[132.320934449,34.388002775],[132.320913606,34.388044999],[132.320818612,34.388110829],[132.32063,34.388186386],[132.320378327,34.388275559],[132.31979166,34.388468612],[132.319768612,34.388476387],[132.31958,34.388538892],[132.319440272,34.388591387],[132.319196109,34.388671387],[132.31900083,34.388755],[132.318801946,34.388867224],[132.318676938,34.38900744],[132.318550831,34.389148892],[132.318482218,34.389245829],[132.318432777,34.389340278],[132.318363061,34.389516387],[132.318301659,34.389637495],[132.318288053,34.389664721],[132.318208612,34.389759163],[132.318075551,34.389824441],[132.318007497,34.389852775],[132.317722503,34.389942775],[132.317573062,34.389999162],[132.317238885,34.390094441],[132.317073333,34.390175279],[132.31694166,34.390314721],[132.316880272,34.390561946],[132.316819443,34.390770829],[132.316812503,34.390860829],[132.316818055,34.391078333],[132.316841114,34.391259441],[132.31694166,34.391604162],[132.316982218,34.391654721],[132.317007329,34.391666414],[132.31700786,34.391666667],[132.317260558,34.391784441],[132.317589727,34.391965],[132.317785838,34.392127225],[132.318088885,34.392432225],[132.318156939,34.392573054],[132.318208885,34.392698613],[132.318248885,34.392812775],[132.318361946,34.392965],[132.318537224,34.393051667],[132.318808611,34.393102494],[132.319134449,34.393130559],[132.319854163,34.393164441],[132.320071387,34.393226387],[132.320186939,34.393288333],[132.320370272,34.393411946],[132.320500272,34.393515829],[132.320586667,34.393656947],[132.320626667,34.393792774],[132.320621388,34.393963892],[132.320567223,34.394059721],[132.320438054,34.394343054],[132.320431388,34.394358054],[132.320390559,34.394504721],[132.32036694,34.39462444],[132.320353605,34.394743893],[132.320373606,34.394901387],[132.320431388,34.395073613],[132.320628327,34.395506947],[132.320721115,34.395737495],[132.320743334,34.395901387],[132.320747498,34.395933054],[132.320756939,34.396149162],[132.320763891,34.396695279],[132.320753891,34.396889721],[132.32072083,34.397096108],[132.320743334,34.397281108],[132.320858884,34.39754028],[132.320967497,34.397720559],[132.321113606,34.39788],[132.321214449,34.397941108],[132.321373332,34.397999441],[132.321485837,34.398122225],[132.321558326,34.398345559],[132.321626109,34.398491946],[132.321728054,34.398615829],[132.321820272,34.398712775],[132.321866939,34.398826945],[132.321873606,34.398995279],[132.321809442,34.399111387],[132.321802777,34.399246668],[132.321829728,34.399336667],[132.321938328,34.399528333],[132.32197083,34.399583054],[132.322030272,34.399682774],[132.322086393,34.399864721],[132.322183333,34.4],[132.322199442,34.400022496],[132.32227083,34.400164441],[132.32227083,34.400496946],[132.322250558,34.400676946],[132.322212776,34.400833055],[132.322232776,34.401006947],[132.322299442,34.401158892],[132.322420272,34.401262775],[132.322644449,34.401471108],[132.322786939,34.401645829],[132.322871946,34.401762225],[132.32293166,34.401892775],[132.322944994,34.402050278],[132.323004163,34.402192225],[132.32317389,34.402428892],[132.323275551,34.402648054],[132.323278885,34.402655829],[132.323370829,34.402870559],[132.323424994,34.403188892],[132.323437498,34.403370559],[132.323437497,34.40350083],[132.32347083,34.403653054],[132.323537224,34.403701945],[132.323907497,34.403813613],[132.324185551,34.403938053],[132.324294163,34.404039441],[132.324382503,34.404180279],[132.324470559,34.404416667],[132.324483891,34.404523892],[132.324493061,34.404737496],[132.32445,34.405086945],[132.324416109,34.405599442],[132.324372218,34.40574],[132.324278885,34.405843333],[132.324085837,34.405908333],[132.323866109,34.405957495],[132.32371,34.405982225],[132.323574163,34.405999162],[132.323467497,34.405984441],[132.323289171,34.40595972],[132.32309917,34.405903612],[132.322934163,34.405885001],[132.322734448,34.405912225],[132.322541387,34.405966387],[132.322352218,34.40608944],[132.322128053,34.406286387],[132.321982218,34.406401107],[132.321842217,34.406493613],[132.321675836,34.406531667],[132.321522775,34.406499162],[132.321363061,34.406439162],[132.321129999,34.406354162],[132.321007782,34.406309162],[132.320803891,34.406246946],[132.320586667,34.406241387],[132.320417781,34.406270829],[132.320238054,34.406314162],[132.320044994,34.406325279],[132.319826394,34.406303333],[132.319527782,34.406230279],[132.319364721,34.406230279],[132.319235837,34.406252776],[132.319000001,34.406281667],[132.31880694,34.406270829],[132.31852083,34.40626],[132.318203606,34.406235828],[132.318138885,34.406264162],[132.318074721,34.406292225],[132.317928326,34.406401108],[132.317741946,34.406412225],[132.317601946,34.406368613],[132.317568106,34.406354028],[132.317475551,34.406314162],[132.317225836,34.406218892],[132.317069728,34.406168333],[132.316872776,34.406128892],[132.316689728,34.406128892],[132.316666667,34.406137162],[132.316430558,34.406221946],[132.316270831,34.406287225],[132.316010831,34.406444162],[132.31596306,34.406478054],[132.315868054,34.406511946],[132.31569166,34.406511945],[132.315392775,34.406444162],[132.315035837,34.406315829],[132.314902776,34.406343054],[132.314856109,34.406397496],[132.314808885,34.406506108],[132.314799728,34.406847775],[132.314822503,34.407075],[132.314839727,34.40724444],[132.314879727,34.407353053],[132.314873061,34.407483613],[132.314806394,34.407608332],[132.314606667,34.407809162],[132.314448885,34.408049163],[132.314347224,34.408222225],[132.314252438,34.408333333],[132.314194163,34.408401666],[132.31393306,34.408730829],[132.31373611,34.408950559],[132.313548327,34.409161108],[132.313294721,34.409406667],[132.313131659,34.409626387],[132.313029728,34.409806667],[132.312959728,34.410076947],[132.312939728,34.410234441],[132.31293472,34.410420279],[132.312941659,34.410786388],[132.312968612,34.410932775],[132.313074994,34.41124],[132.313192504,34.411496108],[132.313389443,34.411738333],[132.313480831,34.411810558],[132.313496939,34.411818892],[132.313550559,34.411846108],[132.313641388,34.411892495],[132.313821115,34.411930559],[132.314007496,34.411952225],[132.314299442,34.412065],[132.31442166,34.412121387],[132.314516667,34.4122],[132.314577782,34.412290278],[132.314570831,34.412453613],[132.314536939,34.412560279],[132.314446939,34.412837775],[132.31441472,34.413101108],[132.314394449,34.413641667],[132.314393606,34.413810559],[132.314408054,34.414176945],[132.314404449,34.414580559],[132.314414449,34.414734441],[132.314371115,34.414890279],[132.31432445,34.415080559],[132.314326109,34.415224162],[132.31440083,34.415573333],[132.314414449,34.415765],[132.314393892,34.415914441],[132.314294163,34.416006667],[132.314020558,34.416260559],[132.313776109,34.416440829],[132.313714994,34.416502775],[132.313613333,34.416626666],[132.313579221,34.416666666],[132.313219443,34.417088614],[132.313083606,34.417257495],[132.312873062,34.417471667],[132.312716668,34.417601666],[132.312623891,34.417710279],[132.312570272,34.417835279],[132.312581115,34.417983892],[132.312581115,34.418361387],[132.312547224,34.418541387],[132.312463891,34.418715829],[132.312343891,34.418835279],[132.312184163,34.418943892],[132.312017496,34.419037225],[132.311393606,34.419260558],[132.311304163,34.419224162],[132.311214994,34.419159162],[132.311151115,34.419106946],[132.311084163,34.419034161],[132.311018885,34.418901387],[132.31088,34.418758055],[132.310761946,34.418583333],[132.310659728,34.418394999],[132.310517224,34.418231667],[132.310370273,34.418043892],[132.310246939,34.417936108],[132.310067496,34.417885],[132.309932776,34.417901387],[132.309734163,34.417987495],[132.309645279,34.418026108],[132.309491946,34.418073892],[132.309323061,34.418070279],[132.309093333,34.418041667],[132.308911661,34.418005279],[132.308787224,34.417935],[132.308698054,34.417859441],[132.308621388,34.417778612],[132.308548327,34.417685279],[132.308333333,34.417312974],[132.308317497,34.41728556],[132.308195279,34.417022225],[132.308007809,34.416666667],[132.308004449,34.416660278],[132.307824721,34.416540829],[132.307676108,34.416375559],[132.307477497,34.416206388],[132.307254448,34.415992495],[132.307194448,34.415900279],[132.307089442,34.415580829],[132.307035278,34.415471108],[132.306946109,34.415341108],[132.306866394,34.415270829],[132.306740559,34.415179161],[132.306504721,34.415077775],[132.306267224,34.414970829],[132.306104162,34.414880559],[132.306022776,34.414796108],[132.305845278,34.414658612],[132.305733607,34.414572775],[132.305580272,34.414507495],[132.305377498,34.414458613],[132.305194163,34.414452775],[132.30514,34.414407775],[132.305013333,34.414209162],[132.304831829,34.414018748],[132.304770558,34.413954441],[132.304578885,34.41369944],[132.304490558,34.413555559],[132.304452218,34.413474721],[132.30446166,34.413404441],[132.304408054,34.413281946],[132.304366109,34.413185829],[132.304314994,34.413102495],[132.304260829,34.412927775],[132.304206394,34.412724721],[132.304128612,34.412413892],[132.304063606,34.412276387],[132.303963607,34.412107774],[132.303870558,34.412015559],[132.303690558,34.411890559],[132.30353083,34.411766387],[132.30334083,34.411636946],[132.303212218,34.411537495],[132.30314389,34.411484721],[132.303,34.411353892],[132.302951945,34.411276386],[132.302904163,34.411109162],[132.302872503,34.410977774],[132.302852218,34.41087083],[132.302804721,34.410746946],[132.302743606,34.410656668],[132.302575552,34.410555279],[132.30233083,34.41044056],[132.302234994,34.410383333],[132.302145837,34.410307776],[132.302129728,34.410191108],[132.302148885,34.410094441],[132.302213891,34.409817775],[132.30222917,34.409718054],[132.302235551,34.409618892],[132.302184449,34.409483613],[132.302083061,34.409338054],[132.301896666,34.409191387],[132.301690273,34.409104441],[132.30137917,34.408989721],[132.301197497,34.40889],[132.301022218,34.408765],[132.300904164,34.408705],[132.300818054,34.408647775],[132.300666109,34.408409722],[132.300587173,34.408333333],[132.300503061,34.408251946],[132.300007497,34.407750829],[132.3,34.407743333],[132.299674721,34.407418614],[132.299611778,34.40735536],[132.29956,34.407303333],[132.299512218,34.407217495],[132.299474162,34.40716],[132.299442218,34.407024721],[132.299451946,34.406938892],[132.299505837,34.406862495],[132.299691115,34.40666],[132.29980917,34.406529999],[132.299882503,34.406425558],[132.299968327,34.406314441],[132.3,34.40626764],[132.300019442,34.406238891],[132.300067225,34.406139999],[132.300073606,34.406068613],[132.300021388,34.405864162],[132.3,34.40580336],[132.299973891,34.405729163],[132.299987224,34.405616387],[132.300000001,34.405580054],[132.300080272,34.405351668],[132.300136667,34.405041946],[132.300265837,34.404557495],[132.300306667,34.404389721],[132.300273333,34.404188613],[132.300201946,34.404042225],[132.300184163,34.404005559],[132.30012917,34.403885829],[132.300136668,34.403712776],[132.300184163,34.403572225],[132.300202503,34.40342],[132.300234449,34.403274162],[132.300266394,34.403162225],[132.30033,34.403071108],[132.300489728,34.402913054],[132.300544163,34.402783612],[132.300544163,34.402693613],[132.300524449,34.402432225],[132.300550831,34.402175279],[132.300571388,34.401809163],[132.300537782,34.401612774],[132.30049472,34.401413613],[132.300471115,34.401193613],[132.300467782,34.401053053],[132.300483333,34.400863333],[132.300585552,34.400576108],[132.300646394,34.400451946],[132.300664449,34.400345828],[132.300623891,34.400107225],[132.300594163,34.399999999],[132.30057917,34.399945829],[132.300528327,34.399771387],[132.300438327,34.399503333],[132.300404993,34.399324441],[132.300377781,34.399131667],[132.300415279,34.398931667],[132.300463061,34.398486668],[132.300510558,34.398290829],[132.30056917,34.398173333],[132.300686939,34.397990829],[132.30085,34.397771108],[132.300938327,34.397602224],[132.301020001,34.397393613],[132.301067782,34.397245279],[132.301108054,34.397050559],[132.301175837,34.396678893],[132.301242504,34.396369162],[132.301280558,34.396210279],[132.301347782,34.396046108],[132.30138917,34.395900829],[132.301421115,34.395770829],[132.301454163,34.395676108],[132.301526394,34.395466108],[132.301556109,34.395322225],[132.301564721,34.395281108],[132.301601388,34.395118333],[132.301661947,34.395009162],[132.301719442,34.394946667],[132.301818327,34.394839722],[132.301999442,34.394576667],[132.30210166,34.394438613],[132.30223528,34.394240279],[132.302330272,34.394026108],[132.30246611,34.393834721],[132.302628054,34.393618333],[132.302734994,34.393440279],[132.302900558,34.393198054],[132.303138327,34.392955829],[132.303300558,34.392798054],[132.303345162,34.392757225],[132.303431388,34.392678333],[132.303459999,34.392602775],[132.303408053,34.392496667],[132.303338885,34.392418332],[132.303235279,34.392280559],[132.303124721,34.392122496],[132.30305445,34.391982495],[132.302966395,34.391796108],[132.302932309,34.391666667],[132.302927781,34.391649441],[132.302927782,34.391480559],[132.302958885,34.391325559],[132.303009171,34.391136947],[132.303028055,34.391005559],[132.303041387,34.390897775],[132.303031946,34.390792225],[132.302988885,34.390618613],[132.302880558,34.390252495],[132.302848561,34.390082667],[132.302767783,34.389653694],[132.302724449,34.389425001],[132.302721389,34.389158892],[132.302757224,34.389012225],[132.302804994,34.388944442],[132.302842776,34.38888528],[132.302888054,34.388816946],[132.302926394,34.388733613],[132.302934721,34.388630829],[132.302771946,34.388163333],[132.302624449,34.387857775],[132.302464721,34.387558334],[132.302356108,34.38731444],[132.302263333,34.387171387],[132.302179442,34.38711028],[132.302110558,34.387085829],[132.301963333,34.387033613],[132.301787224,34.386952495],[132.301556394,34.386828613],[132.301468054,34.38675528],[132.30136166,34.386627775],[132.301256667,34.386546945],[132.30118,34.386442775],[132.301119442,34.386346388],[132.301040558,34.386203333],[132.300979442,34.385995],[132.300918326,34.385713333],[132.300836938,34.385212225],[132.300796108,34.385077225],[132.30073917,34.384881947],[132.30067,34.384772225],[132.300520273,34.384602775],[132.300347224,34.384417495],[132.300197781,34.384305279],[132.300078326,34.384257495],[132.3,34.384261586],[132.299913605,34.384266107],[132.299777782,34.384277225],[132.299648612,34.3843],[132.299307224,34.384414441],[132.299048886,34.384484721],[132.298844721,34.384526387],[132.298514722,34.384592775],[132.298218327,34.384634161],[132.29774694,34.384691108],[132.297161388,34.384701667],[132.296684721,34.384732224],[132.296199728,34.384737495],[132.295769442,34.384754721],[132.295239442,34.384776386],[132.294780558,34.384795559],[132.294403606,34.38483972],[132.294162219,34.384882775],[132.294005837,34.384916667],[132.293840001,34.384956387],[132.293686109,34.385019163],[132.293482502,34.385125829],[132.293424722,34.385163054],[132.293185837,34.385317495],[132.29300166,34.385476667],[132.292628327,34.385747225],[132.292402503,34.385940829],[132.292098612,34.386141387],[132.291779442,34.386383612],[132.291666668,34.386457495],[132.291650558,34.386468054],[132.291322776,34.386700279],[132.290984449,34.386965559],[132.29077,34.387172495],[132.290682503,34.387303613],[132.290593061,34.387423613],[132.290446394,34.387566667],[132.290285838,34.387718333],[132.289987223,34.387971667],[132.28991917,34.388016668],[132.289724449,34.388125829],[132.289533061,34.388216945],[132.289118328,34.388353891],[132.288941388,34.388399722],[132.288785279,34.388422224],[132.288092776,34.388518054],[132.287922776,34.388551945],[132.287719171,34.388585559],[132.287612503,34.388624721],[132.28752,34.388663892],[132.286993061,34.388951667],[132.286809729,34.389019441],[132.286673891,34.389025],[132.286565279,34.388985559],[132.28647,34.388929162],[132.286402218,34.388918055],[132.286266109,34.388972494],[132.28616389,34.389018055],[132.285923333,34.389074721],[132.285758612,34.389133891],[132.28543555,34.389262776],[132.285019442,34.389436386],[132.284769728,34.389537225],[132.284614449,34.389598054],[132.284518612,34.389696946],[132.284387782,34.389721387],[132.284561945,34.389835828],[132.284745278,34.389971109],[132.284808328,34.390040559],[132.284826939,34.390061108],[132.284846667,34.390126109],[132.284843332,34.390209441],[132.284830272,34.390341387],[132.284784163,34.390564721],[132.284724994,34.390703333],[132.284629728,34.390818613],[132.284478327,34.390920829],[132.284369442,34.390996108],[132.28425083,34.391095559],[132.284107224,34.391226946],[132.283923891,34.391413055],[132.283835837,34.391538613],[132.283789689,34.391666667],[132.283786393,34.391675829],[132.283783606,34.391688333],[132.283756667,34.39180472],[132.283740557,34.391947775],[132.283747223,34.392201108],[132.283767497,34.392341946],[132.283791387,34.392471388],[132.283857224,34.392646109],[132.283939728,34.392764441],[132.284032503,34.392871386],[132.284147782,34.392961667],[132.28438555,34.393113613],[132.284476109,34.393191945],[132.284528884,34.393294161],[132.284535279,34.393447495],[132.284500831,34.393586946],[132.284371945,34.393755829],[132.284361946,34.393907495],[132.284365279,34.394020559],[132.284335551,34.394144162],[132.284266394,34.394222225],[132.284127496,34.394352776],[132.283862775,34.394538613],[132.283750829,34.394665],[132.283714449,34.394788891],[132.283704721,34.394961108],[132.283731115,34.395122495],[132.283777224,34.395253892],[132.283839728,34.395442225],[132.283941945,34.395609162],[132.284093606,34.395760559],[132.284195279,34.39583944],[132.284561946,34.396064721],[132.28462306,34.396121108],[132.284631388,34.396201387],[132.284582503,34.39651556],[132.284575278,34.396607495],[132.284542218,34.396750279],[132.284492776,34.39679056],[132.284429999,34.396817495],[132.284290558,34.396808333],[132.283991661,34.396791386],[132.28380166,34.396791386],[132.283629442,34.396884721],[132.28362917,34.396885],[132.283550272,34.396951667],[132.283407782,34.397084162],[132.283333333,34.397169082],[132.283299169,34.397208055],[132.283156109,34.397461387],[132.283125278,34.39754],[132.283098885,34.397650279],[132.283088885,34.397776667],[132.283088327,34.397911946],[132.283108612,34.39803028],[132.283169727,34.398188053],[132.28319694,34.398328892],[132.283224163,34.398586668],[132.283251388,34.39883],[132.283256395,34.398957495],[132.283272777,34.399116387],[132.28327611,34.399188892],[132.283256394,34.399272226],[132.28322,34.399401386],[132.283177224,34.399517225],[132.283115551,34.399748053],[132.283074721,34.399922495],[132.283074384,34.4],[132.283074162,34.400056945],[132.283106939,34.400151109],[132.283159728,34.400234441],[132.283284994,34.400433332],[132.283333333,34.400504333],[132.283383892,34.400578613],[132.283505837,34.400756108],[132.283604163,34.400879721],[132.283909728,34.401245829],[132.284269441,34.401702224],[132.284432503,34.401882494],[132.284602218,34.402062775],[132.284666109,34.402167225],[132.284722218,34.40226944],[132.284758327,34.402371667],[132.284781388,34.402463054],[132.284751946,34.402551946],[132.284689171,34.402629999],[132.284568327,34.402715829],[132.284425551,34.402856667],[132.284366939,34.402953613],[132.284284448,34.403096108],[132.284228886,34.403233892],[132.28420166,34.403284721],[132.284147225,34.403340829],[132.28393,34.403442225],[132.283834994,34.403498613],[132.283742503,34.403563613],[132.283693061,34.403633613],[132.283627224,34.403743891],[132.283583606,34.403864721],[132.283569999,34.403999999],[132.283576939,34.404157775],[132.283624449,34.404348892],[132.283633606,34.404483333],[132.283626939,34.404548054],[132.283590558,34.404666387],[132.283538054,34.404749721],[132.283468612,34.404825],[132.283393061,34.404913892],[132.283384449,34.404929441],[132.283333333,34.405022054],[132.283291388,34.405098054],[132.283215837,34.405269442],[132.283159728,34.405398613],[132.283116109,34.405573054],[132.283107782,34.405695829],[132.283134163,34.405811667],[132.283170558,34.405900279],[132.283200272,34.405991667],[132.283213333,34.406080279],[132.283213333,34.40622028],[132.283206667,34.406308892],[132.283170557,34.406438054],[132.283094449,34.406567774],[132.282931659,34.406776387],[132.282840272,34.406886946],[132.282828054,34.406901667],[132.282748612,34.407048613],[132.282721115,34.40712556],[132.282715837,34.407220829],[132.282722503,34.407293333],[132.28272083,34.407393892],[132.28271083,34.407504163],[132.282687977,34.407563865],[132.282653061,34.407655],[132.282598885,34.407773333],[132.282435836,34.40806583],[132.282316109,34.408278613],[132.282283696,34.408333333],[132.282171115,34.408523333],[132.281927224,34.408894721],[132.281772503,34.409120829],[132.281609728,34.409354162],[132.281534994,34.409440559],[132.281465836,34.409488892],[132.281327497,34.409556388],[132.281159728,34.409613333],[132.280913605,34.409689441],[132.280587497,34.409770279],[132.280439728,34.409800279],[132.280231388,34.409850829],[132.280076667,34.409885829],[132.279876109,34.409907495],[132.279448326,34.409935558],[132.278884721,34.409946946],[132.278670272,34.409942225],[132.278366939,34.409947496],[132.278307497,34.410110279],[132.27812,34.410519721],[132.278103333,34.410681946],[132.278137782,34.410949162],[132.278164994,34.411061668],[132.278205551,34.411123614],[132.278348327,34.411258892],[132.278386667,34.411306667],[132.27841611,34.411343333],[132.278421388,34.411378892],[132.278411387,34.41143],[132.278361946,34.411486667],[132.27824,34.411580829],[132.278090272,34.411692495],[132.277946667,34.411787776],[132.277818612,34.411839162],[132.277692777,34.411895559],[132.277567224,34.411901108],[132.277448885,34.411881946],[132.277356667,34.411830829],[132.277238054,34.411736667],[132.277098885,34.411596946],[132.276917497,34.411403054],[132.276835279,34.411325279],[132.276766108,34.411271387],[132.276653891,34.411217495],[132.27647917,34.411185279],[132.276248612,34.411158333],[132.276121115,34.411129441],[132.276067224,34.411061386],[132.275985279,34.410994162],[132.275856109,34.410954721],[132.2757,34.41095472],[132.275464449,34.410964721],[132.275285837,34.410949162],[132.275223891,34.410929722],[132.275136394,34.410808333],[132.275054994,34.410695559],[132.275000557,34.410661946],[132.275,34.410661829],[132.274871388,34.410636667],[132.27465083,34.410625829],[132.274457781,34.410628054],[132.274301661,34.410639441],[132.274193061,34.410673054],[132.274104721,34.410729442],[132.273914163,34.410886667],[132.273811946,34.410980829],[132.273695836,34.411127225],[132.273602218,34.411286946],[132.273534449,34.411396108],[132.273411945,34.411500828],[132.273293891,34.411557775],[132.273138885,34.411598054],[132.272983891,34.411608892],[132.272807782,34.411607775],[132.272515837,34.411630279],[132.272271388,34.411664161],[132.272130272,34.411743333],[132.272008328,34.411840279],[132.271929443,34.411950559],[132.271857224,34.412075279],[132.271812218,34.412358054],[132.271772503,34.412489721],[132.271683606,34.412605279],[132.271566393,34.412718892],[132.27145611,34.412806946],[132.271357224,34.412863613],[132.271218885,34.412914441],[132.271038327,34.412966109],[132.27088,34.413028054],[132.27073166,34.413084441],[132.270560272,34.413139721],[132.270431115,34.413173333],[132.270295279,34.413229721],[132.270024721,34.413376108],[132.269958054,34.413407776],[132.269754449,34.413505279],[132.269555279,34.413578892],[132.269331115,34.413657775],[132.269215837,34.413686109],[132.26907555,34.413707225],[132.268881114,34.413701667],[132.268749169,34.413685559],[132.268536667,34.413607225],[132.268360272,34.413528333],[132.268182504,34.413400559],[132.26801917,34.413291387],[132.267920271,34.413237495],[132.267821388,34.413189161],[132.267633891,34.413150829],[132.267260557,34.413133892],[132.267002503,34.413117225],[132.266746939,34.413070829],[132.266666667,34.413049829],[132.266493061,34.413004441],[132.266282777,34.412942495],[132.266004162,34.412829721],[132.265846109,34.412754161],[132.265757224,34.412697496],[132.265528885,34.412559721],[132.265344994,34.412423613],[132.265071661,34.412482775],[132.264870559,34.412536387],[132.264497223,34.412677775],[132.264327224,34.412738332],[132.264136109,34.412784162],[132.263905279,34.412797495],[132.26356917,34.412800279],[132.263308885,34.412786667],[132.263132218,34.412784722],[132.263023606,34.412807226],[132.262921946,34.412841108],[132.262673333,34.412933613],[132.262505279,34.412992775],[132.262303891,34.413021387],[132.262100273,34.413032495],[132.261988054,34.413022775],[132.261787782,34.412993054],[132.261698054,34.412968892],[132.261582776,34.412958054],[132.261441115,34.412963333],[132.261305837,34.412987775],[132.26120389,34.413043891],[132.260969728,34.413154441],[132.260837224,34.413207225],[132.260722503,34.413240559],[132.260610558,34.413267495],[132.260361946,34.413314162],[132.260361659,34.413314163],[132.260214721,34.413334441],[132.260079727,34.413358892],[132.259822776,34.413487776],[132.259730558,34.413538892],[132.259700558,34.413539721],[132.25963166,34.413541668],[132.259539441,34.413517496],[132.259404164,34.413447495],[132.259285551,34.413385559],[132.259112775,34.413325559],[132.258990558,34.413303054],[132.258718885,34.413302225],[132.258583606,34.413334441],[132.258498054,34.413372225],[132.25840555,34.413444722],[132.258333333,34.413523162],[132.258318327,34.413539441],[132.258250558,34.413607225],[132.258168885,34.41372528],[132.258012776,34.413871946],[132.257904721,34.41393],[132.257825551,34.413956947],[132.257657497,34.413983613],[132.257515837,34.413970278],[132.257408612,34.413939441],[132.257299728,34.413916946],[132.257186667,34.413920001],[132.25710306,34.413922495],[132.256953606,34.413967495],[132.256724721,34.414021387],[132.25657,34.414032225],[132.256308612,34.413984441],[132.256023333,34.413928054],[132.255832777,34.413876946],[132.25575166,34.413855],[132.255567224,34.413802775],[132.255413061,34.413787226],[132.255324163,34.413787495],[132.25518166,34.413793053],[132.255064162,34.413808333],[132.254964449,34.413821108],[132.254882776,34.413832494],[132.254796394,34.413913054],[132.254760558,34.413984441],[132.254753891,34.414046387],[132.254767497,34.414238053],[132.254828327,34.414761667],[132.254845161,34.414817801],[132.254854163,34.414847775],[132.254896109,34.414958613],[132.254903061,34.415054441],[132.254889442,34.415121946],[132.254834994,34.415268334],[132.25470917,34.415697775],[132.254678885,34.415814721],[132.254699171,34.415972496],[132.254726394,34.416073892],[132.254751115,34.416205829],[132.25474472,34.4163],[132.254704994,34.416380829],[132.25464917,34.416466946],[132.254569999,34.416569162],[132.2544793,34.416666667],[132.254407225,34.416744162],[132.254169728,34.416958333],[132.25406083,34.417082225],[132.254051946,34.417140559],[132.25406083,34.417183613],[132.254210272,34.417622495],[132.254278612,34.417742495],[132.254325837,34.417825279],[132.254332503,34.417881667],[132.254318884,34.417921108],[132.254223891,34.418084441],[132.25414,34.418196108],[132.254124721,34.418216387],[132.254014722,34.418331946],[132.253874669,34.418447613],[132.253789442,34.418518054],[132.253755278,34.418551946],[132.253660272,34.418670279],[132.253585551,34.418822225],[132.253513891,34.419081946],[132.253448327,34.419320279],[132.253425551,34.419357495],[132.253363333,34.419388054],[132.253198612,34.419447495],[132.253103333,34.419491668],[132.253035551,34.419531946],[132.252959729,34.419588332],[132.252897497,34.419644441],[132.252858054,34.419717495],[132.25283,34.419780829],[132.252776666,34.419903612],[132.252671946,34.420091946],[132.252664163,34.420105829],[132.25262917,34.420160279],[132.252594163,34.420188892],[132.252555279,34.420209162],[132.252376393,34.420226388],[132.252157497,34.420263892],[132.252004163,34.420295],[132.251930271,34.420318054],[132.251867224,34.420349441],[132.251824449,34.420393613],[132.251782776,34.420458333],[132.25176166,34.420527225],[132.251754722,34.420593054],[132.251758885,34.420691388],[132.25178,34.42076],[132.251814994,34.420817225],[132.251856394,34.420849721],[132.251919442,34.420892495],[132.252154995,34.421009162],[132.252368884,34.421137774],[132.252567782,34.421313333],[132.252627497,34.421390559],[132.252632776,34.421402494],[132.252690558,34.421530559],[132.252714994,34.421615],[132.252718327,34.421720829],[132.252704448,34.421878334],[132.252646938,34.422060829],[132.252543333,34.422435278],[132.252480999,34.422445919],[132.252024721,34.422523891],[132.251933333,34.422549721],[132.251887782,34.422581109],[132.251837496,34.422632225],[132.25179555,34.422692225],[132.251767498,34.422775279],[132.25168166,34.423164441],[132.251654449,34.423423613],[132.251640831,34.423463054],[132.251593333,34.423530559],[132.251280558,34.423829162],[132.251226394,34.423913613],[132.251192218,34.424009441],[132.25118917,34.424190279],[132.25117694,34.424234162],[132.251003333,34.424399162],[132.250675837,34.424279721],[132.250533061,34.424234721],[132.250459442,34.424203054],[132.250356395,34.424138891],[132.25019555,34.424002495],[132.25,34.42387664],[132.249982777,34.423865559],[132.249866939,34.423778332],[132.249717497,34.42369944],[132.249581389,34.423643333],[132.24945,34.423608054],[132.249341115,34.423599441],[132.24918,34.423605279],[132.249024163,34.423626387],[132.248867782,34.423643333],[132.24867083,34.423648893],[132.248528054,34.423615],[132.248317497,34.423533612],[132.248093061,34.423485559],[132.248031947,34.423468614],[132.247907782,34.423455828],[132.24783,34.423463892],[132.247798885,34.423474441],[132.247774721,34.423482495],[132.247709728,34.423511667],[132.247668885,34.423538333],[132.247561946,34.423660559],[132.247522503,34.423698613],[132.247495278,34.423710829],[132.247431388,34.423712775],[132.247329442,34.423705559],[132.247188327,34.423691109],[132.247062503,34.42366583],[132.246675551,34.423551667],[132.246458885,34.423481667],[132.245871388,34.423334441],[132.245718328,34.42331],[132.245415838,34.423285559],[132.24511,34.423258333],[132.244878612,34.423287775],[132.244799999,34.423316108],[132.244856109,34.423416666],[132.244859728,34.423468614],[132.244696939,34.423548333],[132.244591115,34.423599441],[132.244504254,34.423664532],[132.244022218,34.424025559],[132.243899728,34.424132775],[132.243628055,34.424408613],[132.243414164,34.424554721],[132.243199728,34.424678613],[132.242914449,34.424881387],[132.242831946,34.424920279],[132.242712504,34.424969161],[132.242648664,34.424999999],[132.242482504,34.42508028],[132.242299728,34.425217224],[132.242104994,34.425361946],[132.24201166,34.425459441],[132.241922218,34.425578333],[132.24183611,34.425751946],[132.241686939,34.425876946],[132.241666667,34.425889306],[132.241597225,34.425931667],[132.241368612,34.426045],[132.240902219,34.426188333],[132.240810557,34.426214721],[132.240610558,34.426272496],[132.240379442,34.426356946],[132.24031166,34.426373892],[132.240128054,34.426390829],[132.23988306,34.42641972],[132.239604722,34.426503333],[132.239530001,34.426537225],[132.239305837,34.426683614],[132.239217224,34.426762224],[132.23895917,34.427094441],[132.238782503,34.427285829],[132.23870083,34.427359163],[132.238136667,34.427708333],[132.238014721,34.427787775],[132.237936394,34.427861108],[132.237837782,34.42799],[132.23772,34.428156667],[132.237593061,34.428355829],[132.23755917,34.428423613],[132.237382218,34.428609441],[132.23730083,34.428738893],[132.237223891,34.428898613],[132.237088885,34.429133054],[132.237036667,34.429199721],[132.236976939,34.429254721],[132.236842503,34.429352225],[132.236730558,34.429434441],[132.236570272,34.429611108],[132.236417224,34.429786108],[132.236226939,34.430163333],[132.236097224,34.430351108],[132.235951193,34.43051764],[132.235921115,34.430551947],[132.23576472,34.430845],[132.235730829,34.430968892],[132.235660558,34.431143334],[132.235589728,34.431158613],[132.235511387,34.431158613],[132.235418054,34.431146388],[132.234914163,34.430945279],[132.234708885,34.430902775],[132.234613891,34.430899162],[132.234438611,34.430917225],[132.234322777,34.430956946],[132.23424083,34.43099056],[132.234140272,34.431054441],[132.234028326,34.431137225],[132.23387,34.431225559],[132.233728054,34.431283332],[132.233488613,34.431352225],[132.233333334,34.431396414],[132.233296393,34.431406947],[132.233148054,34.431437775],[132.233124163,34.431442775],[132.232938611,34.431453892],[132.232675551,34.43144],[132.23247306,34.43140972],[132.232312503,34.431373892],[132.231948053,34.431295279],[132.231755837,34.431267495],[132.231582554,34.43125736],[132.23152306,34.431253892],[132.231371115,34.431251108],[132.231172192,34.431281361],[132.230574994,34.431363892],[132.230328886,34.431421946],[132.230242776,34.431430558],[132.230156667,34.431421386],[132.229917781,34.431372495],[132.229349442,34.431255829],[132.22915917,34.431216387],[132.22903,34.431176946],[132.228968884,34.431143054],[132.228686109,34.430930829],[132.228525278,34.430787775],[132.228446667,34.430690279],[132.228398327,34.430589722],[132.228360829,34.430443334],[132.228301115,34.430175278],[132.228174449,34.429876945],[132.228111115,34.429800829],[132.228058885,34.429751947],[132.227875837,34.429572225],[132.227773333,34.429387225],[132.227687497,34.429174162],[132.227631388,34.429094721],[132.22756917,34.429037225],[132.22744,34.428952495],[132.227276939,34.428873893],[132.226841946,34.428592225],[132.226821389,34.428575279],[132.226739999,34.428468333],[132.226671946,34.428310559],[132.226617497,34.428147225],[132.226511388,34.427740279],[132.226504994,34.427715278],[132.226474994,34.427651667],[132.226418885,34.427596388],[132.226359729,34.427561667],[132.226210001,34.427465829],[132.226124449,34.427416667],[132.225796394,34.427052775],[132.225759171,34.426976946],[132.225733061,34.426873333],[132.225684449,34.426797224],[132.225613606,34.426723892],[132.22547083,34.426627225],[132.225415551,34.42659],[132.225296109,34.426538054],[132.225156667,34.426514441],[132.225047782,34.426508613],[132.225,34.426492866],[132.224945836,34.426475],[132.224777497,34.426352225],[132.224598327,34.426209162],[132.224549728,34.426135829],[132.224456666,34.425945559],[132.224395551,34.425849721],[132.224307223,34.425742775],[132.224110272,34.425607496],[132.223864721,34.425512775],[132.223555552,34.425428892],[132.223416668,34.425382495],[132.223246667,34.425281667],[132.222892827,34.425],[132.222757782,34.424892495],[132.22247917,34.424638892],[132.222037496,34.424239162],[132.221948885,34.424160279],[132.221806394,34.424002495],[132.221561946,34.423659161],[132.221398885,34.423456387],[132.221283333,34.423270829],[132.221166109,34.423077495],[132.22109917,34.422909162],[132.22089306,34.422371387],[132.220861439,34.422289081],[132.220821115,34.422183892],[132.22075306,34.421975279],[132.220691946,34.421733333],[132.220596667,34.421333333],[132.220576395,34.421282775],[132.220352217,34.42108],[132.220297782,34.421012495],[132.219964994,34.42068],[132.21983083,34.420575559],[132.219765551,34.420550829],[132.219616109,34.420528054],[132.219534449,34.420506946],[132.219476108,34.420482495],[132.219378054,34.420421668],[132.219303333,34.420360559],[132.219156394,34.420200559],[132.219091116,34.420131946],[132.218952217,34.419974441],[132.218892503,34.419903333],[132.218856939,34.41980056],[132.218810558,34.419610279],[132.218701946,34.419013333],[132.218647497,34.418658333],[132.218552503,34.418286667],[132.218529442,34.418010559],[132.218518612,34.417881387],[132.218373333,34.417484721],[132.218314721,34.416980279],[132.218251997,34.416666667],[132.218233606,34.416574721],[132.218199728,34.416332495],[132.218124994,34.416101387],[132.218016394,34.415960829],[132.217922503,34.415912225],[132.217792218,34.415870558],[132.217425552,34.415848054],[132.217310272,34.415831108],[132.216864527,34.415819162],[132.21672153,34.415801135],[132.216666667,34.41578544],[132.216610117,34.415769252],[132.216435525,34.415688829],[132.21634572,34.415637532],[132.216160364,34.415485081],[132.215816394,34.415279162],[132.215388611,34.415054163],[132.215140273,34.415032495],[132.215051116,34.415050001],[132.214879728,34.415132775],[132.214574164,34.415363613],[132.214105836,34.415718613],[132.214017498,34.415763613],[132.213901947,34.415774721],[132.21377306,34.415774721],[132.212802776,34.415771108],[132.211253891,34.415825558],[132.210765551,34.415808613],[132.210171946,34.415773613],[132.209808054,34.415752225],[132.20930555,34.415746668],[132.208959443,34.415746667],[132.208789728,34.415735279],[132.208341387,34.415701667],[132.208333334,34.41570136],[132.208185279,34.415695828],[132.208042776,34.415679162],[132.207961388,34.41565083],[132.207811946,34.415571947],[132.207425279,34.415335559],[132.207173892,34.415273613],[132.207038054,34.415217225],[132.206976939,34.415177775],[132.206610272,34.414823054],[132.206515279,34.414738334],[132.206345551,34.414676387],[132.206155551,34.414642775],[132.205962218,34.414592224],[132.205753607,34.414550559],[132.205646108,34.414563891],[132.20549,34.41466528],[132.205384812,34.414749748],[132.205272776,34.414839721],[132.204899442,34.415160829],[132.204824721,34.415222775],[132.204505551,34.415442495],[132.204217782,34.415671667],[132.204084721,34.415735],[132.203867497,34.415825279],[132.203602776,34.415898332],[132.203141115,34.415999721],[132.202971388,34.416033613],[132.202869442,34.416073054],[132.202686108,34.416191386],[132.202496667,34.416286387],[132.202386109,34.416303613],[132.202279441,34.416286387],[132.202156668,34.416258892],[132.201878053,34.416151946],[132.201694721,34.416095559],[132.201158327,34.415954721],[132.200649442,34.415887226],[132.200395551,34.415850559],[132.200374449,34.415845559],[132.200099442,34.415780279],[132.200000001,34.415751974],[132.199624163,34.415645],[132.199391946,34.415549162],[132.198981946,34.415455279],[132.198585278,34.415430829],[132.198174449,34.415513613],[132.198089728,34.415504162],[132.197743605,34.415284441],[132.196987223,34.414951108],[132.196867224,34.414947495],[132.196707224,34.414965559],[132.196476109,34.415063613],[132.196236395,34.4152],[132.196080001,34.41532083],[132.195924163,34.415476109],[132.195752218,34.415671946],[132.195604993,34.415859162],[132.195489442,34.416118054],[132.195468949,34.416208054],[132.195462503,34.416236387],[132.195349274,34.416666667],[132.195346938,34.416675559],[132.195218055,34.416996666],[132.195000558,34.417452775],[132.194776666,34.417807495],[132.194552503,34.418151109],[132.194348886,34.418511667],[132.19421917,34.418774441],[132.194145279,34.418967495],[132.19409083,34.419209721],[132.194063606,34.419328054],[132.194042503,34.419462225],[132.193979728,34.419613333],[132.193873891,34.419728054],[132.193492504,34.419902775],[132.193261115,34.420024441],[132.19301083,34.420188333],[132.192873332,34.420278055],[132.192822776,34.420330279],[132.192763333,34.420412495],[132.192727224,34.420499721],[132.192665837,34.420685559],[132.192604721,34.421079721],[132.192585279,34.421140279],[132.192550558,34.421203333],[132.192434995,34.421377775],[132.192387224,34.421485001],[132.192324721,34.421723053],[132.19231,34.421807496],[132.192317497,34.421921946],[132.192326109,34.421991666],[132.192421388,34.422183333],[132.192509442,34.422277775],[132.192546394,34.422328891],[132.192572218,34.422449442],[132.192575837,34.422530829],[132.192561115,34.422585278],[132.19253166,34.422645559],[132.192487224,34.422702775],[132.192241114,34.422865279],[132.191934449,34.423142495],[132.19174166,34.423315279],[132.191680558,34.423416667],[132.191666667,34.423462586],[132.191626109,34.423596667],[132.191578612,34.423658613],[132.191476666,34.423813054],[132.191370559,34.423920559],[132.191233061,34.424060001],[132.191033606,34.424232776],[132.190948612,34.424317225],[132.190819442,34.424540279],[132.190742504,34.424722775],[132.190701659,34.424858054],[132.190672581,34.425],[132.190640558,34.425156388],[132.190593062,34.425601387],[132.19061,34.425687775],[132.190661115,34.425826667],[132.190750271,34.426037496],[132.190805552,34.426136667],[132.190861115,34.426221109],[132.190967496,34.426314722],[132.191004994,34.426347775],[132.191082502,34.426395279],[132.191272776,34.426457225],[132.191493606,34.426515279],[132.191666668,34.426602802],[132.191785279,34.426662775],[132.192176667,34.426952224],[132.192268884,34.427033613],[132.19233166,34.427100001],[132.192372218,34.427163333],[132.19239083,34.427256666],[132.192398055,34.427344162],[132.19233166,34.427645559],[132.192346108,34.427923891],[132.192371946,34.428077495],[132.192427498,34.428270558],[132.192563892,34.428544721],[132.192652218,34.428738055],[132.192808327,34.428963054],[132.19311555,34.429309441],[132.19317083,34.429390829],[132.193185551,34.429448053],[132.193181946,34.429668054],[132.193159728,34.429821667],[132.193053061,34.430224441],[132.193039442,34.430331667],[132.193035551,34.430609162],[132.193053892,34.430669441],[132.193190558,34.43079],[132.193382502,34.430916667],[132.193447225,34.430984721],[132.193463606,34.431011892],[132.193515279,34.431097495],[132.193574162,34.431231946],[132.193609728,34.431355829],[132.193614163,34.431583892],[132.193633332,34.431831668],[132.193596109,34.432165279],[132.193533605,34.432339721],[132.193199999,34.432173054],[132.193052217,34.432085829],[132.192915552,34.432040829],[132.192668055,34.431989441],[132.192474994,34.43198944],[132.192386668,34.432025559],[132.192235279,34.432106947],[132.192113332,34.432185279],[132.192017497,34.432263613],[132.191958327,34.432326946],[132.19181445,34.432507774],[132.191721945,34.43267972],[132.191667224,34.432799999],[132.191666668,34.432801226],[132.191639442,34.432860829],[132.191580272,34.432960279],[132.191559171,34.432986387],[132.191495279,34.433065829],[132.191462218,34.433123054],[132.19142083,34.433333333],[132.191417781,34.433348891],[132.19142166,34.433586946],[132.191453892,34.433771387],[132.191452503,34.433782],[132.19144445,34.433843613],[132.191433891,34.433908892],[132.191416667,34.434014441],[132.19137,34.434288333],[132.19136528,34.434543054],[132.191388885,34.435016667],[132.191378327,34.435155558],[132.191337497,34.435300278],[132.191296939,34.435405829],[132.191263606,34.435466108],[132.19120083,34.435544441],[132.19113445,34.435598614],[132.190982503,34.435690829],[132.19087166,34.435766108],[132.190628053,34.435943892],[132.190443333,34.43610972],[132.190369442,34.436194163],[132.190269728,34.436266387],[132.190122219,34.436353892],[132.189981946,34.436417225],[132.189773606,34.436531946],[132.18951917,34.436640279],[132.189442892,34.436670135],[132.189076031,34.436813747],[132.188887782,34.436887495],[132.188568054,34.437042225],[132.188498055,34.437105559],[132.188420558,34.437186945],[132.188357782,34.437283333],[132.188184163,34.437638892],[132.188058613,34.437852775],[132.187973606,34.437976387],[132.187881388,34.438066945],[132.1878,34.438124162],[132.187707783,34.438160279],[132.187268327,34.438271667],[132.186847783,34.43838444],[132.18664917,34.43844556],[132.186486394,34.438512226],[132.18629166,34.438621667],[132.185982776,34.43883972],[132.185688612,34.439080829],[132.185503061,34.439203332],[132.18541611,34.439255279],[132.185294721,34.439327775],[132.185200001,34.439376108],[132.185092776,34.439418332],[132.184985836,34.439421387],[132.184882218,34.439409163],[132.184793606,34.439379162],[132.184727224,34.43934583],[132.18460166,34.439243333],[132.184520559,34.43918],[132.184423891,34.439128054],[132.184124994,34.439022775],[132.183888612,34.438899163],[132.183652218,34.438778613],[132.183525551,34.438721667],[132.183423606,34.438693613],[132.183335279,34.438682495],[132.183333333,34.438682494],[132.183279728,34.438682225],[132.183242776,34.438681946],[132.183135837,34.438706109],[132.182604163,34.438877495],[132.182223891,34.438971108],[132.181836394,34.439133892],[132.181616939,34.439250559],[132.181480273,34.439346946],[132.18139166,34.439410279],[132.181273606,34.439467495],[132.180926394,34.439603333],[132.180700272,34.439710279],[132.180482503,34.43984],[132.180297782,34.439969721],[132.180201946,34.440030001],[132.180068885,34.440093054],[132.179946939,34.440129441],[132.179828885,34.440162495],[132.179341388,34.440326108],[132.178946109,34.440455829],[132.178887224,34.440491946],[132.178853891,34.440534162],[132.178828053,34.440603054],[132.178808885,34.440776108],[132.178770273,34.440980279],[132.178728612,34.441201387],[132.178743333,34.441620278],[132.178745641,34.441666667],[132.178754448,34.441843333],[132.178756667,34.442033613],[132.178741946,34.442108892],[132.178716109,34.442172225],[132.178579443,34.442383333],[132.178549727,34.442470829],[132.178545279,34.442590828],[132.178554994,34.442645279],[132.178589728,34.442675278],[132.178685551,34.442714441],[132.178999442,34.442805],[132.179268612,34.442925559],[132.179400272,34.442977225],[132.179914994,34.443178613],[132.180202776,34.443305001],[132.180446938,34.443425],[132.180686939,34.443620829],[132.180779169,34.443723333],[132.18083083,34.443786667],[132.180919442,34.443865],[132.181041388,34.443949441],[132.181155837,34.444009721],[132.181262776,34.444048892],[132.18133,34.444050829],[132.181927223,34.443928333],[132.181976394,34.443942225],[132.18203917,34.443966387],[132.182183061,34.444096108],[132.18231611,34.444273892],[132.182408327,34.444548054],[132.182449728,34.444634441],[132.182486667,34.444697775],[132.182542607,34.444767198],[132.182578885,34.444812225],[132.18264166,34.444854441],[132.182737782,34.444878613],[132.182896667,34.444881667],[132.183036939,34.444896667],[132.18312917,34.444923892],[132.183214163,34.444969162],[132.183333333,34.445034054],[132.183358054,34.445047495],[132.183553606,34.445173893],[132.183745551,34.445249441],[132.184014994,34.445312776],[132.184163062,34.445331108],[132.184303333,34.445336947],[132.184388327,34.445355279],[132.184454722,34.445385279],[132.184502776,34.445421387],[132.184539728,34.445472775],[132.184553606,34.445547775],[132.18456917,34.445689721],[132.18451,34.446081667],[132.184385551,34.446291108],[132.184126939,34.446688613],[132.184025279,34.446841387],[132.183947782,34.446925829],[132.183766667,34.447064441],[132.183585837,34.447212225],[132.183333333,34.447468251],[132.183326939,34.447474722],[132.183266666,34.447538333],[132.183164162,34.44772028],[132.183111116,34.447789721],[132.183022776,34.447879162],[132.182927224,34.447936946],[132.182732776,34.448061108],[132.182584163,34.448176667],[132.182446395,34.448309442],[132.182393333,34.448375829],[132.182336667,34.448459441],[132.182281946,34.448564162],[132.182383606,34.448605829],[132.182591115,34.448719441],[132.182725551,34.448808891],[132.182877782,34.448935829],[132.18312166,34.449155279],[132.183307782,34.449358054],[132.183333334,34.449376613],[132.183506109,34.449501946],[132.18357166,34.449561947],[132.183641388,34.449643893],[132.183683891,34.449722775],[132.183734163,34.449823892],[132.183780558,34.449886946],[132.183842219,34.449953333],[132.183907445,34.45],[132.183938885,34.450022495],[132.184004722,34.450041667],[132.184078054,34.450041667],[132.184197782,34.450025829],[132.184275642,34.449999999],[132.18432166,34.449984721],[132.184433606,34.449953333],[132.184591946,34.449928054],[132.184790558,34.449935279],[132.184941388,34.449966667],[132.185041946,34.449995279],[132.185052724,34.45],[132.185200272,34.450064722],[132.185339442,34.450156108],[132.18547472,34.450266667],[132.185597497,34.450348055],[132.185705524,34.450399748],[132.185732776,34.450412775],[132.185961115,34.450511387],[132.186718885,34.450801667],[132.186904448,34.450901667],[132.187190558,34.451103614],[132.187463061,34.451357775],[132.187608885,34.451484999],[132.187641659,34.451500279],[132.187711661,34.451465829],[132.187721115,34.451408613],[132.187678055,34.451185279],[132.187640829,34.450991667],[132.187629443,34.45089083],[132.18763694,34.450774162],[132.187652503,34.450704721],[132.187702776,34.450638333],[132.187787782,34.450562774],[132.18793472,34.450474442],[132.18856917,34.450150279],[132.188926498,34.449999999],[132.188936394,34.44999583],[132.189596394,34.449706108],[132.190183891,34.449481946],[132.190326667,34.449447225],[132.190417783,34.449427225],[132.190427496,34.449425],[132.19054528,34.449442775],[132.190796394,34.449496387],[132.19099389,34.449589999],[132.191048054,34.449634999],[132.191102503,34.449736386],[132.19115,34.449922225],[132.191191167,34.45],[132.191197782,34.450012495],[132.191273891,34.45008556],[132.191401388,34.450161387],[132.191553892,34.450218613],[132.191666667,34.450255748],[132.192202503,34.450432224],[132.193046108,34.450676667],[132.193148054,34.450693613],[132.193246109,34.450688613],[132.193338885,34.450666387],[132.19342,34.450625829],[132.193539728,34.450556387],[132.193623606,34.450479722],[132.19370306,34.450363613],[132.193908756,34.45],[132.193926668,34.449968333],[132.194135551,34.449687495],[132.194232218,34.449583333],[132.194266939,34.449573892],[132.194328885,34.449583333],[132.194340272,34.449589441],[132.194394449,34.449618054],[132.194514448,34.449715829],[132.194702218,34.449933054],[132.194739585,34.449999999],[132.194788885,34.450088333],[132.195084721,34.450491107],[132.195206939,34.450636108],[132.195264994,34.450733892],[132.195268885,34.450787496],[132.195254449,34.450885279],[132.195222503,34.450948054],[132.195164163,34.451026387],[132.195094162,34.451091388],[132.195014721,34.451121668],[132.19494,34.451129441],[132.194833061,34.451132775],[132.194568327,34.451149721],[132.194425551,34.451189162],[132.194368612,34.451226108],[132.194322217,34.451267225],[132.194298885,34.451320829],[132.19425166,34.451528613],[132.19424,34.451718054],[132.194209171,34.451768333],[132.194154994,34.451809441],[132.194093061,34.451837775],[132.193938612,34.451888333],[132.193845837,34.451948333],[132.19379166,34.451995559],[132.193772217,34.452058614],[132.193780001,34.452128054],[132.193818612,34.452169162],[132.193892218,34.452200829],[132.194011115,34.452225279],[132.194276108,34.452276108],[132.194425279,34.452332495],[132.19465917,34.452495829],[132.194867224,34.452591387],[132.19499166,34.452628333],[132.19509917,34.452636667],[132.195154163,34.452641108],[132.19545166,34.452642225],[132.195675837,34.452650559],[132.19588083,34.452666108],[132.195958054,34.452697775],[132.196015838,34.452737775],[132.196090558,34.452867495],[132.196128328,34.452990829],[132.196141115,34.453155001],[132.196115551,34.453280829],[132.196007224,34.453637225],[132.195968054,34.45384],[132.195913891,34.454345001],[132.195933333,34.454461666],[132.195964163,34.454565829],[132.195998885,34.454644721],[132.196053061,34.454704721],[132.196165279,34.454780279],[132.196250272,34.454811947],[132.196572218,34.454842495],[132.196664994,34.454877225],[132.196726667,34.454934162],[132.196764163,34.455013892],[132.196783333,34.455086387],[132.196772218,34.455169442],[132.196698884,34.455355558],[132.196647497,34.455581667],[132.196620271,34.455716946],[132.196602503,34.455959162],[132.196583061,34.456038054],[132.196536667,34.456104441],[132.196474994,34.456164441],[132.196239442,34.456325278],[132.195816939,34.456598892],[132.195662218,34.456718892],[132.195314449,34.456841947],[132.195117224,34.456898893],[132.195016667,34.456927225],[132.194912503,34.456943892],[132.194603333,34.45693444],[132.194332776,34.456953333],[132.194174163,34.457000829],[132.194000272,34.45707],[132.193861114,34.457133333],[132.193733606,34.45724056],[132.193609999,34.457395],[132.193584501,34.457481829],[132.193474721,34.457855558],[132.193425837,34.457993054],[132.193391114,34.458040279],[132.193306394,34.458100279],[132.193182503,34.458191667],[132.193101388,34.45828],[132.193063606,34.458333333],[132.193058885,34.45834],[132.193039442,34.458418893],[132.193054994,34.458491667],[132.19310917,34.458643053],[132.19317472,34.458791387],[132.193190272,34.458815559],[132.193271116,34.458942775],[132.19334083,34.459005829],[132.193436939,34.45905028],[132.193575838,34.459084162],[132.193742218,34.459091387],[132.194561659,34.459094441],[132.194633607,34.459113892],[132.194664721,34.459155],[132.194672503,34.459205559],[132.194664721,34.45926528],[132.194598885,34.459366388],[132.194394163,34.459521108],[132.194297497,34.459603054],[132.194264163,34.459659162],[132.194251114,34.459723054],[132.194260271,34.459779162],[132.194291115,34.459845559],[132.194368612,34.459971386],[132.194516108,34.460133054],[132.19462917,34.460305829],[132.194738055,34.460598614],[132.194731115,34.460728334],[132.194717782,34.460761947],[132.194663061,34.460956667],[132.194674721,34.46131],[132.194697782,34.461373333],[132.194726393,34.461415559],[132.194786667,34.461458333],[132.194864163,34.461474162],[132.195074163,34.461478614],[132.195298326,34.461519441],[132.195364163,34.461548054],[132.195406667,34.461582774],[132.195441388,34.461633054],[132.195514721,34.461885559],[132.195518055,34.462053613],[132.195513891,34.462127774],[132.195492218,34.462215],[132.195430558,34.462388613],[132.195372776,34.462464441],[132.195306939,34.462499162],[132.195206939,34.462513333],[132.195036667,34.462514721],[132.194858885,34.462473892],[132.194742776,34.46243583],[132.194638612,34.462376108],[132.194564995,34.462322225],[132.194518612,34.462312775],[132.194476109,34.462325559],[132.194425836,34.462385559],[132.19432917,34.462578055],[132.194275837,34.462704722],[132.194201115,34.462991945],[132.19418083,34.463211667],[132.19414917,34.463370279],[132.194022776,34.463644441],[132.193979442,34.463773332],[132.193949728,34.463926946],[132.19388166,34.464056387],[132.193780272,34.464207776],[132.193671115,34.464343333],[132.193548612,34.464517775],[132.193436939,34.464710559],[132.19329917,34.464985829],[132.193276939,34.465030279],[132.19322917,34.465143054],[132.19314083,34.465435829],[132.193105837,34.465634441],[132.193093332,34.465807495],[132.193093333,34.466061108],[132.193113606,34.466145559],[132.193161388,34.466213054],[132.193266393,34.466391387],[132.193324449,34.466550558],[132.1933562,34.466666668],[132.193358328,34.466674441],[132.193338054,34.467029441],[132.193385552,34.467333613],[132.193385551,34.467547495],[132.19339917,34.467727775],[132.193424448,34.467838892],[132.19345528,34.467895829],[132.19349389,34.467943054],[132.193582776,34.468003613],[132.193630272,34.468031946],[132.193908612,34.468093892],[132.194058054,34.46815],[132.194289999,34.468246108],[132.194445551,34.468330279],[132.1945,34.468364162],[132.194663061,34.468505001],[132.194764721,34.468627224],[132.194820272,34.468733613],[132.194875551,34.468888333],[132.194970272,34.469281667],[132.194993891,34.469436387],[132.194993891,34.469565279],[132.194962503,34.469726668],[132.194918884,34.469862225],[132.194818612,34.47009028],[132.194763332,34.470235279],[132.194601946,34.470774161],[132.19456166,34.470899722],[132.194530272,34.471070829],[132.194522218,34.471209162],[132.194540558,34.471370829],[132.194574722,34.471483612],[132.194816395,34.471898054],[132.194907497,34.472017495],[132.19501,34.472117495],[132.195098054,34.472193054],[132.195179171,34.472294441],[132.19522,34.472362225],[132.195236668,34.472443054],[132.195213333,34.472562775],[132.195111388,34.47279],[132.1951,34.472983333],[132.195113333,34.47308444],[132.195138611,34.473274441],[132.195213333,34.473589441],[132.19526083,34.473713333],[132.195362776,34.473944441],[132.19542389,34.474028892],[132.195526108,34.474160829],[132.195664449,34.474296387],[132.195892776,34.474485],[132.195960558,34.474560559],[132.196006939,34.474645829],[132.196053332,34.474847775],[132.196061971,34.475],[132.196062776,34.475014441],[132.196083061,34.475149441],[132.196137497,34.475312775],[132.196198612,34.475498614],[132.196273607,34.475847775],[132.196290558,34.47595528],[132.196286938,34.476039441],[132.19621917,34.476320829],[132.196205551,34.476421947],[132.196227782,34.476529721],[132.196260272,34.476632776],[132.196314163,34.476715],[132.196374449,34.476778054],[132.196483891,34.476895559],[132.196536939,34.476968613],[132.196573606,34.477065],[132.196576393,34.477079441],[132.196626667,34.477341108],[132.19664694,34.477441387],[132.196687782,34.477616108],[132.196735278,34.477711667],[132.196789728,34.477773613],[132.196895279,34.477861946],[132.196964994,34.477912225],[132.197115836,34.477976387],[132.197197497,34.478004721],[132.197408327,34.478089162],[132.197571388,34.478190559],[132.197656939,34.478268892],[132.197722504,34.478366667],[132.197775279,34.478511387],[132.197788885,34.478590279],[132.197870272,34.478775829],[132.19792083,34.478867496],[132.198009728,34.478962225],[132.198117782,34.479028333],[132.198280272,34.479094721],[132.198496939,34.479165829],[132.19863694,34.479222775],[132.199236108,34.479547495],[132.199400999,34.479617198],[132.19955555,34.479682495],[132.199641389,34.479735829],[132.199695551,34.479789441],[132.199753606,34.479871387],[132.199807497,34.479988054],[132.199847782,34.480183893],[132.199854722,34.480256946],[132.199854721,34.480504721],[132.199854721,34.480707494],[132.199861388,34.481062225],[132.199868327,34.481388613],[132.199895551,34.481512495],[132.199936667,34.481603054],[132.19998306,34.481678892],[132.2,34.481696386],[132.200083606,34.481782774],[132.20019166,34.481852225],[132.20031917,34.481918613],[132.200666939,34.482057495],[132.200819442,34.482092776],[132.201301115,34.482159163],[132.201440272,34.482199999],[132.20149083,34.482234162],[132.201529169,34.48226],[132.201610273,34.482342225],[132.201716667,34.482509441],[132.20177083,34.482633332],[132.201784448,34.482746108],[132.20186083,34.483043054],[132.201896395,34.483123333],[132.201934995,34.483176946],[132.20199528,34.483219162],[132.202233061,34.483325828],[132.202247276,34.483333332],[132.202398885,34.483413333],[132.202670558,34.483565279],[132.202763333,34.483613054],[132.202817497,34.483658055],[132.202883061,34.483735828],[132.202952776,34.483846108],[132.202994994,34.483969162],[132.203014449,34.484165],[132.203034721,34.484361946],[132.20305166,34.484435559],[132.203094163,34.484508333],[132.203156109,34.484558613],[132.20322166,34.484602775],[132.203256394,34.484653333],[132.203279728,34.484729162],[132.203252218,34.485358891],[132.203225551,34.485536946],[132.203177497,34.485707775],[132.20304166,34.486163892],[132.202954163,34.486310559],[132.202817223,34.486479162],[132.202681389,34.486670829],[132.202552218,34.486879162],[132.202476667,34.487003054],[132.202355279,34.487149441],[132.202280272,34.487233892],[132.201994994,34.487515558],[132.201705837,34.487725279],[132.201367782,34.487970279],[132.201108612,34.488158333],[132.200914722,34.488320559],[132.200615551,34.488568333],[132.200519443,34.488653892],[132.200422503,34.488749999],[132.200349727,34.488835],[132.20029917,34.488903333],[132.200256667,34.489007495],[132.200234994,34.489097774],[132.200234994,34.489210559],[132.200268885,34.489351108],[132.20029083,34.489518054],[132.200282503,34.489739721],[132.200214449,34.490184441],[132.200146667,34.490584441],[132.200092218,34.490770279],[132.200053606,34.490853891],[132.200003334,34.490929441],[132.200000001,34.490932162],[132.199922218,34.490995559],[132.199829442,34.491055829],[132.199701946,34.491115829],[132.199473891,34.491186945],[132.19930389,34.491237495],[132.199154449,34.491310829],[132.198998054,34.491423334],[132.198717977,34.491666667],[132.198576667,34.491789441],[132.198467782,34.492070829],[132.198413607,34.492253612],[132.198338886,34.492436946],[132.198305279,34.492521667],[132.198247497,34.49260056],[132.198168886,34.492679162],[132.198080558,34.492746667],[132.197686667,34.49299444],[132.197326394,34.493214162],[132.197171946,34.493362495],[132.197036667,34.493539162],[132.19694,34.493586667],[132.196851115,34.493608613],[132.196613061,34.493648334],[132.196520272,34.493686108],[132.196408054,34.493768054],[132.196266109,34.493912225],[132.196141388,34.494039441],[132.19604472,34.494093053],[132.195933061,34.494131666],[132.195858327,34.494148613],[132.19545917,34.494272225],[132.195373606,34.494308054],[132.195331388,34.494325829],[132.195253865,34.494376613],[132.195164994,34.494447225],[132.195090272,34.494526108],[132.194964163,34.494698333],[132.194883606,34.494873891],[132.194864163,34.494968333],[132.194825552,34.495034721],[132.194763606,34.495088333],[132.194647782,34.495145279],[132.19450083,34.495205],[132.194369442,34.495243054],[132.19418,34.495286388],[132.194084721,34.495297494],[132.193940558,34.495315559],[132.193758611,34.495314441],[132.193187498,34.495263892],[132.193092502,34.495258054],[132.192928613,34.495223613],[132.192754721,34.495182495],[132.192503606,34.495141666],[132.19231083,34.495134162],[132.192192776,34.495150278],[132.19211917,34.495181946],[132.192057497,34.495216668],[132.191923607,34.495359162],[132.191767497,34.495503613],[132.191666667,34.495563027],[132.191563333,34.495623893],[132.191427497,34.495713892],[132.191237224,34.495883055],[132.19085,34.49613083],[132.190496394,34.496367225],[132.190324163,34.496505],[132.19017694,34.496654441],[132.190071946,34.496789162],[132.189932502,34.496992495],[132.189708054,34.497335559],[132.189483891,34.49769056],[132.189239169,34.498017224],[132.189178054,34.498079162],[132.189092503,34.498140279],[132.188895279,34.498263333],[132.189092503,34.498228613],[132.189355279,34.498222495],[132.189629728,34.498200279],[132.189838326,34.498165559],[132.18998917,34.498127775],[132.190178612,34.498077225],[132.190283061,34.498023614],[132.190383333,34.49793528],[132.190483891,34.497802775],[132.19063917,34.497662226],[132.190904162,34.497515829],[132.191114994,34.497442775],[132.191374163,34.497402495],[132.191602218,34.497405559],[132.191666668,34.497422667],[132.191828327,34.497465559],[132.191964163,34.497521946],[132.192058327,34.497544441],[132.192185837,34.497547774],[132.192453606,34.497544441],[132.193078885,34.497482495],[132.193208054,34.497471108],[132.193588612,34.497409162],[132.193653333,34.497391946],[132.193695837,34.497354161],[132.193742217,34.497202775],[132.193753891,34.497032225],[132.193758612,34.496868613],[132.193776939,34.496805279],[132.193819442,34.496751387],[132.193865837,34.496701108],[132.193970271,34.496650559],[132.194128611,34.496606387],[132.194301947,34.496575559],[132.194879728,34.496496946],[132.195283891,34.496443054],[132.195511661,34.496434999],[132.196089443,34.496389721],[132.196334163,34.496401108],[132.196456395,34.496412495],[132.196755551,34.496468613],[132.197034994,34.496497225],[132.197104162,34.496516108],[132.19719306,34.496576108],[132.197251116,34.496648613],[132.197298884,34.496767226],[132.197312503,34.496874162],[132.197374721,34.497043053],[132.197421115,34.497125279],[132.197475837,34.497181667],[132.197584163,34.497247775],[132.197769728,34.497311108],[132.198196109,34.497381108],[132.198234994,34.497386667],[132.198393061,34.497409163],[132.198828054,34.497493613],[132.198904994,34.497540829],[132.199055838,34.497717774],[132.199174721,34.497899161],[132.199263061,34.498023054],[132.199419442,34.498191946],[132.19947389,34.498231387],[132.199554995,34.498270829],[132.2,34.498368919],[132.200091946,34.498389162],[132.20031611,34.498445559],[132.200472503,34.498462225],[132.200703605,34.498456667],[132.20126083,34.498338333],[132.201403606,34.498315829],[132.201512503,34.498321667],[132.201592776,34.498355279],[132.201865837,34.498524162],[132.202083606,34.498651947],[132.202377224,34.498778054],[132.202572503,34.498828333],[132.20279,34.498873333],[132.203000558,34.498941108],[132.203392503,34.499084999],[132.203584994,34.499194441],[132.203823061,34.499312775],[132.203938327,34.499402775],[132.203995551,34.499491946],[132.204003334,34.499567775],[132.203950052,34.500000001],[132.203945279,34.500038891],[132.203936939,34.50015],[132.203952503,34.500241667],[132.204006667,34.500348892],[132.204088054,34.500449999],[132.204210272,34.500545829],[132.20455166,34.500746387],[132.204719728,34.500911946],[132.204896395,34.501125829],[132.205128885,34.501513893],[132.20519445,34.501674721],[132.205236394,34.501846668],[132.205229442,34.501970559],[132.205195279,34.502146945],[132.205161115,34.502281946],[132.205118054,34.502380559],[132.20503472,34.502513613],[132.204968327,34.502608054],[132.20488166,34.502731667],[132.204782218,34.502856668],[132.204699442,34.50294472],[132.204392218,34.503226387],[132.204224448,34.503407495],[132.204166938,34.503534721],[132.204068885,34.503760279],[132.204011387,34.503896387],[132.204024995,34.504026108],[132.204127224,34.504223054],[132.204161115,34.504285],[132.204244994,34.504428054],[132.204477783,34.504667775],[132.204562218,34.504814163],[132.204623333,34.504966387],[132.204609729,34.505061946],[132.204555279,34.505197225],[132.204508326,34.505269721],[132.203983891,34.505715279],[132.203768054,34.506000829],[132.203753606,34.506095],[132.203786395,34.506156946],[132.204131946,34.506365],[132.204296939,34.506453333],[132.204398885,34.506531947],[132.204507782,34.506667225],[132.204705551,34.506996666],[132.204860272,34.507145],[132.205065551,34.50727528],[132.20512,34.507331667],[132.205147224,34.507376667],[132.205140558,34.507449721],[132.205024722,34.507601946],[132.204869441,34.507739441],[132.204632776,34.507888054],[132.204587782,34.507953333],[132.204596109,34.508058892],[132.204630272,34.508300279],[132.204638275,34.508333334],[132.204684721,34.508525559],[132.204824721,34.50888],[132.204911388,34.508977225],[132.205038327,34.509043613],[132.20516083,34.509083054],[132.20533083,34.509167495],[132.205419442,34.509218333],[132.20546694,34.509268892],[132.205691115,34.509767774],[132.205786667,34.509876946],[132.205841114,34.509910829],[132.205943332,34.509955829],[132.206126667,34.509972775],[132.206235551,34.510006667],[132.20644166,34.510125],[132.206726109,34.510344441],[132.20690895,34.510485306],[132.20702472,34.510552774],[132.207167497,34.510603612],[132.207296395,34.510625],[132.207479443,34.510621387],[132.207804449,34.510552775],[132.208058612,34.510614721],[132.208262776,34.510705001],[132.208333334,34.510744613],[132.208453333,34.510811946],[132.209160557,34.511076667],[132.209289728,34.511183613],[132.209344163,34.511256946],[132.209391946,34.511369441],[132.209398612,34.511425829],[132.20951083,34.511589441],[132.209747782,34.511782775],[132.210065279,34.511938333],[132.210371388,34.512067775],[132.210595551,34.512144721],[132.211015279,34.512268892],[132.211330831,34.51231583],[132.21156166,34.512332496],[132.212000272,34.512399721],[132.212241946,34.512495829],[132.212731946,34.512715559],[132.21291306,34.512837224],[132.213330559,34.513222495],[132.213541388,34.513453333],[132.213804721,34.513747774],[132.213969728,34.513851667],[132.214187497,34.513915278],[132.214527497,34.513977225],[132.214581946,34.513994162],[132.21483083,34.514092495],[132.215028054,34.514211947],[132.215201115,34.514399721],[132.215357497,34.514613613],[132.215413891,34.514652496],[132.215485837,34.514643333],[132.215534449,34.514613613],[132.215588884,34.514563054],[132.215684994,34.514469721],[132.21609917,34.514067225],[132.21618083,34.514016667],[132.21631,34.513965829],[132.216527782,34.513903891],[132.216666667,34.513839495],[132.217066395,34.513654162],[132.217439169,34.513537775],[132.217817782,34.513612226],[132.218166939,34.513723613],[132.218364163,34.513830829],[132.218502217,34.513892775],[132.218620557,34.513906108],[132.218743891,34.513847495],[132.218888054,34.513738054],[132.219010557,34.513611108],[132.219092218,34.513493054],[132.219186394,34.513251108],[132.219234449,34.513169721],[132.21931,34.513116667],[132.219383062,34.513097494],[132.21952083,34.513104441],[132.21999,34.513228334],[132.220338885,34.513284721],[132.220476667,34.513286108],[132.22057555,34.513259441],[132.220690557,34.513138333],[132.220894721,34.512817225],[132.221513891,34.511899163],[132.222092218,34.511060279],[132.222243607,34.510930279],[132.222389728,34.510873333],[132.222550272,34.510859721],[132.222948054,34.510918333],[132.223248716,34.510942973],[132.223649727,34.51097583],[132.224023607,34.510984441],[132.224125837,34.510986945],[132.224276667,34.510968614],[132.224403334,34.510925559],[132.22455,34.510805279],[132.224643061,34.510694162],[132.224765551,34.510570279],[132.224908327,34.510491387],[132.225,34.510458333],[132.225064721,34.510434999],[132.225792777,34.510384722],[132.225908327,34.51035083],[132.226017225,34.510300279],[132.226166939,34.510187495],[132.226248612,34.510097495],[132.226554449,34.509937495],[132.226921945,34.509810279],[132.227092218,34.509736946],[132.227275837,34.509601946],[132.227336939,34.509573612],[132.227489494,34.50953764],[132.227552503,34.509522775],[132.227758327,34.509511108],[132.228275551,34.509573612],[132.228683892,34.509573613],[132.229042219,34.509557495],[132.229534162,34.509421667],[132.229867497,34.509359721],[132.230017224,34.509354162],[132.230090558,34.509380559],[132.230348612,34.509557495],[132.230678054,34.509696388],[132.230969441,34.509748333],[132.231200557,34.509804721],[132.231363891,34.509872225],[132.231535836,34.510004721],[132.231656783,34.510098],[132.231674164,34.510111387],[132.231726939,34.510171386],[132.231861946,34.510489441],[132.231935279,34.510649441],[132.232003334,34.5107],[132.232139442,34.510750829],[132.232398054,34.510761946],[132.232445551,34.510773333],[132.232790829,34.510837225],[132.233105551,34.51101],[132.233221115,34.511055],[132.233333334,34.511049919],[132.233343607,34.511049441],[132.233568054,34.510936667],[132.233568612,34.510936108],[132.233622503,34.510886108],[132.233858611,34.510716667],[132.23416,34.510401946],[132.234472503,34.510125829],[132.234667498,34.509982775],[132.234754721,34.509874999],[132.234771946,34.509444441],[132.23484,34.509162776],[132.234860272,34.509123333],[132.234927224,34.509020279],[132.235118885,34.508908613],[132.235452218,34.508796667],[132.235649442,34.508717775],[132.23588083,34.508650279],[132.236627275,34.508333333],[132.236901388,34.508216946],[132.237778885,34.507850829],[132.237887782,34.5078],[132.238006031,34.507758027],[132.238383891,34.507623892],[132.238976394,34.507479162],[132.239385551,34.507507225],[132.240030557,34.507704441],[132.240392775,34.507854162],[132.240663061,34.507997225],[132.24079917,34.508070559],[132.241098612,34.508233892],[132.241254864,34.508333334],[132.241291946,34.508356946],[132.241611947,34.508698613],[132.241666667,34.508780469],[132.241910558,34.509145279],[132.241914994,34.509151946],[132.242067782,34.509442225],[132.242343606,34.510210279],[132.242400829,34.510427775],[132.24240083,34.510643893],[132.242350272,34.510835559],[132.242241388,34.511088892],[132.242139442,34.511269162],[132.241978885,34.511467774],[132.241706109,34.511650279],[132.241666667,34.51166964],[132.241438611,34.511781666],[132.241391114,34.51181],[132.241316394,34.511894441],[132.241221116,34.512040829],[132.241135279,34.512170279],[132.241110272,34.512392775],[132.241139443,34.512688333],[132.241159729,34.512789721],[132.241153061,34.512874163],[132.241064449,34.512941668],[132.240928612,34.512981108],[132.240655279,34.513014161],[132.240415551,34.513101947],[132.240200558,34.513302226],[132.24001,34.51355],[132.239867497,34.513759162],[132.239807782,34.514030829],[132.239812776,34.514248333],[132.239833061,34.514394721],[132.23984,34.514546946],[132.239764994,34.514748333],[132.239581388,34.514980559],[132.239486109,34.515188613],[132.239458885,34.515273054],[132.239424993,34.515498333],[132.239438612,34.516512225],[132.239465694,34.516666668],[132.239474994,34.516719721],[132.23955306,34.516956667],[132.239617224,34.517045559],[132.239683332,34.517137495],[132.239853332,34.517300829],[132.239948612,34.517368333],[132.240217224,34.517583613],[132.240451946,34.517790829],[132.24078528,34.518094721],[132.240911388,34.51828],[132.241077783,34.518742225],[132.241132219,34.518832495],[132.241241115,34.518916945],[132.241418054,34.518995829],[132.241666667,34.519042973],[132.242308885,34.519164721],[132.242397497,34.519192774],[132.242465551,34.519237775],[132.242567498,34.519350559],[132.242559728,34.519508891],[132.242512218,34.519806667],[132.242526667,34.520077225],[132.242594721,34.520386946],[132.242650558,34.520524162],[132.242755837,34.520674721],[132.242907951,34.520753864],[132.242948612,34.520775],[132.24312528,34.520831667],[132.243322503,34.520876946],[132.243411116,34.520916386],[132.243458612,34.520944441],[132.243533606,34.521028891],[132.243650559,34.521211667],[132.243781946,34.521398053],[132.244193333,34.521772496],[132.24425472,34.521834441],[132.244349728,34.521991387],[132.244356109,34.522111108],[132.244330558,34.522241386],[132.244273333,34.522308613],[132.244132218,34.522526667],[132.244003061,34.522678893],[132.243938327,34.522892495],[132.243948612,34.523184441],[132.244026394,34.523396108],[132.244249442,34.523518892],[132.244353061,34.523590829],[132.244499442,34.523833334],[132.244576939,34.523916667],[132.244614994,34.523957495],[132.244730558,34.524047495],[132.244923606,34.524189721],[132.245223606,34.524364721],[132.245560558,34.524503613],[132.245846394,34.524661387],[132.246038611,34.524777225],[132.246287717,34.525],[132.246519728,34.525207494],[132.246744163,34.525393333],[132.247010559,34.525578054],[132.247234449,34.525741666],[132.247383891,34.525905829],[132.247492776,34.526075559],[132.247592776,34.526184721],[132.24769,34.526307225],[132.247907497,34.526487495],[132.247982218,34.526571946],[132.248111388,34.526684721],[132.248260272,34.52674944],[132.248302777,34.52706972],[132.248315551,34.527377495],[132.248342777,34.527540829],[132.248417782,34.527816387],[132.248468327,34.528310559],[132.248513061,34.528571387],[132.248662503,34.528779722],[132.249213606,34.529658333],[132.249359442,34.529813892],[132.249620829,34.529979162],[132.249839729,34.530052495],[132.250000001,34.530077892],[132.250125551,34.530097775],[132.250322776,34.530148333],[132.250536108,34.530184721],[132.25074166,34.53030472],[132.250807223,34.530422225],[132.250968885,34.530587775],[132.251091387,34.530700279],[132.251261388,34.530768054],[132.251461115,34.530812225],[132.251635278,34.530921667],[132.251826109,34.531071946],[132.251928054,34.531111387],[132.252050558,34.531133892],[132.252152776,34.531122495],[132.252271659,34.531070829],[132.252488327,34.530889162],[132.252656939,34.530828612],[132.252805279,34.530854162],[132.252935279,34.530903054],[132.253350272,34.531117225],[132.253752503,34.531364442],[132.254016939,34.531449162],[132.254241115,34.531483054],[132.254376394,34.531475559],[132.254445279,34.531471667],[132.255048611,34.531353892],[132.255457224,34.531306667],[132.255479442,34.531305],[132.255643606,34.531292225],[132.255941115,34.531317495],[132.256203333,34.531404442],[132.256918885,34.531701387],[132.257209728,34.53183944],[132.257348054,34.531944442],[132.257650001,34.532249162],[132.257748612,34.532407495],[132.258333333,34.532752054],[132.258588612,34.532902495],[132.258697496,34.532981387],[132.259177498,34.533274441],[132.259246226,34.533333333],[132.259466393,34.533521946],[132.25965,34.533651667],[132.259854721,34.533760559],[132.26024166,34.53386],[132.260915551,34.534040279],[132.261173606,34.534135829],[132.261298327,34.534277494],[132.261480272,34.534485279],[132.261616394,34.534609162],[132.261738885,34.534665279],[132.261942503,34.534704721],[132.262320272,34.534746108],[132.262738612,34.534755559],[132.262894994,34.534795],[132.26297,34.534834441],[132.263119728,34.534958333],[132.263205279,34.535023054],[132.263352503,34.535027775],[132.263622504,34.534951946],[132.263784449,34.534861946],[132.263895279,34.53480056],[132.264160558,34.534671108],[132.264405551,34.534589441],[132.264585551,34.534586946],[132.264717497,34.534721667],[132.265038327,34.535110279],[132.265328886,34.535570559],[132.265562218,34.535870829],[132.265636667,34.535926946],[132.265741387,34.535961387],[132.265935551,34.535957776],[132.266251114,34.535893054],[132.266480558,34.535808892],[132.266666667,34.535719224],[132.266854721,34.535628613],[132.267389728,34.535483614],[132.267929728,34.535352495],[132.268052219,34.53533],[132.268441388,34.535279441],[132.268759728,34.535301946],[132.269236109,34.535301946],[132.269524994,34.535365559],[132.269927224,34.535579442],[132.270283606,34.535803054],[132.270644163,34.536022775],[132.270848612,34.536209441],[132.270984449,34.536419441],[132.2711,34.536924161],[132.271304164,34.537656108],[132.27135166,34.537779999],[132.271399442,34.537881386],[132.271528054,34.538100559],[132.271555837,34.538131107],[132.271715552,34.538305559],[132.272093333,34.538579721],[132.272174994,34.538653054],[132.27248166,34.538871387],[132.272604164,34.539024999],[132.272882503,34.539255559],[132.273066394,34.539345829],[132.273634722,34.539491109],[132.274025279,34.539565279],[132.274188612,34.539582225],[132.274394163,34.53960056],[132.274801388,34.539689721],[132.275,34.539689613],[132.275304449,34.539689441],[132.27559083,34.539657775],[132.275850558,34.539665],[132.275996666,34.539767495],[132.27613083,34.539953333],[132.276320559,34.540113055],[132.276574163,34.540248893],[132.277018885,34.540370829],[132.277093606,34.540432775],[132.27712083,34.540511667],[132.277127497,34.540691946],[132.277141115,34.540787775],[132.277227782,34.540931666],[132.277380558,34.541031667],[132.277644721,34.541142495],[132.277923606,34.541266387],[132.278086939,34.541367775],[132.278331971,34.541666667],[132.278457224,34.541819441],[132.278733333,34.54210528],[132.278828612,34.542184163],[132.278946394,34.542265829],[132.27907917,34.542243333],[132.279529442,34.542088892],[132.279862503,34.541965001],[132.280238053,34.541777496],[132.280402503,34.541695559],[132.280451193,34.541666667],[132.280869442,34.541418613],[132.281410272,34.541151946],[132.281529442,34.541131388],[132.28157694,34.541148055],[132.28181528,34.541288892],[132.28231,34.541606387],[132.282431051,34.541666667],[132.282577223,34.541739442],[132.282672503,34.541784721],[132.282794993,34.541846667],[132.283323061,34.542127495],[132.283333333,34.542132775],[132.283774449,34.542359163],[132.28425083,34.542683333],[132.284516109,34.542905559],[132.284733891,34.543130829],[132.28513083,34.543481108],[132.285536667,34.543733333],[132.285624994,34.543766946],[132.285976667,34.543825829],[132.286267223,34.543814721],[132.286604448,34.543767224],[132.286720272,34.543739162],[132.286934669,34.543664136],[132.28716917,34.543582225],[132.287516109,34.543513891],[132.287693061,34.543468892],[132.287985837,34.543406666],[132.288164994,34.543387495],[132.28844917,34.543364162],[132.288807496,34.543396667],[132.28910306,34.543480279],[132.289404448,34.543647495],[132.289626667,34.543867775],[132.289694721,34.543935279],[132.289972218,34.544144721],[132.290101388,34.544201108],[132.290297497,34.544232495],[132.290992777,34.544291108],[132.29111528,34.544330559],[132.291305837,34.544431946],[132.291428054,34.544538893],[132.291516109,34.544675279],[132.291613606,34.544990001],[132.291611946,34.545220279],[132.291652776,34.545541388],[132.291666667,34.545631693],[132.291721946,34.545991108],[132.291774994,34.546183333],[132.291829442,34.546307225],[132.291958613,34.546526946],[132.291985837,34.546594441],[132.292135837,34.546896667],[132.29216166,34.547056387],[132.292155837,34.547304162],[132.292183061,34.547394441],[132.29222389,34.547445001],[132.292468885,34.547456386],[132.292892504,34.547510829],[132.293142504,34.547563333],[132.293251388,34.547602775],[132.293339728,34.547653333],[132.293577782,34.547816667],[132.293685279,34.547908333],[132.293806109,34.548011667],[132.294123333,34.548186387],[132.294455279,34.548346108],[132.294584721,34.54838528],[132.295387497,34.548593893],[132.295693606,34.548582495],[132.295870558,34.548526387],[132.296096108,34.548469721],[132.296246109,34.548469721],[132.296333891,34.548483306],[132.296452503,34.548501666],[132.296673061,34.548582775],[132.296863606,34.548673054],[132.296992776,34.548746108],[132.297027224,34.548763613],[132.297492775,34.549000829],[132.298054163,34.549134441],[132.298666939,34.549281387],[132.298945552,34.549297774],[132.299258327,34.549388054],[132.3,34.549608776],[132.30012917,34.549647225],[132.300469442,34.549742775],[132.301133333,34.549904163],[132.301662893,34.550000001],[132.301673606,34.550001946],[132.302898053,34.550232776],[132.303638613,34.550369721],[132.303736667,34.550387776],[132.303821777,34.550412252],[132.304177225,34.550514441],[132.304966108,34.550717224],[132.30532,34.550784999],[132.305978327,34.550903054],[132.306585551,34.550993333],[132.307168884,34.551080829],[132.307394993,34.551128333],[132.307665279,34.551155],[132.30768083,34.551156667],[132.307863891,34.551184162],[132.308333333,34.551279108],[132.308615278,34.551336108],[132.309000558,34.551404441],[132.309623061,34.551503054],[132.310191114,34.551528333],[132.310354449,34.551522775],[132.311006394,34.551518054],[132.311415551,34.551528333],[132.311633333,34.551528334],[132.312517782,34.551584721],[132.31282389,34.551584721],[132.313463333,34.55157972],[132.313586108,34.551607225],[132.313694994,34.551652225],[132.313878612,34.551776108],[132.314021115,34.551843892],[132.314756109,34.552046666],[132.31496,34.552119721],[132.315191388,34.552238054],[132.315809729,34.552500279],[132.316008054,34.552576108],[132.316130272,34.552592775],[132.316348054,34.552587225],[132.316479442,34.552540279],[132.316666667,34.552435892],[132.316766394,34.552380279],[132.317029728,34.552203054],[132.317388885,34.552018613],[132.317951115,34.551670559],[132.318024163,34.551633054],[132.318096394,34.551596108],[132.318218885,34.551556667],[132.318320829,34.55154],[132.31851166,34.551547225],[132.318708054,34.551663613],[132.318850273,34.551839999],[132.318935837,34.552023614],[132.319042218,34.552255278],[132.319137497,34.552356667],[132.319327781,34.552486108],[132.319475837,34.552558613],[132.319638885,34.552712495],[132.319754163,34.552876946],[132.319797497,34.552998333],[132.319865279,34.553161667],[132.31994,34.553263053],[132.320014721,34.553341946],[132.320230272,34.553487776],[132.320562775,34.553602776],[132.320763332,34.553635],[132.321205914,34.553634999],[132.321253061,34.553635],[132.321756394,34.553577495],[132.322198885,34.55346583],[132.322280558,34.553449162],[132.32247917,34.553458054],[132.32284528,34.553663055],[132.323021946,34.553753333],[132.323212218,34.553815279],[132.323280273,34.553826387],[132.323523606,34.553818054],[132.323928054,34.55368],[132.324362218,34.553511109],[132.324498326,34.553443613],[132.324904722,34.553207775],[132.325,34.553165748],[132.325008612,34.553161945],[132.325498327,34.553021387],[132.325846109,34.552975],[132.326106938,34.553022495],[132.326471389,34.553066387],[132.32672306,34.553066387],[132.327089442,34.553042225],[132.327329728,34.553008892],[132.327444163,34.552993053],[132.327675279,34.552942494],[132.327920272,34.552874721],[132.328243891,34.552818892],[132.328627783,34.552801668],[132.328763891,34.552812775],[132.329043061,34.552857775],[132.329281389,34.552934721],[132.329528054,34.553129999],[132.329893333,34.553455001],[132.329947783,34.553516945],[132.330411388,34.553948613],[132.330539728,34.554102774],[132.330569442,34.554170558],[132.33085,34.554813613],[132.330954163,34.555052225],[132.331034163,34.555235279],[132.331077223,34.555221667],[132.331218327,34.555176946],[132.331771115,34.555082494],[132.332118054,34.554986667],[132.332231389,34.554968892],[132.332467224,34.554931667],[132.333333333,34.554863559],[132.333558885,34.554845829],[132.33366555,34.554843613],[132.3342,34.554832495],[132.334730271,34.554840559],[132.335744162,34.554885559],[132.335900558,34.554902495],[132.33783083,34.555159721],[132.338363606,34.555251667],[132.338720558,34.555285],[132.338962776,34.555356387],[132.339046109,34.55538083],[132.339295551,34.55537],[132.33971083,34.555338892],[132.339767224,34.555331946],[132.33994166,34.555310559],[132.340020272,34.555300829],[132.340310001,34.555238892],[132.340450558,34.555190828],[132.340473891,34.555182775],[132.340703891,34.555031947],[132.340891115,34.554858613],[132.341104163,34.554598054],[132.341257782,34.554393053],[132.34144083,34.554149162],[132.341666667,34.553792559],[132.341709442,34.553725001],[132.341921388,34.553329162],[132.342178613,34.552782775],[132.342257497,34.552615001],[132.342306666,34.552520829],[132.342432503,34.552280558],[132.342630558,34.551987225],[132.34277083,34.551868893],[132.343041661,34.551766668],[132.343094994,34.551758333],[132.343234721,34.551736109],[132.34333917,34.551741387],[132.343396939,34.551744441],[132.343512218,34.551769441],[132.343573606,34.551812225],[132.343642217,34.55186028],[132.343701946,34.551901946],[132.343893891,34.552049162],[132.34398306,34.552117775],[132.344053333,34.552156108],[132.344135279,34.552200558],[132.344277496,34.552255829],[132.344792776,34.552402225],[132.345711115,34.552644441],[132.345928885,34.552695],[132.346578885,34.552824722],[132.346901946,34.552886667],[132.34708555,34.552926108],[132.347702218,34.553063333],[132.347928884,34.55318528],[132.348111661,34.553311108],[132.348173891,34.553354162],[132.34868472,34.553683333],[132.348861115,34.553765279],[132.349194449,34.553934162],[132.34939917,34.554023333],[132.34957083,34.55409],[132.349951388,34.554213891],[132.35,34.554227559],[132.350531946,34.554377225],[132.351262776,34.55452],[132.351534995,34.554570829],[132.352126667,34.554608892],[132.352405551,34.554593333],[132.35250083,34.554570829],[132.352575837,34.554531388],[132.352784721,34.554395829],[132.352961389,34.554281108],[132.353151659,34.554160559],[132.35352,34.553927495],[132.354256394,34.553461387],[132.354446939,34.553366108],[132.354748885,34.553215279],[132.354810558,34.553178333],[132.355299728,34.552886947],[132.35539445,34.552839441],[132.355783605,34.552644721],[132.355951387,34.552586108],[132.356118327,34.552551387],[132.356434163,34.552485829],[132.356995279,34.552361109],[132.35755166,34.552276668],[132.358142218,34.552272775],[132.358333332,34.552292946],[132.358447496,34.552304999],[132.358713332,34.552393332],[132.358798611,34.552452775],[132.358980829,34.552579999],[132.359121388,34.55275528],[132.359290557,34.553124999],[132.359386939,34.553459442],[132.359345031,34.553798667],[132.35931472,34.554043053],[132.359204993,34.554346108],[132.359115279,34.55459444],[132.359092503,34.55464],[132.359048054,34.554729999],[132.359009728,34.554806946],[132.358999441,34.554827775],[132.358936109,34.554955],[132.358664994,34.555455],[132.358438885,34.555850559],[132.358372218,34.556057775],[132.358358612,34.556412495],[132.358390271,34.55692083],[132.358494721,34.557454442],[132.358539443,34.557653333],[132.358637782,34.557955559],[132.358753332,34.558180829],[132.358868885,34.558333054],[132.358869144,34.558333333],[132.359256394,34.558780279],[132.359397497,34.558898333],[132.359593332,34.558963333],[132.359647497,34.558981387],[132.359879442,34.559016667],[132.360154995,34.559065279],[132.360209442,34.559065279],[132.360237782,34.559064721],[132.360393606,34.559061387],[132.360508885,34.559059162],[132.360554722,34.559023614],[132.360643606,34.558954441],[132.360697497,34.558784161],[132.36081856,34.558333334],[132.36083528,34.558271108],[132.360896667,34.558079441],[132.360903333,34.558034441],[132.361059727,34.557426386],[132.361161947,34.557201109],[132.36118917,34.557122225],[132.361216394,34.55706028],[132.361303605,34.556834162],[132.361339728,34.55674083],[132.361522219,34.556267495],[132.361539999,34.556222225],[132.361721116,34.555758613],[132.361754994,34.555690559],[132.361940272,34.555316387],[132.362250272,34.554801946],[132.36251445,34.554388893],[132.362597224,34.554126386],[132.362604163,34.553850278],[132.362508886,34.553332225],[132.362393061,34.553073054],[132.362297782,34.552926667],[132.362230558,34.552822225],[132.362139728,34.552681668],[132.361941947,34.55247972],[132.361773061,34.552355279],[132.36157917,34.552278054]]},"properties":{"city_code":"34108","city_name":"佐伯区","prefecture_code":"34","prefecture_name":"広島県"}}],"name":"34100_hiroshima-shi_city_2022_border","type":"FeatureCollection"}